ISO-10303-21;
HEADER;
FILE_DESCRIPTION(('CATIA V5 STEP Exchange','CAx-IF Rec.Pracs.--- Model Styling and Organization---1.2---2011-12-15'),'2;1');

FILE_NAME ('D1453216_0_1605070000_1605070000.stp','2018-03-06T11:56:32+00:00',('none'),('Weidmueller'),'CATIA Version 5-6 Release 2014','CATIA V5 STEP AP214','none');

FILE_SCHEMA(('AUTOMOTIVE_DESIGN { 1 0 10303 214 1 1 1 1 }'));

ENDSEC;
DATA;
#5=PRODUCT('1605070000','DE_BLF7xx-180-HP','<Q-CHECKER_SEAL> Q-Checker Version 2.14.8  \X2\000D\X0\\X2\000A\X0\CATIA-Version         : Catia V5 R20 SP5 Build Date 01-14-2011.22.00\X2\000D\X0\\X2\000A\X0\Model size (in KByte) : 0\X2\000D\X0\\X2\000A\X0\Checking date         : 2013-07-11 12:01:27\X2\000D\X0\\X2\000A\X0\Checking profile      : ADMIN / Release_2D-3D [CATPart]\X2\000D\X0\\X2\000A\X0\Model assessment      : In Ordnung (IO)\X2\000D\X0\\X2\000A\X0\Total weight sum      : 0\X2\000D\X0\\X2\000A\X0\<CROSS_CHECK_SUM>\X2\000D\X0\\X2\000A\X0\  <CHKSUM_DATE> 44713202 </CHKSUM_DATE>\X2\000D\X0\\X2\000A\X0\  <CHKSUM_ENTITIES> -1413310739 </CHKSUM_ENTITIES>\X2\000D\X0\\X2\000A\X0\  <CHKSUM_PROFILE> 1594213346 </CHKSUM_PROFILE>\X2\000D\X0\\X2\000A\X0\  <CHKSUM_DIMENSION> -186917087 </CHKSUM_DIMENSION>\X2\000D\X0\\X2\000A\X0\  <CHKSUM_PROJINTERSEC> -896974048 </CHKSUM_PROJINTERSEC>\X2\000D\X0\\X2\000A\X0\  <CHKSUM_IDENTCRV> -896974048 </CHKSUM_IDENTCRV>\X2\000D\X0\\X2\000A\X0\  <CHKSUM_INFINITY> 138018827 </CHKSUM_INFINITY>\X2\000D\X0\\X2\000A\X0\</CROSS_CHECK_SUM>\X2\000D\X0\\X2\000A\X0\</Q-CHECKER_SEAL> \X2\000D\X0\\X2\000A\X0\ \X2\000D\X0\\X2\000A\X0\ \X2\000D\X0\\X2\000A\X0\ \X2\000D\X0\\X2\000A\X0\ \X2\000D\X0\\X2\000A\X0\ \X2\000D\X0\\X2\000A\X0\ \X2\000D\X0\\X2\000A\X0\ \X2\000D\X0\\X2\000A\X0\ \X2\000D\X0\\X2\000A\X0\ \X2\000D\X0\\X2\000A\X0\',(#2)) ;
#2=PRODUCT_CONTEXT(' ',#1,'mechanical') ;
#1=APPLICATION_CONTEXT('automotive design') ;
#10=PRODUCT_DEFINITION('',' ',#6,#3) ;
#3=PRODUCT_DEFINITION_CONTEXT('part definition',#1,' ') ;
#11=PRODUCT_DEFINITION_SHAPE(' ',' ',#10) ;
#3918=MECHANICAL_DESIGN_GEOMETRIC_PRESENTATION_REPRESENTATION(' ',(#29,#3509,#3726),#16) ;
#19=SHAPE_REPRESENTATION(' ',(#18),#16) ;
#18=AXIS2_PLACEMENT_3D(' ',#17,$,$) ;
#34=AXIS2_PLACEMENT_3D('Plane Axis2P3D',#31,#32,#33) ;
#74=AXIS2_PLACEMENT_3D('Plane Axis2P3D',#71,#72,#73) ;
#121=AXIS2_PLACEMENT_3D('Plane Axis2P3D',#118,#119,#120) ;
#153=AXIS2_PLACEMENT_3D('Plane Axis2P3D',#150,#151,#152) ;
#184=AXIS2_PLACEMENT_3D('Plane Axis2P3D',#181,#182,#183) ;
#235=AXIS2_PLACEMENT_3D('Plane Axis2P3D',#232,#233,#234) ;
#272=AXIS2_PLACEMENT_3D('Plane Axis2P3D',#269,#270,#271) ;
#284=AXIS2_PLACEMENT_3D('Plane Axis2P3D',#281,#282,#283) ;
#621=AXIS2_PLACEMENT_3D('Plane Axis2P3D',#618,#619,#620) ;
#793=AXIS2_PLACEMENT_3D('Plane Axis2P3D',#790,#791,#792) ;
#805=AXIS2_PLACEMENT_3D('Plane Axis2P3D',#802,#803,#804) ;
#836=AXIS2_PLACEMENT_3D('Plane Axis2P3D',#833,#834,#835) ;
#860=AXIS2_PLACEMENT_3D('Plane Axis2P3D',#857,#858,#859) ;
#884=AXIS2_PLACEMENT_3D('Plane Axis2P3D',#881,#882,#883) ;
#901=AXIS2_PLACEMENT_3D('Plane Axis2P3D',#898,#899,#900) ;
#905=AXIS2_PLACEMENT_3D('Circle Axis2P3D',#903,#904,$) ;
#926=AXIS2_PLACEMENT_3D('Circle Axis2P3D',#924,#925,$) ;
#940=AXIS2_PLACEMENT_3D('Plane Axis2P3D',#937,#938,#939) ;
#964=AXIS2_PLACEMENT_3D('Plane Axis2P3D',#961,#962,#963) ;
#968=AXIS2_PLACEMENT_3D('Circle Axis2P3D',#966,#967,$) ;
#1029=AXIS2_PLACEMENT_3D('Circle Axis2P3D',#1027,#1028,$) ;
#1130=AXIS2_PLACEMENT_3D('Circle Axis2P3D',#1128,#1129,$) ;
#1196=AXIS2_PLACEMENT_3D('Circle Axis2P3D',#1194,#1195,$) ;
#1247=AXIS2_PLACEMENT_3D('Plane Axis2P3D',#1244,#1245,#1246) ;
#1271=AXIS2_PLACEMENT_3D('Plane Axis2P3D',#1268,#1269,#1270) ;
#1327=AXIS2_PLACEMENT_3D('Plane Axis2P3D',#1324,#1325,#1326) ;
#1344=AXIS2_PLACEMENT_3D('Plane Axis2P3D',#1341,#1342,#1343) ;
#1374=AXIS2_PLACEMENT_3D('Circle Axis2P3D',#1372,#1373,$) ;
#1387=AXIS2_PLACEMENT_3D('Plane Axis2P3D',#1384,#1385,#1386) ;
#1404=AXIS2_PLACEMENT_3D('Plane Axis2P3D',#1401,#1402,#1403) ;
#1456=AXIS2_PLACEMENT_3D('Plane Axis2P3D',#1453,#1454,#1455) ;
#1480=AXIS2_PLACEMENT_3D('Plane Axis2P3D',#1477,#1478,#1479) ;
#1513=AXIS2_PLACEMENT_3D('Plane Axis2P3D',#1510,#1511,#1512) ;
#1572=AXIS2_PLACEMENT_3D('Plane Axis2P3D',#1569,#1570,#1571) ;
#1595=AXIS2_PLACEMENT_3D('Circle Axis2P3D',#1593,#1594,$) ;
#1623=AXIS2_PLACEMENT_3D('Circle Axis2P3D',#1621,#1622,$) ;
#1637=AXIS2_PLACEMENT_3D('Circle Axis2P3D',#1635,#1636,$) ;
#1665=AXIS2_PLACEMENT_3D('Circle Axis2P3D',#1663,#1664,$) ;
#1708=AXIS2_PLACEMENT_3D('Plane Axis2P3D',#1705,#1706,#1707) ;
#1744=AXIS2_PLACEMENT_3D('Plane Axis2P3D',#1741,#1742,#1743) ;
#1804=AXIS2_PLACEMENT_3D('Plane Axis2P3D',#1801,#1802,#1803) ;
#1817=AXIS2_PLACEMENT_3D('Circle Axis2P3D',#1815,#1816,$) ;
#1859=AXIS2_PLACEMENT_3D('Circle Axis2P3D',#1857,#1858,$) ;
#1887=AXIS2_PLACEMENT_3D('Circle Axis2P3D',#1885,#1886,$) ;
#1901=AXIS2_PLACEMENT_3D('Circle Axis2P3D',#1899,#1900,$) ;
#1929=AXIS2_PLACEMENT_3D('Circle Axis2P3D',#1927,#1928,$) ;
#1971=AXIS2_PLACEMENT_3D('Circle Axis2P3D',#1969,#1970,$) ;
#2044=AXIS2_PLACEMENT_3D('Cylinder Axis2P3D',#2041,#2042,#2043) ;
#2063=AXIS2_PLACEMENT_3D('Plane Axis2P3D',#2060,#2061,#2062) ;
#2080=AXIS2_PLACEMENT_3D('Plane Axis2P3D',#2077,#2078,#2079) ;
#2109=AXIS2_PLACEMENT_3D('Plane Axis2P3D',#2106,#2107,#2108) ;
#2133=AXIS2_PLACEMENT_3D('Cylinder Axis2P3D',#2130,#2131,#2132) ;
#2145=AXIS2_PLACEMENT_3D('Plane Axis2P3D',#2142,#2143,#2144) ;
#2176=AXIS2_PLACEMENT_3D('Plane Axis2P3D',#2173,#2174,#2175) ;
#2200=AXIS2_PLACEMENT_3D('Plane Axis2P3D',#2197,#2198,#2199) ;
#2230=AXIS2_PLACEMENT_3D('Circle Axis2P3D',#2228,#2229,$) ;
#2258=AXIS2_PLACEMENT_3D('Circle Axis2P3D',#2256,#2257,$) ;
#2283=AXIS2_PLACEMENT_3D('Plane Axis2P3D',#2280,#2281,#2282) ;
#2300=AXIS2_PLACEMENT_3D('Plane Axis2P3D',#2297,#2298,#2299) ;
#2361=AXIS2_PLACEMENT_3D('Plane Axis2P3D',#2358,#2359,#2360) ;
#2378=AXIS2_PLACEMENT_3D('Cylinder Axis2P3D',#2375,#2376,#2377) ;
#2395=AXIS2_PLACEMENT_3D('Plane Axis2P3D',#2392,#2393,#2394) ;
#2412=AXIS2_PLACEMENT_3D('Plane Axis2P3D',#2409,#2410,#2411) ;
#2429=AXIS2_PLACEMENT_3D('Plane Axis2P3D',#2426,#2427,#2428) ;
#2446=AXIS2_PLACEMENT_3D('Cylinder Axis2P3D',#2443,#2444,#2445) ;
#2475=AXIS2_PLACEMENT_3D('Plane Axis2P3D',#2472,#2473,#2474) ;
#2521=AXIS2_PLACEMENT_3D('Plane Axis2P3D',#2518,#2519,#2520) ;
#2533=AXIS2_PLACEMENT_3D('Plane Axis2P3D',#2530,#2531,#2532) ;
#2545=AXIS2_PLACEMENT_3D('Plane Axis2P3D',#2542,#2543,#2544) ;
#2585=AXIS2_PLACEMENT_3D('Plane Axis2P3D',#2582,#2583,#2584) ;
#2616=AXIS2_PLACEMENT_3D('Plane Axis2P3D',#2613,#2614,#2615) ;
#2639=AXIS2_PLACEMENT_3D('Plane Axis2P3D',#2636,#2637,#2638) ;
#2672=AXIS2_PLACEMENT_3D('Plane Axis2P3D',#2669,#2670,#2671) ;
#2723=AXIS2_PLACEMENT_3D('Plane Axis2P3D',#2720,#2721,#2722) ;
#2740=AXIS2_PLACEMENT_3D('Plane Axis2P3D',#2737,#2738,#2739) ;
#2757=AXIS2_PLACEMENT_3D('Plane Axis2P3D',#2754,#2755,#2756) ;
#2770=AXIS2_PLACEMENT_3D('Plane Axis2P3D',#2767,#2768,#2769) ;
#2792=AXIS2_PLACEMENT_3D('Plane Axis2P3D',#2789,#2790,#2791) ;
#2809=AXIS2_PLACEMENT_3D('Plane Axis2P3D',#2806,#2807,#2808) ;
#2826=AXIS2_PLACEMENT_3D('Plane Axis2P3D',#2823,#2824,#2825) ;
#2838=AXIS2_PLACEMENT_3D('Plane Axis2P3D',#2835,#2836,#2837) ;
#2864=AXIS2_PLACEMENT_3D('Plane Axis2P3D',#2861,#2862,#2863) ;
#2923=AXIS2_PLACEMENT_3D('Plane Axis2P3D',#2920,#2921,#2922) ;
#2956=AXIS2_PLACEMENT_3D('Plane Axis2P3D',#2953,#2954,#2955) ;
#2993=AXIS2_PLACEMENT_3D('Circle Axis2P3D',#2991,#2992,$) ;
#3006=AXIS2_PLACEMENT_3D('Plane Axis2P3D',#3003,#3004,#3005) ;
#3023=AXIS2_PLACEMENT_3D('Plane Axis2P3D',#3020,#3021,#3022) ;
#3047=AXIS2_PLACEMENT_3D('Plane Axis2P3D',#3044,#3045,#3046) ;
#3103=AXIS2_PLACEMENT_3D('Plane Axis2P3D',#3100,#3101,#3102) ;
#3120=AXIS2_PLACEMENT_3D('Plane Axis2P3D',#3117,#3118,#3119) ;
#3132=AXIS2_PLACEMENT_3D('Plane Axis2P3D',#3129,#3130,#3131) ;
#3158=AXIS2_PLACEMENT_3D('Plane Axis2P3D',#3155,#3156,#3157) ;
#3187=AXIS2_PLACEMENT_3D('Plane Axis2P3D',#3184,#3185,#3186) ;
#3218=AXIS2_PLACEMENT_3D('Plane Axis2P3D',#3215,#3216,#3217) ;
#3249=AXIS2_PLACEMENT_3D('Plane Axis2P3D',#3246,#3247,#3248) ;
#3273=AXIS2_PLACEMENT_3D('Plane Axis2P3D',#3270,#3271,#3272) ;
#3297=AXIS2_PLACEMENT_3D('Cylinder Axis2P3D',#3294,#3295,#3296) ;
#3309=AXIS2_PLACEMENT_3D('Plane Axis2P3D',#3306,#3307,#3308) ;
#3326=AXIS2_PLACEMENT_3D('Plane Axis2P3D',#3323,#3324,#3325) ;
#3355=AXIS2_PLACEMENT_3D('Plane Axis2P3D',#3352,#3353,#3354) ;
#3379=AXIS2_PLACEMENT_3D('Cylinder Axis2P3D',#3376,#3377,#3378) ;
#3408=AXIS2_PLACEMENT_3D('Plane Axis2P3D',#3405,#3406,#3407) ;
#3437=AXIS2_PLACEMENT_3D('Cylinder Axis2P3D',#3434,#3435,#3436) ;
#3454=AXIS2_PLACEMENT_3D('Plane Axis2P3D',#3451,#3452,#3453) ;
#3466=AXIS2_PLACEMENT_3D('Plane Axis2P3D',#3463,#3464,#3465) ;
#3478=AXIS2_PLACEMENT_3D('Plane Axis2P3D',#3475,#3476,#3477) ;
#3514=AXIS2_PLACEMENT_3D('Plane Axis2P3D',#3511,#3512,#3513) ;
#3554=AXIS2_PLACEMENT_3D('Plane Axis2P3D',#3551,#3552,#3553) ;
#3594=AXIS2_PLACEMENT_3D('Plane Axis2P3D',#3591,#3592,#3593) ;
#3625=AXIS2_PLACEMENT_3D('Plane Axis2P3D',#3622,#3623,#3624) ;
#3656=AXIS2_PLACEMENT_3D('Plane Axis2P3D',#3653,#3654,#3655) ;
#3678=AXIS2_PLACEMENT_3D('Plane Axis2P3D',#3675,#3676,#3677) ;
#3700=AXIS2_PLACEMENT_3D('Plane Axis2P3D',#3697,#3698,#3699) ;
#3714=AXIS2_PLACEMENT_3D('Plane Axis2P3D',#3711,#3712,#3713) ;
#3887=AXIS2_PLACEMENT_3D('Plane Axis2P3D',#3884,#3885,#3886) ;
#3901=AXIS2_PLACEMENT_3D('Plane Axis2P3D',#3898,#3899,#3900) ;
#3915=AXIS2_PLACEMENT_3D('Axis System.1',#3912,#3913,#3914) ;
#17=CARTESIAN_POINT(' ',(0.,0.,0.)) ;
#31=CARTESIAN_POINT('Axis2P3D Location',(2.9625,1.19999999994,6.1875)) ;
#36=CARTESIAN_POINT('Line Origine',(2.9625,8.169,7.2125)) ;
#40=CARTESIAN_POINT('Vertex',(2.9625,6.65,7.2125)) ;
#42=CARTESIAN_POINT('Vertex',(2.9625,9.688,7.2125)) ;
#45=CARTESIAN_POINT('Line Origine',(2.9625,9.688,6.7)) ;
#49=CARTESIAN_POINT('Vertex',(2.9625,9.6875,6.1875)) ;
#52=CARTESIAN_POINT('Line Origine',(2.9625,8.16875,6.1875)) ;
#56=CARTESIAN_POINT('Vertex',(2.9625,6.65,6.1875)) ;
#59=CARTESIAN_POINT('Line Origine',(2.9625,6.65,6.7)) ;
#71=CARTESIAN_POINT('Axis2P3D Location',(1.9375,0.,7.2125)) ;
#76=CARTESIAN_POINT('Line Origine',(2.4505,11.05,7.2125)) ;
#80=CARTESIAN_POINT('Vertex',(1.938,11.05,7.2125)) ;
#82=CARTESIAN_POINT('Vertex',(2.963,11.05,7.2125)) ;
#85=CARTESIAN_POINT('Line Origine',(2.963,10.369,7.2125)) ;
#90=CARTESIAN_POINT('Line Origine',(2.45,6.65,7.2125)) ;
#94=CARTESIAN_POINT('Vertex',(1.9375,6.65,7.2125)) ;
#97=CARTESIAN_POINT('Line Origine',(1.9375,8.169,7.2125)) ;
#101=CARTESIAN_POINT('Vertex',(1.9375,9.688,7.2125)) ;
#104=CARTESIAN_POINT('Line Origine',(1.938,10.369,7.2125)) ;
#118=CARTESIAN_POINT('Axis2P3D Location',(2.963,11.4893624306,-2.69031897133E-017)) ;
#123=CARTESIAN_POINT('Line Origine',(2.963,11.05,5.20625)) ;
#127=CARTESIAN_POINT('Vertex',(2.963,11.05,3.2)) ;
#130=CARTESIAN_POINT('Line Origine',(2.963,10.369,3.2)) ;
#134=CARTESIAN_POINT('Vertex',(2.963,9.688,3.2)) ;
#137=CARTESIAN_POINT('Line Origine',(2.963,9.688,4.69375)) ;
#150=CARTESIAN_POINT('Axis2P3D Location',(1.9375,1.19999999994,6.1875)) ;
#155=CARTESIAN_POINT('Line Origine',(2.45,9.6875,6.1875)) ;
#159=CARTESIAN_POINT('Vertex',(1.9375,9.6875,6.1875)) ;
#162=CARTESIAN_POINT('Line Origine',(1.9375,8.16875,6.1875)) ;
#166=CARTESIAN_POINT('Vertex',(1.9375,6.65,6.1875)) ;
#169=CARTESIAN_POINT('Line Origine',(2.45,6.65,6.1875)) ;
#181=CARTESIAN_POINT('Axis2P3D Location',(-2.75,6.65,2.69422295812E-016)) ;
#186=CARTESIAN_POINT('Line Origine',(1.57499999977,6.65,6.7)) ;
#190=CARTESIAN_POINT('Vertex',(1.57499999977,6.65,7.57500000023)) ;
#192=CARTESIAN_POINT('Vertex',(1.57499999977,6.65,5.82499999977)) ;
#195=CARTESIAN_POINT('Line Origine',(2.45,6.65,5.82499999977)) ;
#199=CARTESIAN_POINT('Vertex',(3.32500000023,6.65,5.82499999977)) ;
#202=CARTESIAN_POINT('Line Origine',(3.32500000023,6.65,6.7)) ;
#206=CARTESIAN_POINT('Vertex',(3.32500000023,6.65,7.57500000023)) ;
#209=CARTESIAN_POINT('Line Origine',(2.45,6.65,7.57500000023)) ;
#220=CARTESIAN_POINT('Line Origine',(1.9375,6.65,6.7)) ;
#232=CARTESIAN_POINT('Axis2P3D Location',(1.938,9.688,8.33984470219E-017)) ;
#237=CARTESIAN_POINT('Line Origine',(1.938,10.369,3.2)) ;
#241=CARTESIAN_POINT('Vertex',(1.938,9.688,3.2)) ;
#243=CARTESIAN_POINT('Vertex',(1.938,11.05,3.2)) ;
#246=CARTESIAN_POINT('Line Origine',(1.938,11.05,5.20625)) ;
#251=CARTESIAN_POINT('Line Origine',(1.938,9.688,6.7)) ;
#256=CARTESIAN_POINT('Line Origine',(1.938,9.688,4.69375)) ;
#269=CARTESIAN_POINT('Axis2P3D Location',(1.9375,1.19999999994,7.2125)) ;
#281=CARTESIAN_POINT('Axis2P3D Location',(-2.75,11.05,10.65)) ;
#286=CARTESIAN_POINT('Line Origine',(4.9,11.05,9.4)) ;
#290=CARTESIAN_POINT('Vertex',(4.9,11.05,10.65)) ;
#292=CARTESIAN_POINT('Vertex',(4.9,11.05,8.15)) ;
#295=CARTESIAN_POINT('Line Origine',(5.1125,11.05,10.65)) ;
#299=CARTESIAN_POINT('Vertex',(5.325,11.05,10.65)) ;
#302=CARTESIAN_POINT('Line Origine',(5.325,11.05,9.15)) ;
#306=CARTESIAN_POINT('Vertex',(5.325,11.05,7.65)) ;
#309=CARTESIAN_POINT('Line Origine',(5.95,11.05,7.65)) ;
#313=CARTESIAN_POINT('Vertex',(6.575,11.05,7.65)) ;
#316=CARTESIAN_POINT('Line Origine',(6.575,11.05,9.15)) ;
#320=CARTESIAN_POINT('Vertex',(6.575,11.05,10.65)) ;
#323=CARTESIAN_POINT('Line Origine',(6.7875,11.05,10.65)) ;
#327=CARTESIAN_POINT('Vertex',(7.,11.05,10.65)) ;
#330=CARTESIAN_POINT('Line Origine',(7.,11.05,9.4)) ;
#334=CARTESIAN_POINT('Vertex',(7.,11.05,8.15)) ;
#337=CARTESIAN_POINT('Line Origine',(7.3375,11.05,8.15)) ;
#341=CARTESIAN_POINT('Vertex',(7.675,11.05,8.15)) ;
#344=CARTESIAN_POINT('Line Origine',(7.675,11.05,9.4)) ;
#348=CARTESIAN_POINT('Vertex',(7.675,11.05,10.65)) ;
#351=CARTESIAN_POINT('Line Origine',(8.0375,11.05,10.65)) ;
#355=CARTESIAN_POINT('Vertex',(8.4,11.05,10.65)) ;
#358=CARTESIAN_POINT('Line Origine',(8.4,11.05,6.925)) ;
#362=CARTESIAN_POINT('Vertex',(8.4,11.05,3.2)) ;
#365=CARTESIAN_POINT('Line Origine',(8.0375,11.05,3.2)) ;
#369=CARTESIAN_POINT('Vertex',(7.675,11.05,3.2)) ;
#372=CARTESIAN_POINT('Line Origine',(7.675,11.05,5.45)) ;
#376=CARTESIAN_POINT('Vertex',(7.675,11.05,7.7)) ;
#379=CARTESIAN_POINT('Line Origine',(7.3375,11.05,7.7)) ;
#383=CARTESIAN_POINT('Vertex',(7.,11.05,7.7)) ;
#386=CARTESIAN_POINT('Line Origine',(7.,11.05,5.45)) ;
#390=CARTESIAN_POINT('Vertex',(7.,11.05,3.2)) ;
#393=CARTESIAN_POINT('Line Origine',(6.731,11.05,3.2)) ;
#397=CARTESIAN_POINT('Vertex',(6.462,11.05,3.2)) ;
#400=CARTESIAN_POINT('Line Origine',(6.462,11.05,5.20625)) ;
#404=CARTESIAN_POINT('Vertex',(6.462,11.05,7.2125)) ;
#407=CARTESIAN_POINT('Line Origine',(5.9495,11.05,7.2125)) ;
#411=CARTESIAN_POINT('Vertex',(5.437,11.05,7.2125)) ;
#414=CARTESIAN_POINT('Line Origine',(5.437,11.05,5.20625)) ;
#418=CARTESIAN_POINT('Vertex',(5.437,11.05,3.2)) ;
#421=CARTESIAN_POINT('Line Origine',(5.1685,11.05,3.2)) ;
#425=CARTESIAN_POINT('Vertex',(4.9,11.05,3.2)) ;
#428=CARTESIAN_POINT('Line Origine',(4.9,11.05,5.45)) ;
#432=CARTESIAN_POINT('Vertex',(4.9,11.05,7.7)) ;
#435=CARTESIAN_POINT('Line Origine',(4.2,11.05,7.7)) ;
#439=CARTESIAN_POINT('Vertex',(3.5,11.05,7.7)) ;
#442=CARTESIAN_POINT('Line Origine',(3.5,11.05,5.45)) ;
#446=CARTESIAN_POINT('Vertex',(3.5,11.05,3.2)) ;
#449=CARTESIAN_POINT('Line Origine',(3.2315,11.05,3.2)) ;
#454=CARTESIAN_POINT('Line Origine',(1.669,11.05,3.2)) ;
#458=CARTESIAN_POINT('Vertex',(1.4,11.05,3.2)) ;
#461=CARTESIAN_POINT('Line Origine',(1.4,11.05,5.45)) ;
#465=CARTESIAN_POINT('Vertex',(1.4,11.05,7.7)) ;
#468=CARTESIAN_POINT('Line Origine',(1.0625,11.05,7.7)) ;
#472=CARTESIAN_POINT('Vertex',(0.724999999999,11.05,7.7)) ;
#475=CARTESIAN_POINT('Line Origine',(0.724999999999,11.05,5.45)) ;
#479=CARTESIAN_POINT('Vertex',(0.724999999999,11.05,3.2)) ;
#482=CARTESIAN_POINT('Line Origine',(0.3625,11.05,3.2)) ;
#486=CARTESIAN_POINT('Vertex',(4.4408920985E-016,11.05,3.2)) ;
#489=CARTESIAN_POINT('Line Origine',(4.4408920985E-016,11.05,6.925)) ;
#493=CARTESIAN_POINT('Vertex',(4.4408920985E-016,11.05,10.65)) ;
#496=CARTESIAN_POINT('Line Origine',(0.3625,11.05,10.65)) ;
#500=CARTESIAN_POINT('Vertex',(0.724999999999,11.05,10.65)) ;
#503=CARTESIAN_POINT('Line Origine',(0.724999999999,11.05,9.4)) ;
#507=CARTESIAN_POINT('Vertex',(0.724999999999,11.05,8.15)) ;
#510=CARTESIAN_POINT('Line Origine',(1.0625,11.05,8.15)) ;
#514=CARTESIAN_POINT('Vertex',(1.4,11.05,8.15)) ;
#517=CARTESIAN_POINT('Line Origine',(1.4,11.05,9.4)) ;
#521=CARTESIAN_POINT('Vertex',(1.4,11.05,10.65)) ;
#524=CARTESIAN_POINT('Line Origine',(1.6125,11.05,10.65)) ;
#528=CARTESIAN_POINT('Vertex',(1.825,11.05,10.65)) ;
#531=CARTESIAN_POINT('Line Origine',(1.825,11.05,9.15)) ;
#535=CARTESIAN_POINT('Vertex',(1.825,11.05,7.65)) ;
#538=CARTESIAN_POINT('Line Origine',(2.45,11.05,7.65)) ;
#542=CARTESIAN_POINT('Vertex',(3.075,11.05,7.65)) ;
#545=CARTESIAN_POINT('Line Origine',(3.075,11.05,9.15)) ;
#549=CARTESIAN_POINT('Vertex',(3.075,11.05,10.65)) ;
#552=CARTESIAN_POINT('Line Origine',(3.2875,11.05,10.65)) ;
#556=CARTESIAN_POINT('Vertex',(3.5,11.05,10.65)) ;
#559=CARTESIAN_POINT('Line Origine',(3.5,11.05,9.4)) ;
#563=CARTESIAN_POINT('Vertex',(3.5,11.05,8.15)) ;
#566=CARTESIAN_POINT('Line Origine',(4.2,11.05,8.15)) ;
#618=CARTESIAN_POINT('Axis2P3D Location',(-2.75,0.,3.2)) ;
#623=CARTESIAN_POINT('Line Origine',(4.30405392209,11.05,3.2)) ;
#627=CARTESIAN_POINT('Vertex',(4.2,11.05,3.2)) ;
#629=CARTESIAN_POINT('Vertex',(4.40810784417,11.05,3.2)) ;
#632=CARTESIAN_POINT('Line Origine',(4.40810784417,9.85,3.2)) ;
#636=CARTESIAN_POINT('Vertex',(4.40810784417,8.65,3.2)) ;
#639=CARTESIAN_POINT('Line Origine',(4.65405392209,8.65,3.2)) ;
#643=CARTESIAN_POINT('Vertex',(4.9,8.65,3.2)) ;
#646=CARTESIAN_POINT('Line Origine',(4.9,9.85,3.2)) ;
#651=CARTESIAN_POINT('Line Origine',(5.437,10.369,3.2)) ;
#655=CARTESIAN_POINT('Vertex',(5.4375,9.688,3.2)) ;
#658=CARTESIAN_POINT('Line Origine',(5.94975,9.688,3.2)) ;
#662=CARTESIAN_POINT('Vertex',(6.462,9.688,3.2)) ;
#665=CARTESIAN_POINT('Line Origine',(6.462,10.369,3.2)) ;
#670=CARTESIAN_POINT('Line Origine',(7.,9.85,3.2)) ;
#674=CARTESIAN_POINT('Vertex',(7.,8.65,3.2)) ;
#677=CARTESIAN_POINT('Line Origine',(7.3375,8.65,3.2)) ;
#681=CARTESIAN_POINT('Vertex',(7.675,8.65,3.2)) ;
#684=CARTESIAN_POINT('Line Origine',(7.675,9.85,3.2)) ;
#689=CARTESIAN_POINT('Line Origine',(8.4,5.525,3.2)) ;
#693=CARTESIAN_POINT('Vertex',(8.4,0.,3.2)) ;
#696=CARTESIAN_POINT('Line Origine',(4.2,0.,3.2)) ;
#700=CARTESIAN_POINT('Vertex',(0.,0.,3.2)) ;
#703=CARTESIAN_POINT('Line Origine',(4.4408920985E-016,5.525,3.2)) ;
#708=CARTESIAN_POINT('Line Origine',(0.724999999999,9.85,3.2)) ;
#712=CARTESIAN_POINT('Vertex',(0.724999999999,8.65,3.2)) ;
#715=CARTESIAN_POINT('Line Origine',(1.0625,8.65,3.2)) ;
#719=CARTESIAN_POINT('Vertex',(1.4,8.65,3.2)) ;
#722=CARTESIAN_POINT('Line Origine',(1.4,9.85,3.2)) ;
#727=CARTESIAN_POINT('Line Origine',(2.45025,9.688,3.2)) ;
#732=CARTESIAN_POINT('Line Origine',(3.5,9.85,3.2)) ;
#736=CARTESIAN_POINT('Vertex',(3.5,8.65,3.2)) ;
#739=CARTESIAN_POINT('Line Origine',(3.74594607791,8.65,3.2)) ;
#743=CARTESIAN_POINT('Vertex',(3.99189215583,8.65,3.2)) ;
#746=CARTESIAN_POINT('Line Origine',(3.99189215583,9.85,3.2)) ;
#750=CARTESIAN_POINT('Vertex',(3.99189215583,11.05,3.2)) ;
#753=CARTESIAN_POINT('Line Origine',(4.09594607791,11.05,3.2)) ;
#790=CARTESIAN_POINT('Axis2P3D Location',(1.938,9.688,8.33984470219E-017)) ;
#802=CARTESIAN_POINT('Axis2P3D Location',(1.57499999977,7.95,7.57500000023)) ;
#807=CARTESIAN_POINT('Line Origine',(1.57499999977,7.3,7.57500000023)) ;
#811=CARTESIAN_POINT('Vertex',(1.57499999977,7.95,7.57500000023)) ;
#814=CARTESIAN_POINT('Line Origine',(1.57499999977,7.95,6.7)) ;
#818=CARTESIAN_POINT('Vertex',(1.57499999977,7.95,5.82499999977)) ;
#821=CARTESIAN_POINT('Line Origine',(1.57499999977,7.3,5.82499999977)) ;
#833=CARTESIAN_POINT('Axis2P3D Location',(3.32500000023,7.95,5.82499999977)) ;
#838=CARTESIAN_POINT('Line Origine',(2.45,7.95,5.82499999977)) ;
#842=CARTESIAN_POINT('Vertex',(3.32500000023,7.95,5.82499999977)) ;
#845=CARTESIAN_POINT('Line Origine',(3.32500000023,7.3,5.82499999977)) ;
#857=CARTESIAN_POINT('Axis2P3D Location',(3.32500000023,7.95,5.82499999977)) ;
#862=CARTESIAN_POINT('Line Origine',(3.32500000023,7.95,6.7)) ;
#866=CARTESIAN_POINT('Vertex',(3.32500000023,7.95,7.57500000023)) ;
#869=CARTESIAN_POINT('Line Origine',(3.32500000023,7.3,7.57500000023)) ;
#881=CARTESIAN_POINT('Axis2P3D Location',(1.57499999977,7.95,7.57500000023)) ;
#886=CARTESIAN_POINT('Line Origine',(2.45,7.95,7.57500000023)) ;
#898=CARTESIAN_POINT('Axis2P3D Location',(7.7,0.,8.15)) ;
#903=CARTESIAN_POINT('Axis2P3D Location',(4.2,10.2962875664,8.15)) ;
#907=CARTESIAN_POINT('Vertex',(4.57587704831,10.1594795091,8.15)) ;
#909=CARTESIAN_POINT('Vertex',(4.2,9.89628756645,8.15)) ;
#912=CARTESIAN_POINT('Line Origine',(4.73793852416,10.6047397546,8.15)) ;
#917=CARTESIAN_POINT('Line Origine',(3.66206147584,10.6047397546,8.15)) ;
#921=CARTESIAN_POINT('Vertex',(3.82412295169,10.1594795091,8.15)) ;
#924=CARTESIAN_POINT('Axis2P3D Location',(4.2,10.2962875664,8.15)) ;
#937=CARTESIAN_POINT('Axis2P3D Location',(3.5,11.05,10.65)) ;
#942=CARTESIAN_POINT('Line Origine',(3.66206147584,10.6047397546,10.65)) ;
#946=CARTESIAN_POINT('Vertex',(3.82412295169,10.1594795091,10.65)) ;
#949=CARTESIAN_POINT('Line Origine',(3.82412295169,10.1594795091,9.4)) ;
#961=CARTESIAN_POINT('Axis2P3D Location',(-2.75,11.05,10.65)) ;
#966=CARTESIAN_POINT('Axis2P3D Location',(4.2,10.2962875664,10.65)) ;
#970=CARTESIAN_POINT('Vertex',(4.2,9.89628756645,10.65)) ;
#973=CARTESIAN_POINT('Line Origine',(3.075,10.2,10.65)) ;
#977=CARTESIAN_POINT('Vertex',(3.075,9.35,10.65)) ;
#980=CARTESIAN_POINT('Line Origine',(3.3875,9.35,10.65)) ;
#984=CARTESIAN_POINT('Vertex',(3.7,9.35,10.65)) ;
#987=CARTESIAN_POINT('Line Origine',(3.7,9.,10.65)) ;
#991=CARTESIAN_POINT('Vertex',(3.7,8.65,10.65)) ;
#994=CARTESIAN_POINT('Line Origine',(2.45,8.65,10.65)) ;
#998=CARTESIAN_POINT('Vertex',(1.2,8.65,10.65)) ;
#1001=CARTESIAN_POINT('Line Origine',(1.2,9.,10.65)) ;
#1005=CARTESIAN_POINT('Vertex',(1.2,9.35,10.65)) ;
#1008=CARTESIAN_POINT('Line Origine',(1.5125,9.35,10.65)) ;
#1012=CARTESIAN_POINT('Vertex',(1.825,9.35,10.65)) ;
#1015=CARTESIAN_POINT('Line Origine',(1.825,10.2,10.65)) ;
#1020=CARTESIAN_POINT('Line Origine',(1.23793852416,10.6047397546,10.65)) ;
#1024=CARTESIAN_POINT('Vertex',(1.07587704831,10.1594795091,10.65)) ;
#1027=CARTESIAN_POINT('Axis2P3D Location',(0.7,10.2962875664,10.65)) ;
#1031=CARTESIAN_POINT('Vertex',(0.724999999999,9.89706958088,10.65)) ;
#1034=CARTESIAN_POINT('Line Origine',(0.724999999999,10.4735347904,10.65)) ;
#1039=CARTESIAN_POINT('Line Origine',(4.4408920985E-016,5.525,10.65)) ;
#1043=CARTESIAN_POINT('Vertex',(4.4408920985E-016,4.56180932682E-016,10.65)) ;
#1046=CARTESIAN_POINT('Line Origine',(1.025,0.,10.65)) ;
#1050=CARTESIAN_POINT('Vertex',(2.05,4.56180932682E-016,10.65)) ;
#1053=CARTESIAN_POINT('Line Origine',(2.05,2.525,10.65)) ;
#1057=CARTESIAN_POINT('Vertex',(2.05,5.05,10.65)) ;
#1060=CARTESIAN_POINT('Line Origine',(2.45,5.05,10.65)) ;
#1064=CARTESIAN_POINT('Vertex',(2.85,5.05,10.65)) ;
#1067=CARTESIAN_POINT('Line Origine',(2.85,2.525,10.65)) ;
#1071=CARTESIAN_POINT('Vertex',(2.85,4.56180932682E-016,10.65)) ;
#1074=CARTESIAN_POINT('Line Origine',(3.525,0.,10.65)) ;
#1078=CARTESIAN_POINT('Vertex',(4.2,4.56180932682E-016,10.65)) ;
#1081=CARTESIAN_POINT('Line Origine',(4.875,0.,10.65)) ;
#1085=CARTESIAN_POINT('Vertex',(5.55,4.56180932682E-016,10.65)) ;
#1088=CARTESIAN_POINT('Line Origine',(5.55,2.525,10.65)) ;
#1092=CARTESIAN_POINT('Vertex',(5.55,5.05,10.65)) ;
#1095=CARTESIAN_POINT('Line Origine',(5.95,5.05,10.65)) ;
#1099=CARTESIAN_POINT('Vertex',(6.35,5.05,10.65)) ;
#1102=CARTESIAN_POINT('Line Origine',(6.35,2.525,10.65)) ;
#1106=CARTESIAN_POINT('Vertex',(6.35,4.56180932682E-016,10.65)) ;
#1109=CARTESIAN_POINT('Line Origine',(7.375,0.,10.65)) ;
#1113=CARTESIAN_POINT('Vertex',(8.4,4.56180932682E-016,10.65)) ;
#1116=CARTESIAN_POINT('Line Origine',(8.4,5.525,10.65)) ;
#1121=CARTESIAN_POINT('Line Origine',(7.675,10.4735347904,10.65)) ;
#1125=CARTESIAN_POINT('Vertex',(7.675,9.89706958088,10.65)) ;
#1128=CARTESIAN_POINT('Axis2P3D Location',(7.7,10.2962875664,10.65)) ;
#1132=CARTESIAN_POINT('Vertex',(7.32412295169,10.1594795091,10.65)) ;
#1135=CARTESIAN_POINT('Line Origine',(7.16206147584,10.6047397546,10.65)) ;
#1140=CARTESIAN_POINT('Line Origine',(6.575,10.2,10.65)) ;
#1144=CARTESIAN_POINT('Vertex',(6.575,9.35,10.65)) ;
#1147=CARTESIAN_POINT('Line Origine',(6.8875,9.35,10.65)) ;
#1151=CARTESIAN_POINT('Vertex',(7.2,9.35,10.65)) ;
#1154=CARTESIAN_POINT('Line Origine',(7.2,9.,10.65)) ;
#1158=CARTESIAN_POINT('Vertex',(7.2,8.65,10.65)) ;
#1161=CARTESIAN_POINT('Line Origine',(5.95,8.65,10.65)) ;
#1165=CARTESIAN_POINT('Vertex',(4.7,8.65,10.65)) ;
#1168=CARTESIAN_POINT('Line Origine',(4.7,9.,10.65)) ;
#1172=CARTESIAN_POINT('Vertex',(4.7,9.35,10.65)) ;
#1175=CARTESIAN_POINT('Line Origine',(5.0125,9.35,10.65)) ;
#1179=CARTESIAN_POINT('Vertex',(5.325,9.35,10.65)) ;
#1182=CARTESIAN_POINT('Line Origine',(5.325,10.2,10.65)) ;
#1187=CARTESIAN_POINT('Line Origine',(4.73793852416,10.6047397546,10.65)) ;
#1191=CARTESIAN_POINT('Vertex',(4.57587704831,10.1594795091,10.65)) ;
#1194=CARTESIAN_POINT('Axis2P3D Location',(4.2,10.2962875664,10.65)) ;
#1244=CARTESIAN_POINT('Axis2P3D Location',(3.075,11.05,10.65)) ;
#1249=CARTESIAN_POINT('Line Origine',(3.075,10.2,7.65)) ;
#1253=CARTESIAN_POINT('Vertex',(3.075,9.35,7.65)) ;
#1256=CARTESIAN_POINT('Line Origine',(3.075,9.35,9.15)) ;
#1268=CARTESIAN_POINT('Axis2P3D Location',(2.45,0.,7.65)) ;
#1273=CARTESIAN_POINT('Line Origine',(1.825,10.2,7.65)) ;
#1277=CARTESIAN_POINT('Vertex',(1.825,9.35,7.65)) ;
#1280=CARTESIAN_POINT('Line Origine',(1.5125,9.35,7.65)) ;
#1284=CARTESIAN_POINT('Vertex',(1.2,9.35,7.65)) ;
#1287=CARTESIAN_POINT('Line Origine',(1.2,9.,7.65)) ;
#1291=CARTESIAN_POINT('Vertex',(1.2,8.65,7.65)) ;
#1294=CARTESIAN_POINT('Line Origine',(2.45,8.65,7.65)) ;
#1298=CARTESIAN_POINT('Vertex',(3.7,8.65,7.65)) ;
#1301=CARTESIAN_POINT('Line Origine',(3.7,9.,7.65)) ;
#1305=CARTESIAN_POINT('Vertex',(3.7,9.35,7.65)) ;
#1308=CARTESIAN_POINT('Line Origine',(3.3875,9.35,7.65)) ;
#1324=CARTESIAN_POINT('Axis2P3D Location',(1.825,9.35,10.65)) ;
#1329=CARTESIAN_POINT('Line Origine',(1.825,9.35,9.15)) ;
#1341=CARTESIAN_POINT('Axis2P3D Location',(1.4,11.05,10.65)) ;
#1346=CARTESIAN_POINT('Line Origine',(1.23793852416,10.6047397546,8.15)) ;
#1350=CARTESIAN_POINT('Vertex',(1.07587704831,10.1594795091,8.15)) ;
#1353=CARTESIAN_POINT('Line Origine',(1.07587704831,10.1594795091,9.4)) ;
#1365=CARTESIAN_POINT('Line Origine',(0.724999999999,10.4735347904,8.15)) ;
#1369=CARTESIAN_POINT('Vertex',(0.724999999999,9.89706958088,8.15)) ;
#1372=CARTESIAN_POINT('Axis2P3D Location',(0.7,10.2962875664,8.15)) ;
#1384=CARTESIAN_POINT('Axis2P3D Location',(0.724999999999,11.05,10.65)) ;
#1389=CARTESIAN_POINT('Line Origine',(0.724999999999,9.89706958088,9.4)) ;
#1401=CARTESIAN_POINT('Axis2P3D Location',(0.,-2.37656135559,8.22139769384E-016)) ;
#1406=CARTESIAN_POINT('Line Origine',(0.,4.24033954205E-016,6.925)) ;
#1418=CARTESIAN_POINT('Line Origine',(0.724999999999,10.55,7.7)) ;
#1422=CARTESIAN_POINT('Vertex',(0.724999999999,10.05,7.7)) ;
#1425=CARTESIAN_POINT('Line Origine',(0.724999999999,10.05,5.9)) ;
#1429=CARTESIAN_POINT('Vertex',(0.724999999999,10.05,4.1)) ;
#1432=CARTESIAN_POINT('Line Origine',(0.724999999999,9.35,4.1)) ;
#1436=CARTESIAN_POINT('Vertex',(0.724999999999,8.65,4.1)) ;
#1439=CARTESIAN_POINT('Line Origine',(0.724999999999,8.65,3.65)) ;
#1453=CARTESIAN_POINT('Axis2P3D Location',(1.4,11.05,7.7)) ;
#1458=CARTESIAN_POINT('Line Origine',(1.0625,10.05,7.7)) ;
#1462=CARTESIAN_POINT('Vertex',(1.4,10.05,7.7)) ;
#1465=CARTESIAN_POINT('Line Origine',(1.4,10.55,7.7)) ;
#1477=CARTESIAN_POINT('Axis2P3D Location',(1.4,11.05,4.1)) ;
#1482=CARTESIAN_POINT('Line Origine',(1.4,8.65,3.65)) ;
#1486=CARTESIAN_POINT('Vertex',(1.4,8.65,4.1)) ;
#1489=CARTESIAN_POINT('Line Origine',(1.4,9.35,4.1)) ;
#1493=CARTESIAN_POINT('Vertex',(1.4,10.05,4.1)) ;
#1496=CARTESIAN_POINT('Line Origine',(1.4,10.05,5.9)) ;
#1510=CARTESIAN_POINT('Axis2P3D Location',(3.5,11.05,7.7)) ;
#1515=CARTESIAN_POINT('Line Origine',(3.5,10.55,7.7)) ;
#1519=CARTESIAN_POINT('Vertex',(3.5,10.05,7.7)) ;
#1522=CARTESIAN_POINT('Line Origine',(3.5,10.05,5.9)) ;
#1526=CARTESIAN_POINT('Vertex',(3.5,10.05,4.1)) ;
#1529=CARTESIAN_POINT('Line Origine',(3.5,9.35,4.1)) ;
#1533=CARTESIAN_POINT('Vertex',(3.5,8.65,4.1)) ;
#1536=CARTESIAN_POINT('Line Origine',(3.5,8.65,3.65)) ;
#1550=CARTESIAN_POINT('Line Origine',(4.2,10.05,7.7)) ;
#1554=CARTESIAN_POINT('Vertex',(4.9,10.05,7.7)) ;
#1557=CARTESIAN_POINT('Line Origine',(4.9,10.55,7.7)) ;
#1569=CARTESIAN_POINT('Axis2P3D Location',(-2.75,0.,3.2)) ;
#1574=CARTESIAN_POINT('Line Origine',(8.4,2.28090466341E-016,6.925)) ;
#1579=CARTESIAN_POINT('Line Origine',(6.35,4.37811230695E-016,10.35)) ;
#1583=CARTESIAN_POINT('Vertex',(6.35,4.19441528708E-016,10.05)) ;
#1586=CARTESIAN_POINT('Line Origine',(6.51691278312,4.02407428243E-016,9.77181202813)) ;
#1590=CARTESIAN_POINT('Vertex',(6.68382556106,9.88821366817E-016,9.49362405858)) ;
#1593=CARTESIAN_POINT('Axis2P3D Location',(5.95,2.84730380802E-016,7.85)) ;
#1597=CARTESIAN_POINT('Vertex',(7.29164078685,0.,9.05)) ;
#1600=CARTESIAN_POINT('Line Origine',(7.59582039363,3.58209188751E-016,9.05)) ;
#1604=CARTESIAN_POINT('Vertex',(7.9,0.,9.05)) ;
#1607=CARTESIAN_POINT('Line Origine',(7.9,1.92881870867E-016,6.35000000001)) ;
#1611=CARTESIAN_POINT('Vertex',(7.90000000042,0.,3.65000000003)) ;
#1614=CARTESIAN_POINT('Line Origine',(7.61238759934,2.75545529827E-017,3.65000000003)) ;
#1618=CARTESIAN_POINT('Vertex',(7.3247751979,6.12323399592E-017,3.65000000003)) ;
#1621=CARTESIAN_POINT('Axis2P3D Location',(5.95,-3.36777869765E-017,2.65)) ;
#1625=CARTESIAN_POINT('Vertex',(4.5752248021,0.,3.65000000003)) ;
#1628=CARTESIAN_POINT('Line Origine',(4.2,2.75545529827E-017,3.65000000003)) ;
#1632=CARTESIAN_POINT('Vertex',(3.8247751979,0.,3.65000000003)) ;
#1635=CARTESIAN_POINT('Axis2P3D Location',(2.45,-3.36777869765E-017,2.65)) ;
#1639=CARTESIAN_POINT('Vertex',(1.07522480175,0.,3.65000000003)) ;
#1642=CARTESIAN_POINT('Line Origine',(0.787612400665,2.75545529827E-017,3.65000000003)) ;
#1646=CARTESIAN_POINT('Vertex',(0.5,-3.30654635768E-016,3.65000000003)) ;
#1649=CARTESIAN_POINT('Line Origine',(0.5,1.92881870867E-016,6.35000000001)) ;
#1653=CARTESIAN_POINT('Vertex',(0.499999999583,0.,9.05)) ;
#1656=CARTESIAN_POINT('Line Origine',(0.804179606367,3.58209188751E-016,9.05)) ;
#1660=CARTESIAN_POINT('Vertex',(1.1083592135,9.61657227649E-016,9.05)) ;
#1663=CARTESIAN_POINT('Axis2P3D Location',(2.45,2.84730380802E-016,7.85)) ;
#1667=CARTESIAN_POINT('Vertex',(1.71617443376,0.,9.49362405626)) ;
#1670=CARTESIAN_POINT('Line Origine',(1.88308721688,4.02407428243E-016,9.77181202813)) ;
#1674=CARTESIAN_POINT('Vertex',(2.05,4.19441528708E-016,10.05)) ;
#1677=CARTESIAN_POINT('Line Origine',(2.05,4.37811230695E-016,10.35)) ;
#1705=CARTESIAN_POINT('Axis2P3D Location',(3.7,8.65,10.65)) ;
#1710=CARTESIAN_POINT('Line Origine',(1.0625,8.65,4.1)) ;
#1722=CARTESIAN_POINT('Line Origine',(3.74594607791,8.65,4.1)) ;
#1726=CARTESIAN_POINT('Vertex',(3.99189215583,8.65,4.1)) ;
#1729=CARTESIAN_POINT('Line Origine',(3.99189215583,8.65,3.65)) ;
#1741=CARTESIAN_POINT('Axis2P3D Location',(3.99189215583,11.05,4.1)) ;
#1746=CARTESIAN_POINT('Line Origine',(3.99189215583,9.35,4.1)) ;
#1750=CARTESIAN_POINT('Vertex',(3.99189215583,10.05,4.1)) ;
#1753=CARTESIAN_POINT('Line Origine',(3.99189215583,10.05,4.35)) ;
#1757=CARTESIAN_POINT('Vertex',(3.99189215583,10.05,4.6)) ;
#1760=CARTESIAN_POINT('Line Origine',(3.99189215583,10.55,4.6)) ;
#1764=CARTESIAN_POINT('Vertex',(3.99189215583,11.05,4.6)) ;
#1767=CARTESIAN_POINT('Line Origine',(3.99189215583,11.05,3.9)) ;
#1781=CARTESIAN_POINT('Line Origine',(4.40810784417,11.05,3.9)) ;
#1785=CARTESIAN_POINT('Vertex',(4.40810784417,11.05,4.6)) ;
#1788=CARTESIAN_POINT('Line Origine',(4.2,11.05,4.6)) ;
#1801=CARTESIAN_POINT('Axis2P3D Location',(5.95,7.95,6.7)) ;
#1806=CARTESIAN_POINT('Line Origine',(4.2,7.95,9.05)) ;
#1810=CARTESIAN_POINT('Vertex',(4.6083592135,7.95,9.05)) ;
#1812=CARTESIAN_POINT('Vertex',(3.7916407865,7.95,9.05)) ;
#1815=CARTESIAN_POINT('Axis2P3D Location',(2.45,7.95,7.85)) ;
#1819=CARTESIAN_POINT('Vertex',(3.18382556371,7.95,9.49362405739)) ;
#1822=CARTESIAN_POINT('Line Origine',(3.01691278312,7.95,9.77181202813)) ;
#1826=CARTESIAN_POINT('Vertex',(2.85,7.95,10.05)) ;
#1829=CARTESIAN_POINT('Line Origine',(2.85,7.95,10.1)) ;
#1833=CARTESIAN_POINT('Vertex',(2.85,7.95,10.15)) ;
#1836=CARTESIAN_POINT('Line Origine',(2.45,7.95,10.15)) ;
#1840=CARTESIAN_POINT('Vertex',(2.05,7.95,10.15)) ;
#1843=CARTESIAN_POINT('Line Origine',(2.05,7.95,10.1)) ;
#1847=CARTESIAN_POINT('Vertex',(2.05,7.95,10.05)) ;
#1850=CARTESIAN_POINT('Line Origine',(1.88308721688,7.95,9.77181202813)) ;
#1854=CARTESIAN_POINT('Vertex',(1.71617443376,7.95,9.49362405626)) ;
#1857=CARTESIAN_POINT('Axis2P3D Location',(2.45,7.95,7.85)) ;
#1861=CARTESIAN_POINT('Vertex',(1.1083592135,7.95,9.05)) ;
#1864=CARTESIAN_POINT('Line Origine',(0.804179606367,7.95,9.05)) ;
#1868=CARTESIAN_POINT('Vertex',(0.499999999583,7.95,9.05)) ;
#1871=CARTESIAN_POINT('Line Origine',(0.5,7.95,6.35000000001)) ;
#1875=CARTESIAN_POINT('Vertex',(0.5,7.95,3.65000000003)) ;
#1878=CARTESIAN_POINT('Line Origine',(0.787612400665,7.95,3.65000000003)) ;
#1882=CARTESIAN_POINT('Vertex',(1.07522480175,7.95,3.65000000003)) ;
#1885=CARTESIAN_POINT('Axis2P3D Location',(2.45,7.95,2.65)) ;
#1889=CARTESIAN_POINT('Vertex',(3.8247751979,7.95,3.65000000003)) ;
#1892=CARTESIAN_POINT('Line Origine',(4.2,7.95,3.65000000003)) ;
#1896=CARTESIAN_POINT('Vertex',(4.5752248021,7.95,3.65000000003)) ;
#1899=CARTESIAN_POINT('Axis2P3D Location',(5.95,7.95,2.65)) ;
#1903=CARTESIAN_POINT('Vertex',(7.3247751979,7.95,3.65000000003)) ;
#1906=CARTESIAN_POINT('Line Origine',(7.61238759934,7.95,3.65000000003)) ;
#1910=CARTESIAN_POINT('Vertex',(7.90000000042,7.95,3.65000000003)) ;
#1913=CARTESIAN_POINT('Line Origine',(7.9,7.95,6.35000000001)) ;
#1917=CARTESIAN_POINT('Vertex',(7.9,7.95,9.05)) ;
#1920=CARTESIAN_POINT('Line Origine',(7.59582039363,7.95,9.05)) ;
#1924=CARTESIAN_POINT('Vertex',(7.29164078685,7.95,9.05)) ;
#1927=CARTESIAN_POINT('Axis2P3D Location',(5.95,7.95,7.85)) ;
#1931=CARTESIAN_POINT('Vertex',(6.68382556106,7.95,9.49362405858)) ;
#1934=CARTESIAN_POINT('Line Origine',(6.51691278312,7.95,9.77181202813)) ;
#1938=CARTESIAN_POINT('Vertex',(6.35,7.95,10.05)) ;
#1941=CARTESIAN_POINT('Line Origine',(6.35,7.95,10.1)) ;
#1945=CARTESIAN_POINT('Vertex',(6.35,7.95,10.15)) ;
#1948=CARTESIAN_POINT('Line Origine',(5.95,7.95,10.15)) ;
#1952=CARTESIAN_POINT('Vertex',(5.55,7.95,10.15)) ;
#1955=CARTESIAN_POINT('Line Origine',(5.55,7.95,10.1)) ;
#1959=CARTESIAN_POINT('Vertex',(5.55,7.95,10.05)) ;
#1962=CARTESIAN_POINT('Line Origine',(5.38308721688,7.95,9.77181202813)) ;
#1966=CARTESIAN_POINT('Vertex',(5.21617443376,7.95,9.49362405626)) ;
#1969=CARTESIAN_POINT('Axis2P3D Location',(5.95,7.95,7.85)) ;
#2000=CARTESIAN_POINT('Line Origine',(5.95,7.95,7.57500000023)) ;
#2004=CARTESIAN_POINT('Vertex',(6.82500000023,7.95,7.57500000023)) ;
#2006=CARTESIAN_POINT('Vertex',(5.07499999977,7.95,7.57500000023)) ;
#2009=CARTESIAN_POINT('Line Origine',(6.82500000023,7.95,6.7)) ;
#2013=CARTESIAN_POINT('Vertex',(6.82500000023,7.95,5.82499999977)) ;
#2016=CARTESIAN_POINT('Line Origine',(5.95,7.95,5.82499999977)) ;
#2020=CARTESIAN_POINT('Vertex',(5.07499999977,7.95,5.82499999977)) ;
#2023=CARTESIAN_POINT('Line Origine',(5.07499999977,7.95,6.7)) ;
#2041=CARTESIAN_POINT('Axis2P3D Location',(4.2,10.2962875664,8.78999999988)) ;
#2046=CARTESIAN_POINT('Line Origine',(4.57587704831,10.1594795091,8.78999999988)) ;
#2060=CARTESIAN_POINT('Axis2P3D Location',(1.2,9.35,10.65)) ;
#2065=CARTESIAN_POINT('Line Origine',(3.7,9.35,9.15)) ;
#2077=CARTESIAN_POINT('Axis2P3D Location',(3.7,9.35,10.65)) ;
#2082=CARTESIAN_POINT('Line Origine',(3.7,8.65,9.15)) ;
#2094=CARTESIAN_POINT('Line Origine',(1.2,8.65,9.15)) ;
#2106=CARTESIAN_POINT('Axis2P3D Location',(1.2,8.65,10.65)) ;
#2111=CARTESIAN_POINT('Line Origine',(1.2,9.35,9.15)) ;
#2130=CARTESIAN_POINT('Axis2P3D Location',(0.7,10.2962875664,8.78999999988)) ;
#2142=CARTESIAN_POINT('Axis2P3D Location',(2.05,0.,10.05)) ;
#2147=CARTESIAN_POINT('Line Origine',(2.05,3.975,10.05)) ;
#2152=CARTESIAN_POINT('Line Origine',(2.05,6.5,10.15)) ;
#2156=CARTESIAN_POINT('Vertex',(2.05,5.05,10.15)) ;
#2159=CARTESIAN_POINT('Line Origine',(2.05,5.05,10.4)) ;
#2173=CARTESIAN_POINT('Axis2P3D Location',(5.95,5.05,6.7)) ;
#2178=CARTESIAN_POINT('Line Origine',(2.85,5.05,10.4)) ;
#2182=CARTESIAN_POINT('Vertex',(2.85,5.05,10.15)) ;
#2185=CARTESIAN_POINT('Line Origine',(2.45,5.05,10.15)) ;
#2197=CARTESIAN_POINT('Axis2P3D Location',(2.85,0.,10.15)) ;
#2202=CARTESIAN_POINT('Line Origine',(2.85,3.975,10.05)) ;
#2206=CARTESIAN_POINT('Vertex',(2.85,4.19441528708E-016,10.05)) ;
#2209=CARTESIAN_POINT('Line Origine',(2.85,1.22464679915E-017,10.35)) ;
#2214=CARTESIAN_POINT('Line Origine',(2.85,6.5,10.15)) ;
#2228=CARTESIAN_POINT('Axis2P3D Location',(5.95,2.84730380802E-016,7.85)) ;
#2232=CARTESIAN_POINT('Vertex',(5.21617443376,0.,9.49362405626)) ;
#2234=CARTESIAN_POINT('Vertex',(4.6083592135,9.61657227649E-016,9.05)) ;
#2237=CARTESIAN_POINT('Line Origine',(5.38308721688,4.02407428243E-016,9.77181202813)) ;
#2241=CARTESIAN_POINT('Vertex',(5.55,4.19441528708E-016,10.05)) ;
#2244=CARTESIAN_POINT('Line Origine',(5.55,4.37811230695E-016,10.35)) ;
#2249=CARTESIAN_POINT('Line Origine',(3.01691278312,4.02407428243E-016,9.77181202813)) ;
#2253=CARTESIAN_POINT('Vertex',(3.18382556371,9.88821366744E-016,9.49362405739)) ;
#2256=CARTESIAN_POINT('Axis2P3D Location',(2.45,2.84730380802E-016,7.85)) ;
#2260=CARTESIAN_POINT('Vertex',(3.7916407865,0.,9.05)) ;
#2263=CARTESIAN_POINT('Line Origine',(4.2,3.58209188751E-016,9.05)) ;
#2280=CARTESIAN_POINT('Axis2P3D Location',(5.95,10.05,6.7)) ;
#2285=CARTESIAN_POINT('Line Origine',(1.0625,10.05,4.1)) ;
#2297=CARTESIAN_POINT('Axis2P3D Location',(0.724999999999,11.05,4.1)) ;
#2309=CARTESIAN_POINT('Line Origine',(4.9,10.05,5.9)) ;
#2313=CARTESIAN_POINT('Vertex',(4.9,10.05,4.1)) ;
#2316=CARTESIAN_POINT('Line Origine',(4.65405392209,10.05,4.1)) ;
#2320=CARTESIAN_POINT('Vertex',(4.40810784417,10.05,4.1)) ;
#2323=CARTESIAN_POINT('Line Origine',(4.40810784417,10.05,4.35)) ;
#2327=CARTESIAN_POINT('Vertex',(4.40810784417,10.05,4.6)) ;
#2330=CARTESIAN_POINT('Line Origine',(4.2,10.05,4.6)) ;
#2335=CARTESIAN_POINT('Line Origine',(3.74594607791,10.05,4.1)) ;
#2358=CARTESIAN_POINT('Axis2P3D Location',(1.71617443376,0.,9.49362405626)) ;
#2363=CARTESIAN_POINT('Line Origine',(1.71617443376,3.975,9.49362405626)) ;
#2375=CARTESIAN_POINT('Axis2P3D Location',(2.45,4.58500000012,7.85)) ;
#2380=CARTESIAN_POINT('Line Origine',(1.1083592135,4.58500000012,9.05)) ;
#2392=CARTESIAN_POINT('Axis2P3D Location',(14.9000000004,0.,9.05)) ;
#2397=CARTESIAN_POINT('Line Origine',(0.499999999583,3.975,9.05)) ;
#2409=CARTESIAN_POINT('Axis2P3D Location',(0.5,0.,9.05)) ;
#2414=CARTESIAN_POINT('Line Origine',(0.5,3.975,3.65000000003)) ;
#2426=CARTESIAN_POINT('Axis2P3D Location',(4.5752248021,0.,3.65000000003)) ;
#2431=CARTESIAN_POINT('Line Origine',(1.07522480175,3.975,3.65000000003)) ;
#2443=CARTESIAN_POINT('Axis2P3D Location',(2.45,4.58500000012,2.65)) ;
#2448=CARTESIAN_POINT('Line Origine',(3.8247751979,4.58500000012,3.65000000003)) ;
#2460=CARTESIAN_POINT('Line Origine',(4.5752248021,3.975,3.65000000003)) ;
#2472=CARTESIAN_POINT('Axis2P3D Location',(3.99189215583,11.05,4.6)) ;
#2477=CARTESIAN_POINT('Line Origine',(4.40810784417,10.55,4.6)) ;
#2489=CARTESIAN_POINT('Line Origine',(3.7916407865,3.975,9.05)) ;
#2494=CARTESIAN_POINT('Line Origine',(4.6083592135,3.975,9.05)) ;
#2506=CARTESIAN_POINT('Line Origine',(3.18382556371,4.58500000012,9.49362405739)) ;
#2518=CARTESIAN_POINT('Axis2P3D Location',(3.18382556624,0.,9.49362405626)) ;
#2530=CARTESIAN_POINT('Axis2P3D Location',(12.55,0.,10.15)) ;
#2542=CARTESIAN_POINT('Axis2P3D Location',(5.4375,1.19999999994,7.2125)) ;
#2547=CARTESIAN_POINT('Line Origine',(5.4375,8.16875,6.1875)) ;
#2551=CARTESIAN_POINT('Vertex',(5.4375,6.65,6.1875)) ;
#2553=CARTESIAN_POINT('Vertex',(5.4375,9.6875,6.1875)) ;
#2556=CARTESIAN_POINT('Line Origine',(5.4375,9.688,6.7)) ;
#2560=CARTESIAN_POINT('Vertex',(5.4375,9.688,7.2125)) ;
#2563=CARTESIAN_POINT('Line Origine',(5.4375,8.169,7.2125)) ;
#2567=CARTESIAN_POINT('Vertex',(5.4375,6.65,7.2125)) ;
#2570=CARTESIAN_POINT('Line Origine',(5.4375,6.65,6.7)) ;
#2582=CARTESIAN_POINT('Axis2P3D Location',(-5.0625,1.19999999994,6.1875)) ;
#2587=CARTESIAN_POINT('Line Origine',(6.4625,8.16875,6.1875)) ;
#2591=CARTESIAN_POINT('Vertex',(6.4625,6.65,6.1875)) ;
#2593=CARTESIAN_POINT('Vertex',(6.4625,9.6875,6.1875)) ;
#2596=CARTESIAN_POINT('Line Origine',(5.95,9.6875,6.1875)) ;
#2601=CARTESIAN_POINT('Line Origine',(5.95,6.65,6.1875)) ;
#2613=CARTESIAN_POINT('Axis2P3D Location',(5.437,11.4893624306,-2.69031897133E-017)) ;
#2618=CARTESIAN_POINT('Line Origine',(5.437,10.369,7.2125)) ;
#2623=CARTESIAN_POINT('Line Origine',(5.437,9.688,4.69375)) ;
#2636=CARTESIAN_POINT('Axis2P3D Location',(-5.0625,0.,7.2125)) ;
#2641=CARTESIAN_POINT('Line Origine',(6.462,10.369,7.2125)) ;
#2645=CARTESIAN_POINT('Vertex',(6.4625,9.688,7.2125)) ;
#2648=CARTESIAN_POINT('Line Origine',(6.4625,8.169,7.2125)) ;
#2652=CARTESIAN_POINT('Vertex',(6.4625,6.65,7.2125)) ;
#2655=CARTESIAN_POINT('Line Origine',(5.95,6.65,7.2125)) ;
#2669=CARTESIAN_POINT('Axis2P3D Location',(-9.75,6.65,2.69422295812E-016)) ;
#2674=CARTESIAN_POINT('Line Origine',(5.07499999977,6.65,6.7)) ;
#2678=CARTESIAN_POINT('Vertex',(5.07499999977,6.65,7.57500000023)) ;
#2680=CARTESIAN_POINT('Vertex',(5.07499999977,6.65,5.82499999977)) ;
#2683=CARTESIAN_POINT('Line Origine',(5.95,6.65,5.82499999977)) ;
#2687=CARTESIAN_POINT('Vertex',(6.82500000023,6.65,5.82499999977)) ;
#2690=CARTESIAN_POINT('Line Origine',(6.82500000023,6.65,6.7)) ;
#2694=CARTESIAN_POINT('Vertex',(6.82500000023,6.65,7.57500000023)) ;
#2697=CARTESIAN_POINT('Line Origine',(5.95,6.65,7.57500000023)) ;
#2708=CARTESIAN_POINT('Line Origine',(6.4625,6.65,6.7)) ;
#2720=CARTESIAN_POINT('Axis2P3D Location',(6.4625,1.19999999994,6.1875)) ;
#2725=CARTESIAN_POINT('Line Origine',(6.4625,9.688,6.7)) ;
#2737=CARTESIAN_POINT('Axis2P3D Location',(-5.062,9.688,8.33984470219E-017)) ;
#2742=CARTESIAN_POINT('Line Origine',(6.462,9.688,4.69375)) ;
#2754=CARTESIAN_POINT('Axis2P3D Location',(6.462,9.688,8.33984470219E-017)) ;
#2767=CARTESIAN_POINT('Axis2P3D Location',(5.07499999977,7.95,7.57500000023)) ;
#2772=CARTESIAN_POINT('Line Origine',(5.07499999977,7.3,7.57500000023)) ;
#2777=CARTESIAN_POINT('Line Origine',(5.07499999977,7.3,5.82499999977)) ;
#2789=CARTESIAN_POINT('Axis2P3D Location',(-3.67499999977,7.95,5.82499999977)) ;
#2794=CARTESIAN_POINT('Line Origine',(6.82500000023,7.3,5.82499999977)) ;
#2806=CARTESIAN_POINT('Axis2P3D Location',(6.82500000023,7.95,5.82499999977)) ;
#2811=CARTESIAN_POINT('Line Origine',(6.82500000023,7.3,7.57500000023)) ;
#2823=CARTESIAN_POINT('Axis2P3D Location',(-5.42500000023,7.95,7.57500000023)) ;
#2835=CARTESIAN_POINT('Axis2P3D Location',(4.9,11.05,7.7)) ;
#2840=CARTESIAN_POINT('Line Origine',(4.9,8.65,3.65)) ;
#2844=CARTESIAN_POINT('Vertex',(4.9,8.65,4.1)) ;
#2847=CARTESIAN_POINT('Line Origine',(4.9,9.35,4.1)) ;
#2861=CARTESIAN_POINT('Axis2P3D Location',(7.,11.05,4.1)) ;
#2866=CARTESIAN_POINT('Line Origine',(7.,10.55,7.7)) ;
#2870=CARTESIAN_POINT('Vertex',(7.,10.05,7.7)) ;
#2873=CARTESIAN_POINT('Line Origine',(7.,10.05,5.9)) ;
#2877=CARTESIAN_POINT('Vertex',(7.,10.05,4.1)) ;
#2880=CARTESIAN_POINT('Line Origine',(7.,9.35,4.1)) ;
#2884=CARTESIAN_POINT('Vertex',(7.,8.65,4.1)) ;
#2887=CARTESIAN_POINT('Line Origine',(7.,8.65,3.65)) ;
#2901=CARTESIAN_POINT('Line Origine',(7.675,10.55,7.7)) ;
#2905=CARTESIAN_POINT('Vertex',(7.675,10.05,7.7)) ;
#2908=CARTESIAN_POINT('Line Origine',(7.3375,10.05,7.7)) ;
#2920=CARTESIAN_POINT('Axis2P3D Location',(7.675,11.05,10.65)) ;
#2925=CARTESIAN_POINT('Line Origine',(7.675,8.65,3.65)) ;
#2929=CARTESIAN_POINT('Vertex',(7.675,8.65,4.1)) ;
#2932=CARTESIAN_POINT('Line Origine',(7.675,9.35,4.1)) ;
#2936=CARTESIAN_POINT('Vertex',(7.675,10.05,4.1)) ;
#2939=CARTESIAN_POINT('Line Origine',(7.675,10.05,5.9)) ;
#2953=CARTESIAN_POINT('Axis2P3D Location',(8.4,-3.03610057831,8.62524899285E-016)) ;
#2965=CARTESIAN_POINT('Line Origine',(7.675,10.4735347904,8.15)) ;
#2969=CARTESIAN_POINT('Vertex',(7.675,9.89706958088,8.15)) ;
#2972=CARTESIAN_POINT('Line Origine',(7.675,9.89706958088,9.4)) ;
#2984=CARTESIAN_POINT('Line Origine',(7.16206147584,10.6047397546,8.15)) ;
#2988=CARTESIAN_POINT('Vertex',(7.32412295169,10.1594795091,8.15)) ;
#2991=CARTESIAN_POINT('Axis2P3D Location',(7.7,10.2962875664,8.15)) ;
#3003=CARTESIAN_POINT('Axis2P3D Location',(7.,11.05,10.65)) ;
#3008=CARTESIAN_POINT('Line Origine',(7.32412295169,10.1594795091,9.4)) ;
#3020=CARTESIAN_POINT('Axis2P3D Location',(6.575,9.35,10.65)) ;
#3025=CARTESIAN_POINT('Line Origine',(6.575,9.35,9.15)) ;
#3029=CARTESIAN_POINT('Vertex',(6.575,9.35,7.65)) ;
#3032=CARTESIAN_POINT('Line Origine',(6.575,10.2,7.65)) ;
#3044=CARTESIAN_POINT('Axis2P3D Location',(-4.55,0.,7.65)) ;
#3049=CARTESIAN_POINT('Line Origine',(5.0125,9.35,7.65)) ;
#3053=CARTESIAN_POINT('Vertex',(5.325,9.35,7.65)) ;
#3055=CARTESIAN_POINT('Vertex',(4.7,9.35,7.65)) ;
#3058=CARTESIAN_POINT('Line Origine',(4.7,9.,7.65)) ;
#3062=CARTESIAN_POINT('Vertex',(4.7,8.65,7.65)) ;
#3065=CARTESIAN_POINT('Line Origine',(5.95,8.65,7.65)) ;
#3069=CARTESIAN_POINT('Vertex',(7.2,8.65,7.65)) ;
#3072=CARTESIAN_POINT('Line Origine',(7.2,9.,7.65)) ;
#3076=CARTESIAN_POINT('Vertex',(7.2,9.35,7.65)) ;
#3079=CARTESIAN_POINT('Line Origine',(6.8875,9.35,7.65)) ;
#3084=CARTESIAN_POINT('Line Origine',(5.325,10.2,7.65)) ;
#3100=CARTESIAN_POINT('Axis2P3D Location',(5.325,11.05,10.65)) ;
#3105=CARTESIAN_POINT('Line Origine',(5.325,9.35,9.15)) ;
#3117=CARTESIAN_POINT('Axis2P3D Location',(4.9,11.05,10.65)) ;
#3129=CARTESIAN_POINT('Axis2P3D Location',(4.40810784417,11.05,4.1)) ;
#3134=CARTESIAN_POINT('Line Origine',(4.40810784417,9.35,4.1)) ;
#3138=CARTESIAN_POINT('Vertex',(4.40810784417,8.65,4.1)) ;
#3141=CARTESIAN_POINT('Line Origine',(4.40810784417,8.65,3.65)) ;
#3155=CARTESIAN_POINT('Axis2P3D Location',(-3.3,8.65,10.65)) ;
#3160=CARTESIAN_POINT('Line Origine',(4.65405392209,8.65,4.1)) ;
#3172=CARTESIAN_POINT('Line Origine',(7.3375,8.65,4.1)) ;
#3184=CARTESIAN_POINT('Axis2P3D Location',(-6.275,11.05,4.1)) ;
#3196=CARTESIAN_POINT('Line Origine',(7.3375,10.05,4.1)) ;
#3215=CARTESIAN_POINT('Axis2P3D Location',(5.55,0.,10.15)) ;
#3220=CARTESIAN_POINT('Line Origine',(5.55,3.975,10.05)) ;
#3225=CARTESIAN_POINT('Line Origine',(5.55,6.5,10.15)) ;
#3229=CARTESIAN_POINT('Vertex',(5.55,5.05,10.15)) ;
#3232=CARTESIAN_POINT('Line Origine',(5.55,5.05,10.4)) ;
#3246=CARTESIAN_POINT('Axis2P3D Location',(-1.05,5.05,6.7)) ;
#3251=CARTESIAN_POINT('Line Origine',(6.35,5.05,10.4)) ;
#3255=CARTESIAN_POINT('Vertex',(6.35,5.05,10.15)) ;
#3258=CARTESIAN_POINT('Line Origine',(5.95,5.05,10.15)) ;
#3270=CARTESIAN_POINT('Axis2P3D Location',(6.35,0.,10.05)) ;
#3275=CARTESIAN_POINT('Line Origine',(6.35,3.975,10.05)) ;
#3280=CARTESIAN_POINT('Line Origine',(6.35,6.5,10.15)) ;
#3294=CARTESIAN_POINT('Axis2P3D Location',(7.7,10.2962875664,8.78999999988)) ;
#3306=CARTESIAN_POINT('Axis2P3D Location',(-5.8,9.35,10.65)) ;
#3311=CARTESIAN_POINT('Line Origine',(7.2,9.35,9.15)) ;
#3323=CARTESIAN_POINT('Axis2P3D Location',(7.2,8.65,10.65)) ;
#3328=CARTESIAN_POINT('Line Origine',(7.2,8.65,9.15)) ;
#3340=CARTESIAN_POINT('Line Origine',(4.7,8.65,9.15)) ;
#3352=CARTESIAN_POINT('Axis2P3D Location',(4.7,9.35,10.65)) ;
#3357=CARTESIAN_POINT('Line Origine',(4.7,9.35,9.15)) ;
#3376=CARTESIAN_POINT('Axis2P3D Location',(5.95,4.58500000012,2.65)) ;
#3381=CARTESIAN_POINT('Line Origine',(7.3247751979,4.58500000012,3.65000000003)) ;
#3393=CARTESIAN_POINT('Line Origine',(7.90000000042,3.975,3.65000000003)) ;
#3405=CARTESIAN_POINT('Axis2P3D Location',(7.9,0.,9.05)) ;
#3410=CARTESIAN_POINT('Line Origine',(7.9,3.975,9.05)) ;
#3422=CARTESIAN_POINT('Line Origine',(7.29164078685,3.975,9.05)) ;
#3434=CARTESIAN_POINT('Axis2P3D Location',(5.95,4.58500000012,7.85)) ;
#3439=CARTESIAN_POINT('Line Origine',(6.68382556106,4.58500000012,9.49362405858)) ;
#3451=CARTESIAN_POINT('Axis2P3D Location',(6.68382556624,0.,9.49362405626)) ;
#3463=CARTESIAN_POINT('Axis2P3D Location',(5.55,0.,10.15)) ;
#3475=CARTESIAN_POINT('Axis2P3D Location',(5.21617443376,0.,9.49362405626)) ;
#3480=CARTESIAN_POINT('Line Origine',(5.21617443376,3.975,9.49362405626)) ;
#3511=CARTESIAN_POINT('Axis2P3D Location',(2.9625,1.19999999994,7.2125)) ;
#3516=CARTESIAN_POINT('Line Origine',(2.45,10.7125,7.2125)) ;
#3520=CARTESIAN_POINT('Vertex',(2.9625,10.7125,7.2125)) ;
#3522=CARTESIAN_POINT('Vertex',(1.9375,10.7125,7.2125)) ;
#3525=CARTESIAN_POINT('Line Origine',(1.9375,5.95624999997,7.2125)) ;
#3529=CARTESIAN_POINT('Vertex',(1.9375,1.19999999994,7.2125)) ;
#3532=CARTESIAN_POINT('Line Origine',(2.45,1.19999999994,7.2125)) ;
#3536=CARTESIAN_POINT('Vertex',(2.9625,1.19999999994,7.2125)) ;
#3539=CARTESIAN_POINT('Line Origine',(2.9625,5.95624999997,7.2125)) ;
#3551=CARTESIAN_POINT('Axis2P3D Location',(1.9375,1.19999999994,6.1875)) ;
#3556=CARTESIAN_POINT('Line Origine',(2.45,9.6875,6.1875)) ;
#3560=CARTESIAN_POINT('Vertex',(1.9375,9.6875,6.1875)) ;
#3562=CARTESIAN_POINT('Vertex',(2.9625,9.6875,6.1875)) ;
#3565=CARTESIAN_POINT('Line Origine',(2.9625,5.44374999997,6.1875)) ;
#3569=CARTESIAN_POINT('Vertex',(2.9625,1.19999999994,6.1875)) ;
#3572=CARTESIAN_POINT('Line Origine',(2.45,1.19999999994,6.1875)) ;
#3576=CARTESIAN_POINT('Vertex',(1.9375,1.19999999994,6.1875)) ;
#3579=CARTESIAN_POINT('Line Origine',(1.9375,5.44374999997,6.1875)) ;
#3591=CARTESIAN_POINT('Axis2P3D Location',(2.9625,10.7125,7.225)) ;
#3596=CARTESIAN_POINT('Line Origine',(2.9625,10.7125,3.60625)) ;
#3600=CARTESIAN_POINT('Vertex',(2.9625,10.7125,2.06659147356E-017)) ;
#3603=CARTESIAN_POINT('Line Origine',(2.45,10.7125,0.)) ;
#3607=CARTESIAN_POINT('Vertex',(1.9375,10.7125,2.06659147356E-017)) ;
#3610=CARTESIAN_POINT('Line Origine',(1.9375,10.7125,3.60625)) ;
#3622=CARTESIAN_POINT('Axis2P3D Location',(1.9375,9.6875,7.225)) ;
#3627=CARTESIAN_POINT('Line Origine',(1.9375,9.6875,3.09375)) ;
#3631=CARTESIAN_POINT('Vertex',(1.9375,9.6875,8.34290631919E-017)) ;
#3634=CARTESIAN_POINT('Line Origine',(2.45,9.6875,0.)) ;
#3638=CARTESIAN_POINT('Vertex',(2.9625,9.6875,8.34290631919E-017)) ;
#3641=CARTESIAN_POINT('Line Origine',(2.9625,9.6875,3.09375)) ;
#3653=CARTESIAN_POINT('Axis2P3D Location',(-2.75,1.19999999994,6.03138548584E-016)) ;
#3658=CARTESIAN_POINT('Line Origine',(2.9625,1.19999999994,6.7)) ;
#3663=CARTESIAN_POINT('Line Origine',(1.9375,1.19999999994,6.7)) ;
#3675=CARTESIAN_POINT('Axis2P3D Location',(-2.75,3.5,4.62304166678E-016)) ;
#3680=CARTESIAN_POINT('Line Origine',(1.9375,10.2,5.20474889638E-017)) ;
#3685=CARTESIAN_POINT('Line Origine',(2.9625,10.2,5.20474889638E-017)) ;
#3697=CARTESIAN_POINT('Axis2P3D Location',(1.9375,1.19999999994,7.2125)) ;
#3711=CARTESIAN_POINT('Axis2P3D Location',(2.9625,1.19999999994,6.1875)) ;
#3728=CARTESIAN_POINT('Line Origine',(5.95,10.7125,7.2125)) ;
#3732=CARTESIAN_POINT('Vertex',(6.4625,10.7125,7.2125)) ;
#3734=CARTESIAN_POINT('Vertex',(5.4375,10.7125,7.2125)) ;
#3737=CARTESIAN_POINT('Line Origine',(5.4375,5.95624999997,7.2125)) ;
#3741=CARTESIAN_POINT('Vertex',(5.4375,1.19999999994,7.2125)) ;
#3744=CARTESIAN_POINT('Line Origine',(5.95,1.19999999994,7.2125)) ;
#3748=CARTESIAN_POINT('Vertex',(6.4625,1.19999999994,7.2125)) ;
#3751=CARTESIAN_POINT('Line Origine',(6.4625,5.95624999997,7.2125)) ;
#3763=CARTESIAN_POINT('Line Origine',(5.95,9.6875,6.1875)) ;
#3767=CARTESIAN_POINT('Vertex',(5.4375,9.6875,6.1875)) ;
#3769=CARTESIAN_POINT('Vertex',(6.4625,9.6875,6.1875)) ;
#3772=CARTESIAN_POINT('Line Origine',(6.4625,5.44374999997,6.1875)) ;
#3776=CARTESIAN_POINT('Vertex',(6.4625,1.19999999994,6.1875)) ;
#3779=CARTESIAN_POINT('Line Origine',(5.95,1.19999999994,6.1875)) ;
#3783=CARTESIAN_POINT('Vertex',(5.4375,1.19999999994,6.1875)) ;
#3786=CARTESIAN_POINT('Line Origine',(5.4375,5.44374999997,6.1875)) ;
#3798=CARTESIAN_POINT('Line Origine',(6.4625,10.7125,3.60625)) ;
#3802=CARTESIAN_POINT('Vertex',(6.4625,10.7125,2.06659147356E-017)) ;
#3805=CARTESIAN_POINT('Line Origine',(5.95,10.7125,0.)) ;
#3809=CARTESIAN_POINT('Vertex',(5.4375,10.7125,2.06659147356E-017)) ;
#3812=CARTESIAN_POINT('Line Origine',(5.4375,10.7125,3.60625)) ;
#3824=CARTESIAN_POINT('Line Origine',(5.4375,9.6875,3.09375)) ;
#3828=CARTESIAN_POINT('Vertex',(5.4375,9.6875,8.34290631919E-017)) ;
#3831=CARTESIAN_POINT('Line Origine',(5.95,9.6875,0.)) ;
#3835=CARTESIAN_POINT('Vertex',(6.4625,9.6875,8.34290631919E-017)) ;
#3838=CARTESIAN_POINT('Line Origine',(6.4625,9.6875,3.09375)) ;
#3850=CARTESIAN_POINT('Line Origine',(6.4625,1.19999999994,6.7)) ;
#3855=CARTESIAN_POINT('Line Origine',(5.4375,1.19999999994,6.7)) ;
#3867=CARTESIAN_POINT('Line Origine',(5.4375,10.2,5.20474889638E-017)) ;
#3872=CARTESIAN_POINT('Line Origine',(6.4625,10.2,5.20474889638E-017)) ;
#3884=CARTESIAN_POINT('Axis2P3D Location',(5.4375,1.19999999994,7.2125)) ;
#3898=CARTESIAN_POINT('Axis2P3D Location',(6.4625,1.19999999994,6.1875)) ;
#3912=CARTESIAN_POINT('Axis2P3D Location',(0.,0.,0.)) ;
#32=DIRECTION('Axis2P3D Direction',(-1.,0.,0.)) ;
#33=DIRECTION('Axis2P3D XDirection',(0.,6.12323399574E-017,1.)) ;
#37=DIRECTION('Vector Direction',(0.,1.,-2.92356293516E-016)) ;
#46=DIRECTION('Vector Direction',(0.,0.,-1.)) ;
#53=DIRECTION('Vector Direction',(0.,1.,-2.92404418008E-016)) ;
#60=DIRECTION('Vector Direction',(0.,0.,1.)) ;
#72=DIRECTION('Axis2P3D Direction',(-0.,6.12323399574E-017,1.)) ;
#73=DIRECTION('Axis2P3D XDirection',(1.,0.,0.)) ;
#77=DIRECTION('Vector Direction',(1.,0.,0.)) ;
#86=DIRECTION('Vector Direction',(0.,-1.,0.)) ;
#91=DIRECTION('Vector Direction',(-1.,0.,0.)) ;
#98=DIRECTION('Vector Direction',(0.,1.,-2.92356293516E-016)) ;
#105=DIRECTION('Vector Direction',(0.,1.,0.)) ;
#119=DIRECTION('Axis2P3D Direction',(-1.,0.,0.)) ;
#120=DIRECTION('Axis2P3D XDirection',(0.,-1.,6.12323399574E-017)) ;
#124=DIRECTION('Vector Direction',(0.,0.,-1.)) ;
#131=DIRECTION('Vector Direction',(0.,1.,0.)) ;
#138=DIRECTION('Vector Direction',(0.,0.,1.)) ;
#151=DIRECTION('Axis2P3D Direction',(-0.,6.12323399574E-017,1.)) ;
#152=DIRECTION('Axis2P3D XDirection',(1.,0.,0.)) ;
#156=DIRECTION('Vector Direction',(1.,0.,0.)) ;
#163=DIRECTION('Vector Direction',(0.,1.,-2.92404418008E-016)) ;
#170=DIRECTION('Vector Direction',(1.,0.,0.)) ;
#182=DIRECTION('Axis2P3D Direction',(0.,-1.,6.12323399574E-017)) ;
#183=DIRECTION('Axis2P3D XDirection',(1.,0.,0.)) ;
#187=DIRECTION('Vector Direction',(0.,-5.07530525408E-016,-1.)) ;
#196=DIRECTION('Vector Direction',(-1.,0.,0.)) ;
#203=DIRECTION('Vector Direction',(0.,5.07530525408E-016,1.)) ;
#210=DIRECTION('Vector Direction',(1.,0.,0.)) ;
#221=DIRECTION('Vector Direction',(0.,0.,-1.)) ;
#233=DIRECTION('Axis2P3D Direction',(1.,-0.,0.)) ;
#234=DIRECTION('Axis2P3D XDirection',(0.,1.,-6.12323399574E-017)) ;
#238=DIRECTION('Vector Direction',(0.,1.,0.)) ;
#247=DIRECTION('Vector Direction',(0.,0.,-1.)) ;
#252=DIRECTION('Vector Direction',(0.,0.,1.)) ;
#257=DIRECTION('Vector Direction',(0.,0.,1.)) ;
#270=DIRECTION('Axis2P3D Direction',(1.,0.,0.)) ;
#271=DIRECTION('Axis2P3D XDirection',(0.,-6.12323399574E-017,-1.)) ;
#282=DIRECTION('Axis2P3D Direction',(0.,-1.,6.12323399574E-017)) ;
#283=DIRECTION('Axis2P3D XDirection',(0.,-6.12323399574E-017,-1.)) ;
#287=DIRECTION('Vector Direction',(0.,0.,-1.)) ;
#296=DIRECTION('Vector Direction',(1.,0.,0.)) ;
#303=DIRECTION('Vector Direction',(0.,0.,-1.)) ;
#310=DIRECTION('Vector Direction',(1.,0.,0.)) ;
#317=DIRECTION('Vector Direction',(0.,0.,-1.)) ;
#324=DIRECTION('Vector Direction',(1.,0.,0.)) ;
#331=DIRECTION('Vector Direction',(0.,0.,-1.)) ;
#338=DIRECTION('Vector Direction',(1.,0.,0.)) ;
#345=DIRECTION('Vector Direction',(0.,0.,-1.)) ;
#352=DIRECTION('Vector Direction',(1.,0.,0.)) ;
#359=DIRECTION('Vector Direction',(0.,0.,-1.)) ;
#366=DIRECTION('Vector Direction',(1.,0.,0.)) ;
#373=DIRECTION('Vector Direction',(0.,0.,1.)) ;
#380=DIRECTION('Vector Direction',(-1.,0.,0.)) ;
#387=DIRECTION('Vector Direction',(0.,0.,1.)) ;
#394=DIRECTION('Vector Direction',(1.,0.,0.)) ;
#401=DIRECTION('Vector Direction',(0.,0.,-1.)) ;
#408=DIRECTION('Vector Direction',(1.,0.,0.)) ;
#415=DIRECTION('Vector Direction',(0.,0.,-1.)) ;
#422=DIRECTION('Vector Direction',(1.,0.,0.)) ;
#429=DIRECTION('Vector Direction',(0.,0.,1.)) ;
#436=DIRECTION('Vector Direction',(-1.,0.,0.)) ;
#443=DIRECTION('Vector Direction',(0.,0.,1.)) ;
#450=DIRECTION('Vector Direction',(1.,0.,0.)) ;
#455=DIRECTION('Vector Direction',(1.,0.,0.)) ;
#462=DIRECTION('Vector Direction',(0.,0.,1.)) ;
#469=DIRECTION('Vector Direction',(-1.,0.,0.)) ;
#476=DIRECTION('Vector Direction',(0.,0.,1.)) ;
#483=DIRECTION('Vector Direction',(1.,0.,0.)) ;
#490=DIRECTION('Vector Direction',(0.,0.,-1.)) ;
#497=DIRECTION('Vector Direction',(1.,0.,0.)) ;
#504=DIRECTION('Vector Direction',(0.,0.,-1.)) ;
#511=DIRECTION('Vector Direction',(1.,0.,0.)) ;
#518=DIRECTION('Vector Direction',(0.,0.,-1.)) ;
#525=DIRECTION('Vector Direction',(1.,0.,0.)) ;
#532=DIRECTION('Vector Direction',(0.,0.,-1.)) ;
#539=DIRECTION('Vector Direction',(1.,0.,0.)) ;
#546=DIRECTION('Vector Direction',(0.,0.,-1.)) ;
#553=DIRECTION('Vector Direction',(1.,0.,0.)) ;
#560=DIRECTION('Vector Direction',(0.,0.,-1.)) ;
#567=DIRECTION('Vector Direction',(1.,0.,0.)) ;
#619=DIRECTION('Axis2P3D Direction',(0.,-6.12323399574E-017,-1.)) ;
#620=DIRECTION('Axis2P3D XDirection',(0.,1.,-6.12323399574E-017)) ;
#624=DIRECTION('Vector Direction',(1.,0.,0.)) ;
#633=DIRECTION('Vector Direction',(0.,-1.,1.85037170771E-016)) ;
#640=DIRECTION('Vector Direction',(-1.,0.,0.)) ;
#647=DIRECTION('Vector Direction',(0.,-1.,1.85037170771E-016)) ;
#652=DIRECTION('Vector Direction',(0.,1.,-3.26056688583E-016)) ;
#659=DIRECTION('Vector Direction',(1.,0.,0.)) ;
#666=DIRECTION('Vector Direction',(0.,1.,-3.26056688583E-016)) ;
#671=DIRECTION('Vector Direction',(0.,-1.,1.85037170771E-016)) ;
#678=DIRECTION('Vector Direction',(-1.,0.,0.)) ;
#685=DIRECTION('Vector Direction',(0.,-1.,1.85037170771E-016)) ;
#690=DIRECTION('Vector Direction',(0.,1.,-8.03781375294E-017)) ;
#697=DIRECTION('Vector Direction',(1.,0.,0.)) ;
#704=DIRECTION('Vector Direction',(0.,1.,-8.03781375294E-017)) ;
#709=DIRECTION('Vector Direction',(7.40148683083E-016,-1.,1.85037170771E-016)) ;
#716=DIRECTION('Vector Direction',(-1.,0.,0.)) ;
#723=DIRECTION('Vector Direction',(7.40148683083E-016,-1.,1.85037170771E-016)) ;
#728=DIRECTION('Vector Direction',(1.,0.,0.)) ;
#733=DIRECTION('Vector Direction',(0.,-1.,1.85037170771E-016)) ;
#740=DIRECTION('Vector Direction',(-1.,0.,0.)) ;
#747=DIRECTION('Vector Direction',(-1.48029736617E-015,-1.,1.85037170771E-016)) ;
#754=DIRECTION('Vector Direction',(1.,0.,0.)) ;
#791=DIRECTION('Axis2P3D Direction',(0.,-1.,6.12323399574E-017)) ;
#792=DIRECTION('Axis2P3D XDirection',(1.,0.,0.)) ;
#803=DIRECTION('Axis2P3D Direction',(-1.,-0.,0.)) ;
#804=DIRECTION('Axis2P3D XDirection',(0.,-6.12323399574E-017,-1.)) ;
#808=DIRECTION('Vector Direction',(0.,-1.,0.)) ;
#815=DIRECTION('Vector Direction',(0.,0.,-1.)) ;
#822=DIRECTION('Vector Direction',(0.,-1.,0.)) ;
#834=DIRECTION('Axis2P3D Direction',(0.,6.12323399574E-017,1.)) ;
#835=DIRECTION('Axis2P3D XDirection',(-1.,0.,0.)) ;
#839=DIRECTION('Vector Direction',(-1.,0.,0.)) ;
#846=DIRECTION('Vector Direction',(0.,-1.,0.)) ;
#858=DIRECTION('Axis2P3D Direction',(1.,0.,-0.)) ;
#859=DIRECTION('Axis2P3D XDirection',(0.,6.12323399574E-017,1.)) ;
#863=DIRECTION('Vector Direction',(0.,0.,1.)) ;
#870=DIRECTION('Vector Direction',(0.,-1.,0.)) ;
#882=DIRECTION('Axis2P3D Direction',(0.,-6.12323399574E-017,-1.)) ;
#883=DIRECTION('Axis2P3D XDirection',(1.,0.,0.)) ;
#887=DIRECTION('Vector Direction',(1.,0.,0.)) ;
#899=DIRECTION('Axis2P3D Direction',(-0.,-6.12323399574E-017,-1.)) ;
#900=DIRECTION('Axis2P3D XDirection',(-1.,0.,0.)) ;
#904=DIRECTION('Axis2P3D Direction',(-0.,-6.12323399574E-017,-1.)) ;
#913=DIRECTION('Vector Direction',(-0.342020143326,-0.939692620786,0.)) ;
#918=DIRECTION('Vector Direction',(0.342020143326,-0.939692620786,0.)) ;
#925=DIRECTION('Axis2P3D Direction',(-0.,-6.12323399574E-017,-1.)) ;
#938=DIRECTION('Axis2P3D Direction',(0.939692620786,0.342020143326,-2.09426936884E-017)) ;
#939=DIRECTION('Axis2P3D XDirection',(0.342020143326,-0.939692620786,5.75395780114E-017)) ;
#943=DIRECTION('Vector Direction',(0.342020143326,-0.939692620786,0.)) ;
#950=DIRECTION('Vector Direction',(0.,0.,-1.)) ;
#962=DIRECTION('Axis2P3D Direction',(-0.,6.12323399574E-017,1.)) ;
#963=DIRECTION('Axis2P3D XDirection',(0.,-1.,6.12323399574E-017)) ;
#967=DIRECTION('Axis2P3D Direction',(-0.,6.12323399574E-017,1.)) ;
#974=DIRECTION('Vector Direction',(0.,-1.,0.)) ;
#981=DIRECTION('Vector Direction',(1.,0.,0.)) ;
#988=DIRECTION('Vector Direction',(0.,-1.,0.)) ;
#995=DIRECTION('Vector Direction',(-1.,0.,0.)) ;
#1002=DIRECTION('Vector Direction',(0.,1.,0.)) ;
#1009=DIRECTION('Vector Direction',(1.,0.,0.)) ;
#1016=DIRECTION('Vector Direction',(0.,1.,0.)) ;
#1021=DIRECTION('Vector Direction',(-0.342020143326,-0.939692620786,0.)) ;
#1028=DIRECTION('Axis2P3D Direction',(-0.,6.12323399574E-017,1.)) ;
#1035=DIRECTION('Vector Direction',(0.,-1.,0.)) ;
#1040=DIRECTION('Vector Direction',(0.,-1.,0.)) ;
#1047=DIRECTION('Vector Direction',(1.,0.,0.)) ;
#1054=DIRECTION('Vector Direction',(0.,1.,0.)) ;
#1061=DIRECTION('Vector Direction',(1.,0.,0.)) ;
#1068=DIRECTION('Vector Direction',(0.,1.,0.)) ;
#1075=DIRECTION('Vector Direction',(1.,0.,0.)) ;
#1082=DIRECTION('Vector Direction',(1.,0.,0.)) ;
#1089=DIRECTION('Vector Direction',(0.,1.,0.)) ;
#1096=DIRECTION('Vector Direction',(1.,0.,0.)) ;
#1103=DIRECTION('Vector Direction',(0.,1.,0.)) ;
#1110=DIRECTION('Vector Direction',(1.,0.,0.)) ;
#1117=DIRECTION('Vector Direction',(0.,-1.,0.)) ;
#1122=DIRECTION('Vector Direction',(0.,-1.,0.)) ;
#1129=DIRECTION('Axis2P3D Direction',(-0.,6.12323399574E-017,1.)) ;
#1136=DIRECTION('Vector Direction',(0.342020143326,-0.939692620786,0.)) ;
#1141=DIRECTION('Vector Direction',(0.,1.,0.)) ;
#1148=DIRECTION('Vector Direction',(1.,0.,0.)) ;
#1155=DIRECTION('Vector Direction',(0.,1.,0.)) ;
#1162=DIRECTION('Vector Direction',(-1.,0.,0.)) ;
#1169=DIRECTION('Vector Direction',(0.,-1.,0.)) ;
#1176=DIRECTION('Vector Direction',(1.,0.,0.)) ;
#1183=DIRECTION('Vector Direction',(0.,-1.,0.)) ;
#1188=DIRECTION('Vector Direction',(-0.342020143326,-0.939692620786,0.)) ;
#1195=DIRECTION('Axis2P3D Direction',(-0.,6.12323399574E-017,1.)) ;
#1245=DIRECTION('Axis2P3D Direction',(1.,0.,0.)) ;
#1246=DIRECTION('Axis2P3D XDirection',(0.,-1.,6.12323399574E-017)) ;
#1250=DIRECTION('Vector Direction',(0.,-1.,0.)) ;
#1257=DIRECTION('Vector Direction',(0.,0.,-1.)) ;
#1269=DIRECTION('Axis2P3D Direction',(0.,6.12323399574E-017,1.)) ;
#1270=DIRECTION('Axis2P3D XDirection',(-1.,0.,0.)) ;
#1274=DIRECTION('Vector Direction',(0.,1.,0.)) ;
#1281=DIRECTION('Vector Direction',(1.,0.,0.)) ;
#1288=DIRECTION('Vector Direction',(0.,1.,0.)) ;
#1295=DIRECTION('Vector Direction',(-1.,0.,0.)) ;
#1302=DIRECTION('Vector Direction',(0.,-1.,0.)) ;
#1309=DIRECTION('Vector Direction',(1.,0.,0.)) ;
#1325=DIRECTION('Axis2P3D Direction',(-1.,0.,-0.)) ;
#1326=DIRECTION('Axis2P3D XDirection',(0.,1.,-6.12323399574E-017)) ;
#1330=DIRECTION('Vector Direction',(0.,0.,-1.)) ;
#1342=DIRECTION('Axis2P3D Direction',(0.939692620786,-0.342020143326,2.09426936884E-017)) ;
#1343=DIRECTION('Axis2P3D XDirection',(-0.342020143326,-0.939692620786,5.75395780114E-017)) ;
#1347=DIRECTION('Vector Direction',(-0.342020143326,-0.939692620786,0.)) ;
#1354=DIRECTION('Vector Direction',(0.,0.,-1.)) ;
#1366=DIRECTION('Vector Direction',(0.,-1.,0.)) ;
#1373=DIRECTION('Axis2P3D Direction',(-0.,-6.12323399574E-017,-1.)) ;
#1385=DIRECTION('Axis2P3D Direction',(1.,0.,0.)) ;
#1386=DIRECTION('Axis2P3D XDirection',(0.,-1.,6.12323399574E-017)) ;
#1390=DIRECTION('Vector Direction',(0.,0.,-1.)) ;
#1402=DIRECTION('Axis2P3D Direction',(1.,-0.,0.)) ;
#1403=DIRECTION('Axis2P3D XDirection',(0.,1.,-6.12323399574E-017)) ;
#1407=DIRECTION('Vector Direction',(0.,6.12323399574E-017,1.)) ;
#1419=DIRECTION('Vector Direction',(0.,-1.,0.)) ;
#1426=DIRECTION('Vector Direction',(0.,0.,1.)) ;
#1433=DIRECTION('Vector Direction',(0.,-1.,0.)) ;
#1440=DIRECTION('Vector Direction',(0.,0.,1.)) ;
#1454=DIRECTION('Axis2P3D Direction',(0.,6.12323399574E-017,1.)) ;
#1455=DIRECTION('Axis2P3D XDirection',(-1.,0.,0.)) ;
#1459=DIRECTION('Vector Direction',(-1.,0.,0.)) ;
#1466=DIRECTION('Vector Direction',(0.,-1.,0.)) ;
#1478=DIRECTION('Axis2P3D Direction',(1.,0.,-0.)) ;
#1479=DIRECTION('Axis2P3D XDirection',(0.,6.12323399574E-017,1.)) ;
#1483=DIRECTION('Vector Direction',(0.,0.,1.)) ;
#1490=DIRECTION('Vector Direction',(0.,1.,0.)) ;
#1497=DIRECTION('Vector Direction',(0.,0.,1.)) ;
#1511=DIRECTION('Axis2P3D Direction',(-1.,-0.,0.)) ;
#1512=DIRECTION('Axis2P3D XDirection',(0.,-6.12323399574E-017,-1.)) ;
#1516=DIRECTION('Vector Direction',(0.,-1.,0.)) ;
#1523=DIRECTION('Vector Direction',(0.,0.,-1.)) ;
#1530=DIRECTION('Vector Direction',(0.,1.,0.)) ;
#1537=DIRECTION('Vector Direction',(0.,0.,1.)) ;
#1551=DIRECTION('Vector Direction',(-1.,0.,0.)) ;
#1558=DIRECTION('Vector Direction',(0.,-1.,0.)) ;
#1570=DIRECTION('Axis2P3D Direction',(0.,1.,-6.12323399574E-017)) ;
#1571=DIRECTION('Axis2P3D XDirection',(0.,6.12323399574E-017,1.)) ;
#1575=DIRECTION('Vector Direction',(0.,6.12323399574E-017,1.)) ;
#1580=DIRECTION('Vector Direction',(0.,-6.12323399574E-017,-1.)) ;
#1587=DIRECTION('Vector Direction',(-0.514495755428,5.25062983383E-017,0.857492925713)) ;
#1594=DIRECTION('Axis2P3D Direction',(0.,1.,-6.12323399574E-017)) ;
#1601=DIRECTION('Vector Direction',(-1.,0.,0.)) ;
#1608=DIRECTION('Vector Direction',(0.,-6.12323399574E-017,-1.)) ;
#1615=DIRECTION('Vector Direction',(1.,0.,0.)) ;
#1622=DIRECTION('Axis2P3D Direction',(0.,1.,-6.12323399574E-017)) ;
#1629=DIRECTION('Vector Direction',(1.,0.,0.)) ;
#1636=DIRECTION('Axis2P3D Direction',(0.,1.,-6.12323399574E-017)) ;
#1643=DIRECTION('Vector Direction',(-1.,0.,0.)) ;
#1650=DIRECTION('Vector Direction',(0.,-6.12323399574E-017,-1.)) ;
#1657=DIRECTION('Vector Direction',(1.,0.,0.)) ;
#1664=DIRECTION('Axis2P3D Direction',(0.,1.,-6.12323399574E-017)) ;
#1671=DIRECTION('Vector Direction',(0.514495755428,5.25062983383E-017,0.857492925713)) ;
#1678=DIRECTION('Vector Direction',(0.,-6.12323399574E-017,-1.)) ;
#1706=DIRECTION('Axis2P3D Direction',(0.,-1.,6.12323399574E-017)) ;
#1707=DIRECTION('Axis2P3D XDirection',(-1.,0.,0.)) ;
#1711=DIRECTION('Vector Direction',(-1.,0.,0.)) ;
#1723=DIRECTION('Vector Direction',(-1.,0.,0.)) ;
#1730=DIRECTION('Vector Direction',(0.,0.,1.)) ;
#1742=DIRECTION('Axis2P3D Direction',(1.,0.,-0.)) ;
#1743=DIRECTION('Axis2P3D XDirection',(0.,6.12323399574E-017,1.)) ;
#1747=DIRECTION('Vector Direction',(0.,1.,0.)) ;
#1754=DIRECTION('Vector Direction',(0.,0.,1.)) ;
#1761=DIRECTION('Vector Direction',(0.,-1.,0.)) ;
#1768=DIRECTION('Vector Direction',(0.,0.,1.)) ;
#1782=DIRECTION('Vector Direction',(0.,0.,1.)) ;
#1789=DIRECTION('Vector Direction',(1.,0.,0.)) ;
#1802=DIRECTION('Axis2P3D Direction',(0.,-1.,6.12323399574E-017)) ;
#1803=DIRECTION('Axis2P3D XDirection',(1.,0.,0.)) ;
#1807=DIRECTION('Vector Direction',(-1.,0.,0.)) ;
#1816=DIRECTION('Axis2P3D Direction',(0.,-1.,6.12323399574E-017)) ;
#1823=DIRECTION('Vector Direction',(-0.514495755428,0.,0.857492925713)) ;
#1830=DIRECTION('Vector Direction',(0.,0.,-1.)) ;
#1837=DIRECTION('Vector Direction',(1.,0.,0.)) ;
#1844=DIRECTION('Vector Direction',(0.,0.,1.)) ;
#1851=DIRECTION('Vector Direction',(0.514495755428,0.,0.857492925713)) ;
#1858=DIRECTION('Axis2P3D Direction',(0.,-1.,6.12323399574E-017)) ;
#1865=DIRECTION('Vector Direction',(-1.,0.,0.)) ;
#1872=DIRECTION('Vector Direction',(0.,0.,-1.)) ;
#1879=DIRECTION('Vector Direction',(-1.,0.,0.)) ;
#1886=DIRECTION('Axis2P3D Direction',(0.,-1.,6.12323399574E-017)) ;
#1893=DIRECTION('Vector Direction',(-1.,0.,0.)) ;
#1900=DIRECTION('Axis2P3D Direction',(0.,-1.,6.12323399574E-017)) ;
#1907=DIRECTION('Vector Direction',(-1.,0.,0.)) ;
#1914=DIRECTION('Vector Direction',(0.,0.,-1.)) ;
#1921=DIRECTION('Vector Direction',(-1.,0.,0.)) ;
#1928=DIRECTION('Axis2P3D Direction',(0.,-1.,6.12323399574E-017)) ;
#1935=DIRECTION('Vector Direction',(-0.514495755428,0.,0.857492925713)) ;
#1942=DIRECTION('Vector Direction',(0.,0.,1.)) ;
#1949=DIRECTION('Vector Direction',(1.,0.,0.)) ;
#1956=DIRECTION('Vector Direction',(0.,0.,-1.)) ;
#1963=DIRECTION('Vector Direction',(0.514495755428,0.,0.857492925713)) ;
#1970=DIRECTION('Axis2P3D Direction',(0.,-1.,6.12323399574E-017)) ;
#2001=DIRECTION('Vector Direction',(1.,0.,0.)) ;
#2010=DIRECTION('Vector Direction',(0.,0.,1.)) ;
#2017=DIRECTION('Vector Direction',(-1.,0.,0.)) ;
#2024=DIRECTION('Vector Direction',(0.,0.,-1.)) ;
#2042=DIRECTION('Axis2P3D Direction',(0.,6.12323399574E-017,1.)) ;
#2043=DIRECTION('Axis2P3D XDirection',(-0.939692620786,-0.342020143326,2.09426936884E-017)) ;
#2047=DIRECTION('Vector Direction',(0.,0.,1.)) ;
#2061=DIRECTION('Axis2P3D Direction',(0.,1.,-6.12323399574E-017)) ;
#2062=DIRECTION('Axis2P3D XDirection',(1.,0.,0.)) ;
#2066=DIRECTION('Vector Direction',(0.,0.,-1.)) ;
#2078=DIRECTION('Axis2P3D Direction',(1.,0.,0.)) ;
#2079=DIRECTION('Axis2P3D XDirection',(0.,-1.,6.12323399574E-017)) ;
#2083=DIRECTION('Vector Direction',(0.,0.,-1.)) ;
#2095=DIRECTION('Vector Direction',(0.,0.,-1.)) ;
#2107=DIRECTION('Axis2P3D Direction',(-1.,0.,-0.)) ;
#2108=DIRECTION('Axis2P3D XDirection',(0.,1.,-6.12323399574E-017)) ;
#2112=DIRECTION('Vector Direction',(0.,0.,-1.)) ;
#2131=DIRECTION('Axis2P3D Direction',(0.,6.12323399574E-017,1.)) ;
#2132=DIRECTION('Axis2P3D XDirection',(0.0624999999993,-0.998044963917,6.11126285233E-017)) ;
#2143=DIRECTION('Axis2P3D Direction',(-1.,0.,0.)) ;
#2144=DIRECTION('Axis2P3D XDirection',(0.,6.12323399574E-017,1.)) ;
#2148=DIRECTION('Vector Direction',(0.,1.,0.)) ;
#2153=DIRECTION('Vector Direction',(0.,1.,0.)) ;
#2160=DIRECTION('Vector Direction',(0.,0.,-1.)) ;
#2174=DIRECTION('Axis2P3D Direction',(0.,-1.,6.12323399574E-017)) ;
#2175=DIRECTION('Axis2P3D XDirection',(1.,0.,0.)) ;
#2179=DIRECTION('Vector Direction',(0.,0.,1.)) ;
#2186=DIRECTION('Vector Direction',(1.,0.,0.)) ;
#2198=DIRECTION('Axis2P3D Direction',(1.,0.,0.)) ;
#2199=DIRECTION('Axis2P3D XDirection',(0.,-6.12323399574E-017,-1.)) ;
#2203=DIRECTION('Vector Direction',(0.,1.,0.)) ;
#2210=DIRECTION('Vector Direction',(0.,-6.12323399574E-017,-1.)) ;
#2215=DIRECTION('Vector Direction',(0.,1.,0.)) ;
#2229=DIRECTION('Axis2P3D Direction',(0.,1.,-6.12323399574E-017)) ;
#2238=DIRECTION('Vector Direction',(0.514495755428,5.25062983383E-017,0.857492925713)) ;
#2245=DIRECTION('Vector Direction',(0.,-6.12323399574E-017,-1.)) ;
#2250=DIRECTION('Vector Direction',(-0.514495755428,5.25062983383E-017,0.857492925713)) ;
#2257=DIRECTION('Axis2P3D Direction',(0.,1.,-6.12323399574E-017)) ;
#2264=DIRECTION('Vector Direction',(-1.,0.,0.)) ;
#2281=DIRECTION('Axis2P3D Direction',(0.,-1.,6.12323399574E-017)) ;
#2282=DIRECTION('Axis2P3D XDirection',(1.,0.,0.)) ;
#2286=DIRECTION('Vector Direction',(1.,0.,0.)) ;
#2298=DIRECTION('Axis2P3D Direction',(0.,-6.12323399574E-017,-1.)) ;
#2299=DIRECTION('Axis2P3D XDirection',(1.,0.,0.)) ;
#2310=DIRECTION('Vector Direction',(0.,0.,-1.)) ;
#2317=DIRECTION('Vector Direction',(1.,0.,0.)) ;
#2324=DIRECTION('Vector Direction',(0.,0.,1.)) ;
#2331=DIRECTION('Vector Direction',(1.,0.,0.)) ;
#2336=DIRECTION('Vector Direction',(1.,0.,0.)) ;
#2359=DIRECTION('Axis2P3D Direction',(-0.857492925713,3.1503779003E-017,0.514495755428)) ;
#2360=DIRECTION('Axis2P3D XDirection',(0.514495755428,5.25062983383E-017,0.857492925713)) ;
#2364=DIRECTION('Vector Direction',(0.,1.,0.)) ;
#2376=DIRECTION('Axis2P3D Direction',(0.,-1.,6.12323399574E-017)) ;
#2377=DIRECTION('Axis2P3D XDirection',(0.7453559925,4.08215599716E-017,0.666666666667)) ;
#2381=DIRECTION('Vector Direction',(0.,-1.,0.)) ;
#2393=DIRECTION('Axis2P3D Direction',(-0.,-6.12323399574E-017,-1.)) ;
#2394=DIRECTION('Axis2P3D XDirection',(-1.,0.,0.)) ;
#2398=DIRECTION('Vector Direction',(0.,1.,0.)) ;
#2410=DIRECTION('Axis2P3D Direction',(1.,0.,0.)) ;
#2411=DIRECTION('Axis2P3D XDirection',(0.,-6.12323399574E-017,-1.)) ;
#2415=DIRECTION('Vector Direction',(0.,1.,-5.58602779686E-017)) ;
#2427=DIRECTION('Axis2P3D Direction',(-0.,-6.12323399574E-017,-1.)) ;
#2428=DIRECTION('Axis2P3D XDirection',(-1.,0.,0.)) ;
#2432=DIRECTION('Vector Direction',(0.,1.,-5.58602779686E-017)) ;
#2444=DIRECTION('Axis2P3D Direction',(0.,-1.,6.12323399574E-017)) ;
#2445=DIRECTION('Axis2P3D XDirection',(0.808690335212,3.60189808508E-017,0.588234597533)) ;
#2449=DIRECTION('Vector Direction',(0.,-1.,9.68569705209E-017)) ;
#2461=DIRECTION('Vector Direction',(0.,1.,-5.58602779686E-017)) ;
#2473=DIRECTION('Axis2P3D Direction',(0.,-6.12323399574E-017,-1.)) ;
#2474=DIRECTION('Axis2P3D XDirection',(1.,0.,0.)) ;
#2478=DIRECTION('Vector Direction',(0.,-1.,0.)) ;
#2490=DIRECTION('Vector Direction',(0.,1.,0.)) ;
#2495=DIRECTION('Vector Direction',(0.,1.,0.)) ;
#2507=DIRECTION('Vector Direction',(0.,-1.,0.)) ;
#2519=DIRECTION('Axis2P3D Direction',(-0.857492925713,-3.1503779003E-017,-0.514495755428)) ;
#2520=DIRECTION('Axis2P3D XDirection',(-0.514495755428,5.25062983383E-017,0.857492925713)) ;
#2531=DIRECTION('Axis2P3D Direction',(-0.,6.12323399574E-017,1.)) ;
#2532=DIRECTION('Axis2P3D XDirection',(1.,0.,0.)) ;
#2543=DIRECTION('Axis2P3D Direction',(1.,0.,0.)) ;
#2544=DIRECTION('Axis2P3D XDirection',(0.,-6.12323399574E-017,-1.)) ;
#2548=DIRECTION('Vector Direction',(0.,1.,-2.92404418008E-016)) ;
#2557=DIRECTION('Vector Direction',(0.,0.,-1.)) ;
#2564=DIRECTION('Vector Direction',(0.,1.,-2.92356293516E-016)) ;
#2571=DIRECTION('Vector Direction',(0.,0.,-1.)) ;
#2583=DIRECTION('Axis2P3D Direction',(-0.,6.12323399574E-017,1.)) ;
#2584=DIRECTION('Axis2P3D XDirection',(1.,0.,0.)) ;
#2588=DIRECTION('Vector Direction',(0.,1.,-2.92404418008E-016)) ;
#2597=DIRECTION('Vector Direction',(1.,0.,0.)) ;
#2602=DIRECTION('Vector Direction',(1.,0.,0.)) ;
#2614=DIRECTION('Axis2P3D Direction',(-1.,0.,0.)) ;
#2615=DIRECTION('Axis2P3D XDirection',(0.,-1.,6.12323399574E-017)) ;
#2619=DIRECTION('Vector Direction',(0.,-1.,0.)) ;
#2624=DIRECTION('Vector Direction',(0.,0.,1.)) ;
#2637=DIRECTION('Axis2P3D Direction',(-0.,6.12323399574E-017,1.)) ;
#2638=DIRECTION('Axis2P3D XDirection',(1.,0.,0.)) ;
#2642=DIRECTION('Vector Direction',(0.,1.,0.)) ;
#2649=DIRECTION('Vector Direction',(0.,1.,-2.92356293516E-016)) ;
#2656=DIRECTION('Vector Direction',(-1.,0.,0.)) ;
#2670=DIRECTION('Axis2P3D Direction',(0.,-1.,6.12323399574E-017)) ;
#2671=DIRECTION('Axis2P3D XDirection',(1.,0.,0.)) ;
#2675=DIRECTION('Vector Direction',(0.,-5.07530525408E-016,-1.)) ;
#2684=DIRECTION('Vector Direction',(-1.,0.,0.)) ;
#2691=DIRECTION('Vector Direction',(0.,5.07530525408E-016,1.)) ;
#2698=DIRECTION('Vector Direction',(1.,0.,0.)) ;
#2709=DIRECTION('Vector Direction',(0.,0.,1.)) ;
#2721=DIRECTION('Axis2P3D Direction',(-1.,0.,0.)) ;
#2722=DIRECTION('Axis2P3D XDirection',(0.,6.12323399574E-017,1.)) ;
#2726=DIRECTION('Vector Direction',(0.,0.,-1.)) ;
#2738=DIRECTION('Axis2P3D Direction',(0.,-1.,6.12323399574E-017)) ;
#2739=DIRECTION('Axis2P3D XDirection',(1.,0.,0.)) ;
#2743=DIRECTION('Vector Direction',(0.,0.,1.)) ;
#2755=DIRECTION('Axis2P3D Direction',(1.,-0.,0.)) ;
#2756=DIRECTION('Axis2P3D XDirection',(0.,1.,-6.12323399574E-017)) ;
#2768=DIRECTION('Axis2P3D Direction',(-1.,-0.,0.)) ;
#2769=DIRECTION('Axis2P3D XDirection',(0.,-6.12323399574E-017,-1.)) ;
#2773=DIRECTION('Vector Direction',(0.,-1.,0.)) ;
#2778=DIRECTION('Vector Direction',(0.,-1.,0.)) ;
#2790=DIRECTION('Axis2P3D Direction',(0.,6.12323399574E-017,1.)) ;
#2791=DIRECTION('Axis2P3D XDirection',(-1.,0.,0.)) ;
#2795=DIRECTION('Vector Direction',(0.,-1.,0.)) ;
#2807=DIRECTION('Axis2P3D Direction',(1.,0.,-0.)) ;
#2808=DIRECTION('Axis2P3D XDirection',(0.,6.12323399574E-017,1.)) ;
#2812=DIRECTION('Vector Direction',(0.,-1.,0.)) ;
#2824=DIRECTION('Axis2P3D Direction',(0.,-6.12323399574E-017,-1.)) ;
#2825=DIRECTION('Axis2P3D XDirection',(1.,0.,0.)) ;
#2836=DIRECTION('Axis2P3D Direction',(-1.,-0.,0.)) ;
#2837=DIRECTION('Axis2P3D XDirection',(0.,-6.12323399574E-017,-1.)) ;
#2841=DIRECTION('Vector Direction',(0.,0.,1.)) ;
#2848=DIRECTION('Vector Direction',(0.,1.,0.)) ;
#2862=DIRECTION('Axis2P3D Direction',(1.,0.,-0.)) ;
#2863=DIRECTION('Axis2P3D XDirection',(0.,6.12323399574E-017,1.)) ;
#2867=DIRECTION('Vector Direction',(0.,-1.,0.)) ;
#2874=DIRECTION('Vector Direction',(0.,0.,1.)) ;
#2881=DIRECTION('Vector Direction',(0.,1.,0.)) ;
#2888=DIRECTION('Vector Direction',(0.,0.,1.)) ;
#2902=DIRECTION('Vector Direction',(0.,-1.,0.)) ;
#2909=DIRECTION('Vector Direction',(-1.,0.,0.)) ;
#2921=DIRECTION('Axis2P3D Direction',(1.,0.,0.)) ;
#2922=DIRECTION('Axis2P3D XDirection',(0.,-1.,6.12323399574E-017)) ;
#2926=DIRECTION('Vector Direction',(0.,0.,1.)) ;
#2933=DIRECTION('Vector Direction',(0.,-1.,0.)) ;
#2940=DIRECTION('Vector Direction',(0.,0.,1.)) ;
#2954=DIRECTION('Axis2P3D Direction',(1.,-0.,0.)) ;
#2955=DIRECTION('Axis2P3D XDirection',(0.,1.,-6.12323399574E-017)) ;
#2966=DIRECTION('Vector Direction',(0.,-1.,0.)) ;
#2973=DIRECTION('Vector Direction',(0.,0.,-1.)) ;
#2985=DIRECTION('Vector Direction',(0.342020143326,-0.939692620786,0.)) ;
#2992=DIRECTION('Axis2P3D Direction',(-0.,-6.12323399574E-017,-1.)) ;
#3004=DIRECTION('Axis2P3D Direction',(0.939692620786,0.342020143326,-2.09426936884E-017)) ;
#3005=DIRECTION('Axis2P3D XDirection',(0.342020143326,-0.939692620786,5.75395780114E-017)) ;
#3009=DIRECTION('Vector Direction',(0.,0.,-1.)) ;
#3021=DIRECTION('Axis2P3D Direction',(-1.,0.,-0.)) ;
#3022=DIRECTION('Axis2P3D XDirection',(0.,1.,-6.12323399574E-017)) ;
#3026=DIRECTION('Vector Direction',(0.,0.,-1.)) ;
#3033=DIRECTION('Vector Direction',(0.,1.,0.)) ;
#3045=DIRECTION('Axis2P3D Direction',(0.,6.12323399574E-017,1.)) ;
#3046=DIRECTION('Axis2P3D XDirection',(-1.,0.,0.)) ;
#3050=DIRECTION('Vector Direction',(1.,0.,0.)) ;
#3059=DIRECTION('Vector Direction',(0.,-1.,0.)) ;
#3066=DIRECTION('Vector Direction',(-1.,0.,0.)) ;
#3073=DIRECTION('Vector Direction',(0.,1.,0.)) ;
#3080=DIRECTION('Vector Direction',(1.,0.,0.)) ;
#3085=DIRECTION('Vector Direction',(0.,-1.,0.)) ;
#3101=DIRECTION('Axis2P3D Direction',(1.,0.,0.)) ;
#3102=DIRECTION('Axis2P3D XDirection',(0.,-1.,6.12323399574E-017)) ;
#3106=DIRECTION('Vector Direction',(0.,0.,-1.)) ;
#3118=DIRECTION('Axis2P3D Direction',(0.939692620786,-0.342020143326,2.09426936884E-017)) ;
#3119=DIRECTION('Axis2P3D XDirection',(-0.342020143326,-0.939692620786,5.75395780114E-017)) ;
#3130=DIRECTION('Axis2P3D Direction',(1.,0.,-0.)) ;
#3131=DIRECTION('Axis2P3D XDirection',(0.,6.12323399574E-017,1.)) ;
#3135=DIRECTION('Vector Direction',(0.,1.,0.)) ;
#3142=DIRECTION('Vector Direction',(0.,0.,1.)) ;
#3156=DIRECTION('Axis2P3D Direction',(0.,-1.,6.12323399574E-017)) ;
#3157=DIRECTION('Axis2P3D XDirection',(-1.,0.,0.)) ;
#3161=DIRECTION('Vector Direction',(-1.,0.,0.)) ;
#3173=DIRECTION('Vector Direction',(-1.,0.,0.)) ;
#3185=DIRECTION('Axis2P3D Direction',(0.,-6.12323399574E-017,-1.)) ;
#3186=DIRECTION('Axis2P3D XDirection',(1.,0.,0.)) ;
#3197=DIRECTION('Vector Direction',(1.,0.,0.)) ;
#3216=DIRECTION('Axis2P3D Direction',(1.,0.,0.)) ;
#3217=DIRECTION('Axis2P3D XDirection',(0.,-6.12323399574E-017,-1.)) ;
#3221=DIRECTION('Vector Direction',(0.,1.,0.)) ;
#3226=DIRECTION('Vector Direction',(0.,1.,0.)) ;
#3233=DIRECTION('Vector Direction',(0.,0.,1.)) ;
#3247=DIRECTION('Axis2P3D Direction',(0.,-1.,6.12323399574E-017)) ;
#3248=DIRECTION('Axis2P3D XDirection',(1.,0.,0.)) ;
#3252=DIRECTION('Vector Direction',(0.,0.,-1.)) ;
#3259=DIRECTION('Vector Direction',(1.,0.,0.)) ;
#3271=DIRECTION('Axis2P3D Direction',(-1.,0.,0.)) ;
#3272=DIRECTION('Axis2P3D XDirection',(0.,6.12323399574E-017,1.)) ;
#3276=DIRECTION('Vector Direction',(0.,1.,0.)) ;
#3281=DIRECTION('Vector Direction',(0.,1.,0.)) ;
#3295=DIRECTION('Axis2P3D Direction',(0.,-6.12323399574E-017,-1.)) ;
#3296=DIRECTION('Axis2P3D XDirection',(-0.0624999999993,-0.998044963917,6.11126285233E-017)) ;
#3307=DIRECTION('Axis2P3D Direction',(0.,1.,-6.12323399574E-017)) ;
#3308=DIRECTION('Axis2P3D XDirection',(1.,0.,0.)) ;
#3312=DIRECTION('Vector Direction',(0.,0.,-1.)) ;
#3324=DIRECTION('Axis2P3D Direction',(-1.,0.,-0.)) ;
#3325=DIRECTION('Axis2P3D XDirection',(0.,1.,-6.12323399574E-017)) ;
#3329=DIRECTION('Vector Direction',(0.,0.,-1.)) ;
#3341=DIRECTION('Vector Direction',(0.,0.,-1.)) ;
#3353=DIRECTION('Axis2P3D Direction',(1.,0.,0.)) ;
#3354=DIRECTION('Axis2P3D XDirection',(0.,-1.,6.12323399574E-017)) ;
#3358=DIRECTION('Vector Direction',(0.,0.,-1.)) ;
#3377=DIRECTION('Axis2P3D Direction',(0.,-1.,6.12323399574E-017)) ;
#3378=DIRECTION('Axis2P3D XDirection',(0.808690335212,3.60189808508E-017,0.588234597533)) ;
#3382=DIRECTION('Vector Direction',(0.,-1.,9.68569705209E-017)) ;
#3394=DIRECTION('Vector Direction',(0.,1.,-5.58602779686E-017)) ;
#3406=DIRECTION('Axis2P3D Direction',(1.,0.,0.)) ;
#3407=DIRECTION('Axis2P3D XDirection',(0.,-6.12323399574E-017,-1.)) ;
#3411=DIRECTION('Vector Direction',(0.,1.,0.)) ;
#3423=DIRECTION('Vector Direction',(0.,1.,0.)) ;
#3435=DIRECTION('Axis2P3D Direction',(0.,-1.,6.12323399574E-017)) ;
#3436=DIRECTION('Axis2P3D XDirection',(0.7453559925,4.08215599716E-017,0.666666666667)) ;
#3440=DIRECTION('Vector Direction',(0.,-1.,0.)) ;
#3452=DIRECTION('Axis2P3D Direction',(-0.857492925713,-3.1503779003E-017,-0.514495755428)) ;
#3453=DIRECTION('Axis2P3D XDirection',(-0.514495755428,5.25062983383E-017,0.857492925713)) ;
#3464=DIRECTION('Axis2P3D Direction',(-0.,6.12323399574E-017,1.)) ;
#3465=DIRECTION('Axis2P3D XDirection',(1.,0.,0.)) ;
#3476=DIRECTION('Axis2P3D Direction',(-0.857492925713,3.1503779003E-017,0.514495755428)) ;
#3477=DIRECTION('Axis2P3D XDirection',(0.514495755428,5.25062983383E-017,0.857492925713)) ;
#3481=DIRECTION('Vector Direction',(0.,1.,0.)) ;
#3512=DIRECTION('Axis2P3D Direction',(-0.,-6.12323399574E-017,-1.)) ;
#3513=DIRECTION('Axis2P3D XDirection',(-1.,0.,0.)) ;
#3517=DIRECTION('Vector Direction',(-1.,0.,0.)) ;
#3526=DIRECTION('Vector Direction',(0.,1.,-9.33696104804E-017)) ;
#3533=DIRECTION('Vector Direction',(-1.,0.,0.)) ;
#3540=DIRECTION('Vector Direction',(0.,1.,-9.33696104804E-017)) ;
#3552=DIRECTION('Axis2P3D Direction',(-0.,6.12323399574E-017,1.)) ;
#3553=DIRECTION('Axis2P3D XDirection',(1.,0.,0.)) ;
#3557=DIRECTION('Vector Direction',(1.,0.,0.)) ;
#3566=DIRECTION('Vector Direction',(0.,1.,-1.04645469183E-016)) ;
#3573=DIRECTION('Vector Direction',(1.,0.,0.)) ;
#3580=DIRECTION('Vector Direction',(0.,1.,-1.04645469183E-016)) ;
#3592=DIRECTION('Axis2P3D Direction',(0.,-1.,6.12323399574E-017)) ;
#3593=DIRECTION('Axis2P3D XDirection',(-1.,0.,0.)) ;
#3597=DIRECTION('Vector Direction',(0.,0.,-1.)) ;
#3604=DIRECTION('Vector Direction',(-1.,0.,0.)) ;
#3611=DIRECTION('Vector Direction',(0.,0.,-1.)) ;
#3623=DIRECTION('Axis2P3D Direction',(0.,1.,-6.12323399574E-017)) ;
#3624=DIRECTION('Axis2P3D XDirection',(1.,0.,0.)) ;
#3628=DIRECTION('Vector Direction',(0.,0.,-1.)) ;
#3635=DIRECTION('Vector Direction',(1.,0.,0.)) ;
#3642=DIRECTION('Vector Direction',(0.,0.,-1.)) ;
#3654=DIRECTION('Axis2P3D Direction',(0.,-1.,6.12323399574E-017)) ;
#3655=DIRECTION('Axis2P3D XDirection',(1.,0.,0.)) ;
#3659=DIRECTION('Vector Direction',(0.,0.,1.)) ;
#3664=DIRECTION('Vector Direction',(0.,0.,-1.)) ;
#3676=DIRECTION('Axis2P3D Direction',(-0.,6.12323399574E-017,1.)) ;
#3677=DIRECTION('Axis2P3D XDirection',(1.,0.,0.)) ;
#3681=DIRECTION('Vector Direction',(0.,-1.,6.12323399574E-017)) ;
#3686=DIRECTION('Vector Direction',(0.,1.,-6.12323399574E-017)) ;
#3698=DIRECTION('Axis2P3D Direction',(1.,0.,0.)) ;
#3699=DIRECTION('Axis2P3D XDirection',(0.,-6.12323399574E-017,-1.)) ;
#3712=DIRECTION('Axis2P3D Direction',(-1.,0.,0.)) ;
#3713=DIRECTION('Axis2P3D XDirection',(0.,6.12323399574E-017,1.)) ;
#3729=DIRECTION('Vector Direction',(-1.,0.,0.)) ;
#3738=DIRECTION('Vector Direction',(0.,1.,-9.33696104804E-017)) ;
#3745=DIRECTION('Vector Direction',(-1.,0.,0.)) ;
#3752=DIRECTION('Vector Direction',(0.,1.,-9.33696104804E-017)) ;
#3764=DIRECTION('Vector Direction',(1.,0.,0.)) ;
#3773=DIRECTION('Vector Direction',(0.,1.,-1.04645469183E-016)) ;
#3780=DIRECTION('Vector Direction',(1.,0.,0.)) ;
#3787=DIRECTION('Vector Direction',(0.,1.,-1.04645469183E-016)) ;
#3799=DIRECTION('Vector Direction',(0.,0.,-1.)) ;
#3806=DIRECTION('Vector Direction',(-1.,0.,0.)) ;
#3813=DIRECTION('Vector Direction',(0.,0.,-1.)) ;
#3825=DIRECTION('Vector Direction',(0.,0.,-1.)) ;
#3832=DIRECTION('Vector Direction',(1.,0.,0.)) ;
#3839=DIRECTION('Vector Direction',(0.,0.,-1.)) ;
#3851=DIRECTION('Vector Direction',(0.,0.,1.)) ;
#3856=DIRECTION('Vector Direction',(0.,0.,-1.)) ;
#3868=DIRECTION('Vector Direction',(0.,-1.,6.12323399574E-017)) ;
#3873=DIRECTION('Vector Direction',(0.,1.,-6.12323399574E-017)) ;
#3885=DIRECTION('Axis2P3D Direction',(1.,0.,0.)) ;
#3886=DIRECTION('Axis2P3D XDirection',(0.,-6.12323399574E-017,-1.)) ;
#3899=DIRECTION('Axis2P3D Direction',(-1.,0.,0.)) ;
#3900=DIRECTION('Axis2P3D XDirection',(0.,6.12323399574E-017,1.)) ;
#3913=DIRECTION('Axis2P3D Direction',(0.,0.,1.)) ;
#3914=DIRECTION('Axis2P3D XDirection',(1.,0.,0.)) ;
#8=PRODUCT_RELATED_PRODUCT_CATEGORY('part',$,(#5)) ;
#7=PRODUCT_CATEGORY('part','specification') ;
#29=STYLED_ITEM(' ',(#28),#21) ;
#3509=STYLED_ITEM(' ',(#3508),#3501) ;
#3726=STYLED_ITEM(' ',(#3508),#3725) ;
#28=PRESENTATION_STYLE_ASSIGNMENT((#27)) ;
#3508=PRESENTATION_STYLE_ASSIGNMENT((#3507)) ;
#27=SURFACE_STYLE_USAGE(.BOTH.,#26) ;
#3507=SURFACE_STYLE_USAGE(.BOTH.,#3506) ;
#26=SURFACE_SIDE_STYLE(' ',(#25)) ;
#3506=SURFACE_SIDE_STYLE(' ',(#3505)) ;
#25=SURFACE_STYLE_FILL_AREA(#24) ;
#3505=SURFACE_STYLE_FILL_AREA(#3504) ;
#24=FILL_AREA_STYLE(' ',(#23)) ;
#3504=FILL_AREA_STYLE(' ',(#3503)) ;
#23=FILL_AREA_STYLE_COLOUR(' ',#22) ;
#3503=FILL_AREA_STYLE_COLOUR(' ',#3502) ;
#38=VECTOR('Line Direction',#37,1.) ;
#47=VECTOR('Line Direction',#46,1.) ;
#54=VECTOR('Line Direction',#53,1.) ;
#61=VECTOR('Line Direction',#60,1.) ;
#78=VECTOR('Line Direction',#77,1.) ;
#87=VECTOR('Line Direction',#86,1.) ;
#92=VECTOR('Line Direction',#91,1.) ;
#99=VECTOR('Line Direction',#98,1.) ;
#106=VECTOR('Line Direction',#105,1.) ;
#125=VECTOR('Line Direction',#124,1.) ;
#132=VECTOR('Line Direction',#131,1.) ;
#139=VECTOR('Line Direction',#138,1.) ;
#157=VECTOR('Line Direction',#156,1.) ;
#164=VECTOR('Line Direction',#163,1.) ;
#171=VECTOR('Line Direction',#170,1.) ;
#188=VECTOR('Line Direction',#187,1.) ;
#197=VECTOR('Line Direction',#196,1.) ;
#204=VECTOR('Line Direction',#203,1.) ;
#211=VECTOR('Line Direction',#210,1.) ;
#222=VECTOR('Line Direction',#221,1.) ;
#239=VECTOR('Line Direction',#238,1.) ;
#248=VECTOR('Line Direction',#247,1.) ;
#253=VECTOR('Line Direction',#252,1.) ;
#258=VECTOR('Line Direction',#257,1.) ;
#288=VECTOR('Line Direction',#287,1.) ;
#297=VECTOR('Line Direction',#296,1.) ;
#304=VECTOR('Line Direction',#303,1.) ;
#311=VECTOR('Line Direction',#310,1.) ;
#318=VECTOR('Line Direction',#317,1.) ;
#325=VECTOR('Line Direction',#324,1.) ;
#332=VECTOR('Line Direction',#331,1.) ;
#339=VECTOR('Line Direction',#338,1.) ;
#346=VECTOR('Line Direction',#345,1.) ;
#353=VECTOR('Line Direction',#352,1.) ;
#360=VECTOR('Line Direction',#359,1.) ;
#367=VECTOR('Line Direction',#366,1.) ;
#374=VECTOR('Line Direction',#373,1.) ;
#381=VECTOR('Line Direction',#380,1.) ;
#388=VECTOR('Line Direction',#387,1.) ;
#395=VECTOR('Line Direction',#394,1.) ;
#402=VECTOR('Line Direction',#401,1.) ;
#409=VECTOR('Line Direction',#408,1.) ;
#416=VECTOR('Line Direction',#415,1.) ;
#423=VECTOR('Line Direction',#422,1.) ;
#430=VECTOR('Line Direction',#429,1.) ;
#437=VECTOR('Line Direction',#436,1.) ;
#444=VECTOR('Line Direction',#443,1.) ;
#451=VECTOR('Line Direction',#450,1.) ;
#456=VECTOR('Line Direction',#455,1.) ;
#463=VECTOR('Line Direction',#462,1.) ;
#470=VECTOR('Line Direction',#469,1.) ;
#477=VECTOR('Line Direction',#476,1.) ;
#484=VECTOR('Line Direction',#483,1.) ;
#491=VECTOR('Line Direction',#490,1.) ;
#498=VECTOR('Line Direction',#497,1.) ;
#505=VECTOR('Line Direction',#504,1.) ;
#512=VECTOR('Line Direction',#511,1.) ;
#519=VECTOR('Line Direction',#518,1.) ;
#526=VECTOR('Line Direction',#525,1.) ;
#533=VECTOR('Line Direction',#532,1.) ;
#540=VECTOR('Line Direction',#539,1.) ;
#547=VECTOR('Line Direction',#546,1.) ;
#554=VECTOR('Line Direction',#553,1.) ;
#561=VECTOR('Line Direction',#560,1.) ;
#568=VECTOR('Line Direction',#567,1.) ;
#625=VECTOR('Line Direction',#624,1.) ;
#634=VECTOR('Line Direction',#633,1.) ;
#641=VECTOR('Line Direction',#640,1.) ;
#648=VECTOR('Line Direction',#647,1.) ;
#653=VECTOR('Line Direction',#652,1.) ;
#660=VECTOR('Line Direction',#659,1.) ;
#667=VECTOR('Line Direction',#666,1.) ;
#672=VECTOR('Line Direction',#671,1.) ;
#679=VECTOR('Line Direction',#678,1.) ;
#686=VECTOR('Line Direction',#685,1.) ;
#691=VECTOR('Line Direction',#690,1.) ;
#698=VECTOR('Line Direction',#697,1.) ;
#705=VECTOR('Line Direction',#704,1.) ;
#710=VECTOR('Line Direction',#709,1.) ;
#717=VECTOR('Line Direction',#716,1.) ;
#724=VECTOR('Line Direction',#723,1.) ;
#729=VECTOR('Line Direction',#728,1.) ;
#734=VECTOR('Line Direction',#733,1.) ;
#741=VECTOR('Line Direction',#740,1.) ;
#748=VECTOR('Line Direction',#747,1.) ;
#755=VECTOR('Line Direction',#754,1.) ;
#809=VECTOR('Line Direction',#808,1.) ;
#816=VECTOR('Line Direction',#815,1.) ;
#823=VECTOR('Line Direction',#822,1.) ;
#840=VECTOR('Line Direction',#839,1.) ;
#847=VECTOR('Line Direction',#846,1.) ;
#864=VECTOR('Line Direction',#863,1.) ;
#871=VECTOR('Line Direction',#870,1.) ;
#888=VECTOR('Line Direction',#887,1.) ;
#914=VECTOR('Line Direction',#913,1.) ;
#919=VECTOR('Line Direction',#918,1.) ;
#944=VECTOR('Line Direction',#943,1.) ;
#951=VECTOR('Line Direction',#950,1.) ;
#975=VECTOR('Line Direction',#974,1.) ;
#982=VECTOR('Line Direction',#981,1.) ;
#989=VECTOR('Line Direction',#988,1.) ;
#996=VECTOR('Line Direction',#995,1.) ;
#1003=VECTOR('Line Direction',#1002,1.) ;
#1010=VECTOR('Line Direction',#1009,1.) ;
#1017=VECTOR('Line Direction',#1016,1.) ;
#1022=VECTOR('Line Direction',#1021,1.) ;
#1036=VECTOR('Line Direction',#1035,1.) ;
#1041=VECTOR('Line Direction',#1040,1.) ;
#1048=VECTOR('Line Direction',#1047,1.) ;
#1055=VECTOR('Line Direction',#1054,1.) ;
#1062=VECTOR('Line Direction',#1061,1.) ;
#1069=VECTOR('Line Direction',#1068,1.) ;
#1076=VECTOR('Line Direction',#1075,1.) ;
#1083=VECTOR('Line Direction',#1082,1.) ;
#1090=VECTOR('Line Direction',#1089,1.) ;
#1097=VECTOR('Line Direction',#1096,1.) ;
#1104=VECTOR('Line Direction',#1103,1.) ;
#1111=VECTOR('Line Direction',#1110,1.) ;
#1118=VECTOR('Line Direction',#1117,1.) ;
#1123=VECTOR('Line Direction',#1122,1.) ;
#1137=VECTOR('Line Direction',#1136,1.) ;
#1142=VECTOR('Line Direction',#1141,1.) ;
#1149=VECTOR('Line Direction',#1148,1.) ;
#1156=VECTOR('Line Direction',#1155,1.) ;
#1163=VECTOR('Line Direction',#1162,1.) ;
#1170=VECTOR('Line Direction',#1169,1.) ;
#1177=VECTOR('Line Direction',#1176,1.) ;
#1184=VECTOR('Line Direction',#1183,1.) ;
#1189=VECTOR('Line Direction',#1188,1.) ;
#1251=VECTOR('Line Direction',#1250,1.) ;
#1258=VECTOR('Line Direction',#1257,1.) ;
#1275=VECTOR('Line Direction',#1274,1.) ;
#1282=VECTOR('Line Direction',#1281,1.) ;
#1289=VECTOR('Line Direction',#1288,1.) ;
#1296=VECTOR('Line Direction',#1295,1.) ;
#1303=VECTOR('Line Direction',#1302,1.) ;
#1310=VECTOR('Line Direction',#1309,1.) ;
#1331=VECTOR('Line Direction',#1330,1.) ;
#1348=VECTOR('Line Direction',#1347,1.) ;
#1355=VECTOR('Line Direction',#1354,1.) ;
#1367=VECTOR('Line Direction',#1366,1.) ;
#1391=VECTOR('Line Direction',#1390,1.) ;
#1408=VECTOR('Line Direction',#1407,1.) ;
#1420=VECTOR('Line Direction',#1419,1.) ;
#1427=VECTOR('Line Direction',#1426,1.) ;
#1434=VECTOR('Line Direction',#1433,1.) ;
#1441=VECTOR('Line Direction',#1440,1.) ;
#1460=VECTOR('Line Direction',#1459,1.) ;
#1467=VECTOR('Line Direction',#1466,1.) ;
#1484=VECTOR('Line Direction',#1483,1.) ;
#1491=VECTOR('Line Direction',#1490,1.) ;
#1498=VECTOR('Line Direction',#1497,1.) ;
#1517=VECTOR('Line Direction',#1516,1.) ;
#1524=VECTOR('Line Direction',#1523,1.) ;
#1531=VECTOR('Line Direction',#1530,1.) ;
#1538=VECTOR('Line Direction',#1537,1.) ;
#1552=VECTOR('Line Direction',#1551,1.) ;
#1559=VECTOR('Line Direction',#1558,1.) ;
#1576=VECTOR('Line Direction',#1575,1.) ;
#1581=VECTOR('Line Direction',#1580,1.) ;
#1588=VECTOR('Line Direction',#1587,1.) ;
#1602=VECTOR('Line Direction',#1601,1.) ;
#1609=VECTOR('Line Direction',#1608,1.) ;
#1616=VECTOR('Line Direction',#1615,1.) ;
#1630=VECTOR('Line Direction',#1629,1.) ;
#1644=VECTOR('Line Direction',#1643,1.) ;
#1651=VECTOR('Line Direction',#1650,1.) ;
#1658=VECTOR('Line Direction',#1657,1.) ;
#1672=VECTOR('Line Direction',#1671,1.) ;
#1679=VECTOR('Line Direction',#1678,1.) ;
#1712=VECTOR('Line Direction',#1711,1.) ;
#1724=VECTOR('Line Direction',#1723,1.) ;
#1731=VECTOR('Line Direction',#1730,1.) ;
#1748=VECTOR('Line Direction',#1747,1.) ;
#1755=VECTOR('Line Direction',#1754,1.) ;
#1762=VECTOR('Line Direction',#1761,1.) ;
#1769=VECTOR('Line Direction',#1768,1.) ;
#1783=VECTOR('Line Direction',#1782,1.) ;
#1790=VECTOR('Line Direction',#1789,1.) ;
#1808=VECTOR('Line Direction',#1807,1.) ;
#1824=VECTOR('Line Direction',#1823,1.) ;
#1831=VECTOR('Line Direction',#1830,1.) ;
#1838=VECTOR('Line Direction',#1837,1.) ;
#1845=VECTOR('Line Direction',#1844,1.) ;
#1852=VECTOR('Line Direction',#1851,1.) ;
#1866=VECTOR('Line Direction',#1865,1.) ;
#1873=VECTOR('Line Direction',#1872,1.) ;
#1880=VECTOR('Line Direction',#1879,1.) ;
#1894=VECTOR('Line Direction',#1893,1.) ;
#1908=VECTOR('Line Direction',#1907,1.) ;
#1915=VECTOR('Line Direction',#1914,1.) ;
#1922=VECTOR('Line Direction',#1921,1.) ;
#1936=VECTOR('Line Direction',#1935,1.) ;
#1943=VECTOR('Line Direction',#1942,1.) ;
#1950=VECTOR('Line Direction',#1949,1.) ;
#1957=VECTOR('Line Direction',#1956,1.) ;
#1964=VECTOR('Line Direction',#1963,1.) ;
#2002=VECTOR('Line Direction',#2001,1.) ;
#2011=VECTOR('Line Direction',#2010,1.) ;
#2018=VECTOR('Line Direction',#2017,1.) ;
#2025=VECTOR('Line Direction',#2024,1.) ;
#2048=VECTOR('Line Direction',#2047,1.) ;
#2067=VECTOR('Line Direction',#2066,1.) ;
#2084=VECTOR('Line Direction',#2083,1.) ;
#2096=VECTOR('Line Direction',#2095,1.) ;
#2113=VECTOR('Line Direction',#2112,1.) ;
#2149=VECTOR('Line Direction',#2148,1.) ;
#2154=VECTOR('Line Direction',#2153,1.) ;
#2161=VECTOR('Line Direction',#2160,1.) ;
#2180=VECTOR('Line Direction',#2179,1.) ;
#2187=VECTOR('Line Direction',#2186,1.) ;
#2204=VECTOR('Line Direction',#2203,1.) ;
#2211=VECTOR('Line Direction',#2210,1.) ;
#2216=VECTOR('Line Direction',#2215,1.) ;
#2239=VECTOR('Line Direction',#2238,1.) ;
#2246=VECTOR('Line Direction',#2245,1.) ;
#2251=VECTOR('Line Direction',#2250,1.) ;
#2265=VECTOR('Line Direction',#2264,1.) ;
#2287=VECTOR('Line Direction',#2286,1.) ;
#2311=VECTOR('Line Direction',#2310,1.) ;
#2318=VECTOR('Line Direction',#2317,1.) ;
#2325=VECTOR('Line Direction',#2324,1.) ;
#2332=VECTOR('Line Direction',#2331,1.) ;
#2337=VECTOR('Line Direction',#2336,1.) ;
#2365=VECTOR('Line Direction',#2364,1.) ;
#2382=VECTOR('Line Direction',#2381,1.) ;
#2399=VECTOR('Line Direction',#2398,1.) ;
#2416=VECTOR('Line Direction',#2415,1.) ;
#2433=VECTOR('Line Direction',#2432,1.) ;
#2450=VECTOR('Line Direction',#2449,1.) ;
#2462=VECTOR('Line Direction',#2461,1.) ;
#2479=VECTOR('Line Direction',#2478,1.) ;
#2491=VECTOR('Line Direction',#2490,1.) ;
#2496=VECTOR('Line Direction',#2495,1.) ;
#2508=VECTOR('Line Direction',#2507,1.) ;
#2549=VECTOR('Line Direction',#2548,1.) ;
#2558=VECTOR('Line Direction',#2557,1.) ;
#2565=VECTOR('Line Direction',#2564,1.) ;
#2572=VECTOR('Line Direction',#2571,1.) ;
#2589=VECTOR('Line Direction',#2588,1.) ;
#2598=VECTOR('Line Direction',#2597,1.) ;
#2603=VECTOR('Line Direction',#2602,1.) ;
#2620=VECTOR('Line Direction',#2619,1.) ;
#2625=VECTOR('Line Direction',#2624,1.) ;
#2643=VECTOR('Line Direction',#2642,1.) ;
#2650=VECTOR('Line Direction',#2649,1.) ;
#2657=VECTOR('Line Direction',#2656,1.) ;
#2676=VECTOR('Line Direction',#2675,1.) ;
#2685=VECTOR('Line Direction',#2684,1.) ;
#2692=VECTOR('Line Direction',#2691,1.) ;
#2699=VECTOR('Line Direction',#2698,1.) ;
#2710=VECTOR('Line Direction',#2709,1.) ;
#2727=VECTOR('Line Direction',#2726,1.) ;
#2744=VECTOR('Line Direction',#2743,1.) ;
#2774=VECTOR('Line Direction',#2773,1.) ;
#2779=VECTOR('Line Direction',#2778,1.) ;
#2796=VECTOR('Line Direction',#2795,1.) ;
#2813=VECTOR('Line Direction',#2812,1.) ;
#2842=VECTOR('Line Direction',#2841,1.) ;
#2849=VECTOR('Line Direction',#2848,1.) ;
#2868=VECTOR('Line Direction',#2867,1.) ;
#2875=VECTOR('Line Direction',#2874,1.) ;
#2882=VECTOR('Line Direction',#2881,1.) ;
#2889=VECTOR('Line Direction',#2888,1.) ;
#2903=VECTOR('Line Direction',#2902,1.) ;
#2910=VECTOR('Line Direction',#2909,1.) ;
#2927=VECTOR('Line Direction',#2926,1.) ;
#2934=VECTOR('Line Direction',#2933,1.) ;
#2941=VECTOR('Line Direction',#2940,1.) ;
#2967=VECTOR('Line Direction',#2966,1.) ;
#2974=VECTOR('Line Direction',#2973,1.) ;
#2986=VECTOR('Line Direction',#2985,1.) ;
#3010=VECTOR('Line Direction',#3009,1.) ;
#3027=VECTOR('Line Direction',#3026,1.) ;
#3034=VECTOR('Line Direction',#3033,1.) ;
#3051=VECTOR('Line Direction',#3050,1.) ;
#3060=VECTOR('Line Direction',#3059,1.) ;
#3067=VECTOR('Line Direction',#3066,1.) ;
#3074=VECTOR('Line Direction',#3073,1.) ;
#3081=VECTOR('Line Direction',#3080,1.) ;
#3086=VECTOR('Line Direction',#3085,1.) ;
#3107=VECTOR('Line Direction',#3106,1.) ;
#3136=VECTOR('Line Direction',#3135,1.) ;
#3143=VECTOR('Line Direction',#3142,1.) ;
#3162=VECTOR('Line Direction',#3161,1.) ;
#3174=VECTOR('Line Direction',#3173,1.) ;
#3198=VECTOR('Line Direction',#3197,1.) ;
#3222=VECTOR('Line Direction',#3221,1.) ;
#3227=VECTOR('Line Direction',#3226,1.) ;
#3234=VECTOR('Line Direction',#3233,1.) ;
#3253=VECTOR('Line Direction',#3252,1.) ;
#3260=VECTOR('Line Direction',#3259,1.) ;
#3277=VECTOR('Line Direction',#3276,1.) ;
#3282=VECTOR('Line Direction',#3281,1.) ;
#3313=VECTOR('Line Direction',#3312,1.) ;
#3330=VECTOR('Line Direction',#3329,1.) ;
#3342=VECTOR('Line Direction',#3341,1.) ;
#3359=VECTOR('Line Direction',#3358,1.) ;
#3383=VECTOR('Line Direction',#3382,1.) ;
#3395=VECTOR('Line Direction',#3394,1.) ;
#3412=VECTOR('Line Direction',#3411,1.) ;
#3424=VECTOR('Line Direction',#3423,1.) ;
#3441=VECTOR('Line Direction',#3440,1.) ;
#3482=VECTOR('Line Direction',#3481,1.) ;
#3518=VECTOR('Line Direction',#3517,1.) ;
#3527=VECTOR('Line Direction',#3526,1.) ;
#3534=VECTOR('Line Direction',#3533,1.) ;
#3541=VECTOR('Line Direction',#3540,1.) ;
#3558=VECTOR('Line Direction',#3557,1.) ;
#3567=VECTOR('Line Direction',#3566,1.) ;
#3574=VECTOR('Line Direction',#3573,1.) ;
#3581=VECTOR('Line Direction',#3580,1.) ;
#3598=VECTOR('Line Direction',#3597,1.) ;
#3605=VECTOR('Line Direction',#3604,1.) ;
#3612=VECTOR('Line Direction',#3611,1.) ;
#3629=VECTOR('Line Direction',#3628,1.) ;
#3636=VECTOR('Line Direction',#3635,1.) ;
#3643=VECTOR('Line Direction',#3642,1.) ;
#3660=VECTOR('Line Direction',#3659,1.) ;
#3665=VECTOR('Line Direction',#3664,1.) ;
#3682=VECTOR('Line Direction',#3681,1.) ;
#3687=VECTOR('Line Direction',#3686,1.) ;
#3730=VECTOR('Line Direction',#3729,1.) ;
#3739=VECTOR('Line Direction',#3738,1.) ;
#3746=VECTOR('Line Direction',#3745,1.) ;
#3753=VECTOR('Line Direction',#3752,1.) ;
#3765=VECTOR('Line Direction',#3764,1.) ;
#3774=VECTOR('Line Direction',#3773,1.) ;
#3781=VECTOR('Line Direction',#3780,1.) ;
#3788=VECTOR('Line Direction',#3787,1.) ;
#3800=VECTOR('Line Direction',#3799,1.) ;
#3807=VECTOR('Line Direction',#3806,1.) ;
#3814=VECTOR('Line Direction',#3813,1.) ;
#3826=VECTOR('Line Direction',#3825,1.) ;
#3833=VECTOR('Line Direction',#3832,1.) ;
#3840=VECTOR('Line Direction',#3839,1.) ;
#3852=VECTOR('Line Direction',#3851,1.) ;
#3857=VECTOR('Line Direction',#3856,1.) ;
#3869=VECTOR('Line Direction',#3868,1.) ;
#3874=VECTOR('Line Direction',#3873,1.) ;
#15=UNCERTAINTY_MEASURE_WITH_UNIT(LENGTH_MEASURE(0.005),#12,'distance_accuracy_value','CONFUSED CURVE UNCERTAINTY') ;
#3500=SHAPE_REPRESENTATION_RELATIONSHIP(' ',' ',#19,#3499) ;
#65=ORIENTED_EDGE('',*,*,#44,.T.) ;
#66=ORIENTED_EDGE('',*,*,#51,.T.) ;
#67=ORIENTED_EDGE('',*,*,#58,.F.) ;
#68=ORIENTED_EDGE('',*,*,#63,.T.) ;
#110=ORIENTED_EDGE('',*,*,#84,.T.) ;
#111=ORIENTED_EDGE('',*,*,#89,.T.) ;
#112=ORIENTED_EDGE('',*,*,#44,.F.) ;
#113=ORIENTED_EDGE('',*,*,#96,.T.) ;
#114=ORIENTED_EDGE('',*,*,#103,.T.) ;
#115=ORIENTED_EDGE('',*,*,#108,.T.) ;
#143=ORIENTED_EDGE('',*,*,#89,.F.) ;
#144=ORIENTED_EDGE('',*,*,#129,.T.) ;
#145=ORIENTED_EDGE('',*,*,#136,.F.) ;
#146=ORIENTED_EDGE('',*,*,#141,.F.) ;
#147=ORIENTED_EDGE('',*,*,#51,.F.) ;
#175=ORIENTED_EDGE('',*,*,#58,.T.) ;
#176=ORIENTED_EDGE('',*,*,#161,.F.) ;
#177=ORIENTED_EDGE('',*,*,#168,.F.) ;
#178=ORIENTED_EDGE('',*,*,#173,.T.) ;
#215=ORIENTED_EDGE('',*,*,#194,.T.) ;
#216=ORIENTED_EDGE('',*,*,#201,.T.) ;
#217=ORIENTED_EDGE('',*,*,#208,.T.) ;
#218=ORIENTED_EDGE('',*,*,#213,.T.) ;
#226=ORIENTED_EDGE('',*,*,#63,.F.) ;
#227=ORIENTED_EDGE('',*,*,#173,.F.) ;
#228=ORIENTED_EDGE('',*,*,#224,.F.) ;
#229=ORIENTED_EDGE('',*,*,#96,.F.) ;
#262=ORIENTED_EDGE('',*,*,#245,.T.) ;
#263=ORIENTED_EDGE('',*,*,#250,.F.) ;
#264=ORIENTED_EDGE('',*,*,#108,.F.) ;
#265=ORIENTED_EDGE('',*,*,#255,.T.) ;
#266=ORIENTED_EDGE('',*,*,#260,.F.) ;
#275=ORIENTED_EDGE('',*,*,#168,.T.) ;
#276=ORIENTED_EDGE('',*,*,#255,.F.) ;
#277=ORIENTED_EDGE('',*,*,#103,.F.) ;
#278=ORIENTED_EDGE('',*,*,#224,.T.) ;
#572=ORIENTED_EDGE('',*,*,#294,.F.) ;
#573=ORIENTED_EDGE('',*,*,#301,.T.) ;
#574=ORIENTED_EDGE('',*,*,#308,.T.) ;
#575=ORIENTED_EDGE('',*,*,#315,.F.) ;
#576=ORIENTED_EDGE('',*,*,#322,.F.) ;
#577=ORIENTED_EDGE('',*,*,#329,.T.) ;
#578=ORIENTED_EDGE('',*,*,#336,.T.) ;
#579=ORIENTED_EDGE('',*,*,#343,.F.) ;
#580=ORIENTED_EDGE('',*,*,#350,.F.) ;
#581=ORIENTED_EDGE('',*,*,#357,.T.) ;
#582=ORIENTED_EDGE('',*,*,#364,.T.) ;
#583=ORIENTED_EDGE('',*,*,#371,.F.) ;
#584=ORIENTED_EDGE('',*,*,#378,.T.) ;
#585=ORIENTED_EDGE('',*,*,#385,.T.) ;
#586=ORIENTED_EDGE('',*,*,#392,.F.) ;
#587=ORIENTED_EDGE('',*,*,#399,.F.) ;
#588=ORIENTED_EDGE('',*,*,#406,.F.) ;
#589=ORIENTED_EDGE('',*,*,#413,.F.) ;
#590=ORIENTED_EDGE('',*,*,#420,.T.) ;
#591=ORIENTED_EDGE('',*,*,#427,.F.) ;
#592=ORIENTED_EDGE('',*,*,#434,.T.) ;
#593=ORIENTED_EDGE('',*,*,#441,.T.) ;
#594=ORIENTED_EDGE('',*,*,#448,.F.) ;
#595=ORIENTED_EDGE('',*,*,#453,.F.) ;
#596=ORIENTED_EDGE('',*,*,#129,.F.) ;
#597=ORIENTED_EDGE('',*,*,#84,.F.) ;
#598=ORIENTED_EDGE('',*,*,#250,.T.) ;
#599=ORIENTED_EDGE('',*,*,#460,.F.) ;
#600=ORIENTED_EDGE('',*,*,#467,.T.) ;
#601=ORIENTED_EDGE('',*,*,#474,.F.) ;
#602=ORIENTED_EDGE('',*,*,#481,.F.) ;
#603=ORIENTED_EDGE('',*,*,#488,.F.) ;
#604=ORIENTED_EDGE('',*,*,#495,.F.) ;
#605=ORIENTED_EDGE('',*,*,#502,.T.) ;
#606=ORIENTED_EDGE('',*,*,#509,.T.) ;
#607=ORIENTED_EDGE('',*,*,#516,.T.) ;
#608=ORIENTED_EDGE('',*,*,#523,.F.) ;
#609=ORIENTED_EDGE('',*,*,#530,.T.) ;
#610=ORIENTED_EDGE('',*,*,#537,.T.) ;
#611=ORIENTED_EDGE('',*,*,#544,.T.) ;
#612=ORIENTED_EDGE('',*,*,#551,.F.) ;
#613=ORIENTED_EDGE('',*,*,#558,.T.) ;
#614=ORIENTED_EDGE('',*,*,#565,.T.) ;
#615=ORIENTED_EDGE('',*,*,#570,.F.) ;
#759=ORIENTED_EDGE('',*,*,#631,.T.) ;
#760=ORIENTED_EDGE('',*,*,#638,.T.) ;
#761=ORIENTED_EDGE('',*,*,#645,.F.) ;
#762=ORIENTED_EDGE('',*,*,#650,.F.) ;
#763=ORIENTED_EDGE('',*,*,#427,.T.) ;
#764=ORIENTED_EDGE('',*,*,#657,.F.) ;
#765=ORIENTED_EDGE('',*,*,#664,.F.) ;
#766=ORIENTED_EDGE('',*,*,#669,.T.) ;
#767=ORIENTED_EDGE('',*,*,#399,.T.) ;
#768=ORIENTED_EDGE('',*,*,#676,.T.) ;
#769=ORIENTED_EDGE('',*,*,#683,.F.) ;
#770=ORIENTED_EDGE('',*,*,#688,.F.) ;
#771=ORIENTED_EDGE('',*,*,#371,.T.) ;
#772=ORIENTED_EDGE('',*,*,#695,.F.) ;
#773=ORIENTED_EDGE('',*,*,#702,.F.) ;
#774=ORIENTED_EDGE('',*,*,#707,.T.) ;
#775=ORIENTED_EDGE('',*,*,#488,.T.) ;
#776=ORIENTED_EDGE('',*,*,#714,.T.) ;
#777=ORIENTED_EDGE('',*,*,#721,.F.) ;
#778=ORIENTED_EDGE('',*,*,#726,.F.) ;
#779=ORIENTED_EDGE('',*,*,#460,.T.) ;
#780=ORIENTED_EDGE('',*,*,#245,.F.) ;
#781=ORIENTED_EDGE('',*,*,#731,.F.) ;
#782=ORIENTED_EDGE('',*,*,#136,.T.) ;
#783=ORIENTED_EDGE('',*,*,#453,.T.) ;
#784=ORIENTED_EDGE('',*,*,#738,.T.) ;
#785=ORIENTED_EDGE('',*,*,#745,.F.) ;
#786=ORIENTED_EDGE('',*,*,#752,.F.) ;
#787=ORIENTED_EDGE('',*,*,#757,.T.) ;
#796=ORIENTED_EDGE('',*,*,#161,.T.) ;
#797=ORIENTED_EDGE('',*,*,#141,.T.) ;
#798=ORIENTED_EDGE('',*,*,#731,.T.) ;
#799=ORIENTED_EDGE('',*,*,#260,.T.) ;
#827=ORIENTED_EDGE('',*,*,#813,.F.) ;
#828=ORIENTED_EDGE('',*,*,#820,.T.) ;
#829=ORIENTED_EDGE('',*,*,#825,.T.) ;
#830=ORIENTED_EDGE('',*,*,#194,.F.) ;
#851=ORIENTED_EDGE('',*,*,#825,.F.) ;
#852=ORIENTED_EDGE('',*,*,#844,.T.) ;
#853=ORIENTED_EDGE('',*,*,#849,.T.) ;
#854=ORIENTED_EDGE('',*,*,#201,.F.) ;
#875=ORIENTED_EDGE('',*,*,#849,.F.) ;
#876=ORIENTED_EDGE('',*,*,#868,.T.) ;
#877=ORIENTED_EDGE('',*,*,#873,.T.) ;
#878=ORIENTED_EDGE('',*,*,#208,.F.) ;
#892=ORIENTED_EDGE('',*,*,#873,.F.) ;
#893=ORIENTED_EDGE('',*,*,#890,.T.) ;
#894=ORIENTED_EDGE('',*,*,#813,.T.) ;
#895=ORIENTED_EDGE('',*,*,#213,.F.) ;
#930=ORIENTED_EDGE('',*,*,#911,.F.) ;
#931=ORIENTED_EDGE('',*,*,#916,.F.) ;
#932=ORIENTED_EDGE('',*,*,#570,.T.) ;
#933=ORIENTED_EDGE('',*,*,#923,.T.) ;
#934=ORIENTED_EDGE('',*,*,#928,.F.) ;
#955=ORIENTED_EDGE('',*,*,#565,.F.) ;
#956=ORIENTED_EDGE('',*,*,#948,.T.) ;
#957=ORIENTED_EDGE('',*,*,#953,.T.) ;
#958=ORIENTED_EDGE('',*,*,#923,.F.) ;
#1200=ORIENTED_EDGE('',*,*,#972,.F.) ;
#1201=ORIENTED_EDGE('',*,*,#948,.F.) ;
#1202=ORIENTED_EDGE('',*,*,#558,.F.) ;
#1203=ORIENTED_EDGE('',*,*,#979,.F.) ;
#1204=ORIENTED_EDGE('',*,*,#986,.F.) ;
#1205=ORIENTED_EDGE('',*,*,#993,.F.) ;
#1206=ORIENTED_EDGE('',*,*,#1000,.F.) ;
#1207=ORIENTED_EDGE('',*,*,#1007,.F.) ;
#1208=ORIENTED_EDGE('',*,*,#1014,.F.) ;
#1209=ORIENTED_EDGE('',*,*,#1019,.F.) ;
#1210=ORIENTED_EDGE('',*,*,#530,.F.) ;
#1211=ORIENTED_EDGE('',*,*,#1026,.F.) ;
#1212=ORIENTED_EDGE('',*,*,#1033,.F.) ;
#1213=ORIENTED_EDGE('',*,*,#1038,.F.) ;
#1214=ORIENTED_EDGE('',*,*,#502,.F.) ;
#1215=ORIENTED_EDGE('',*,*,#1045,.T.) ;
#1216=ORIENTED_EDGE('',*,*,#1052,.T.) ;
#1217=ORIENTED_EDGE('',*,*,#1059,.T.) ;
#1218=ORIENTED_EDGE('',*,*,#1066,.T.) ;
#1219=ORIENTED_EDGE('',*,*,#1073,.F.) ;
#1220=ORIENTED_EDGE('',*,*,#1080,.T.) ;
#1221=ORIENTED_EDGE('',*,*,#1087,.T.) ;
#1222=ORIENTED_EDGE('',*,*,#1094,.T.) ;
#1223=ORIENTED_EDGE('',*,*,#1101,.F.) ;
#1224=ORIENTED_EDGE('',*,*,#1108,.F.) ;
#1225=ORIENTED_EDGE('',*,*,#1115,.T.) ;
#1226=ORIENTED_EDGE('',*,*,#1120,.F.) ;
#1227=ORIENTED_EDGE('',*,*,#357,.F.) ;
#1228=ORIENTED_EDGE('',*,*,#1127,.T.) ;
#1229=ORIENTED_EDGE('',*,*,#1134,.T.) ;
#1230=ORIENTED_EDGE('',*,*,#1139,.T.) ;
#1231=ORIENTED_EDGE('',*,*,#329,.F.) ;
#1232=ORIENTED_EDGE('',*,*,#1146,.T.) ;
#1233=ORIENTED_EDGE('',*,*,#1153,.T.) ;
#1234=ORIENTED_EDGE('',*,*,#1160,.T.) ;
#1235=ORIENTED_EDGE('',*,*,#1167,.T.) ;
#1236=ORIENTED_EDGE('',*,*,#1174,.T.) ;
#1237=ORIENTED_EDGE('',*,*,#1181,.T.) ;
#1238=ORIENTED_EDGE('',*,*,#1186,.T.) ;
#1239=ORIENTED_EDGE('',*,*,#301,.F.) ;
#1240=ORIENTED_EDGE('',*,*,#1193,.T.) ;
#1241=ORIENTED_EDGE('',*,*,#1198,.F.) ;
#1262=ORIENTED_EDGE('',*,*,#1255,.T.) ;
#1263=ORIENTED_EDGE('',*,*,#1260,.F.) ;
#1264=ORIENTED_EDGE('',*,*,#979,.T.) ;
#1265=ORIENTED_EDGE('',*,*,#551,.T.) ;
#1314=ORIENTED_EDGE('',*,*,#1255,.F.) ;
#1315=ORIENTED_EDGE('',*,*,#544,.F.) ;
#1316=ORIENTED_EDGE('',*,*,#1279,.F.) ;
#1317=ORIENTED_EDGE('',*,*,#1286,.F.) ;
#1318=ORIENTED_EDGE('',*,*,#1293,.F.) ;
#1319=ORIENTED_EDGE('',*,*,#1300,.F.) ;
#1320=ORIENTED_EDGE('',*,*,#1307,.F.) ;
#1321=ORIENTED_EDGE('',*,*,#1312,.F.) ;
#1335=ORIENTED_EDGE('',*,*,#1279,.T.) ;
#1336=ORIENTED_EDGE('',*,*,#537,.F.) ;
#1337=ORIENTED_EDGE('',*,*,#1019,.T.) ;
#1338=ORIENTED_EDGE('',*,*,#1333,.T.) ;
#1359=ORIENTED_EDGE('',*,*,#1352,.T.) ;
#1360=ORIENTED_EDGE('',*,*,#1357,.F.) ;
#1361=ORIENTED_EDGE('',*,*,#1026,.T.) ;
#1362=ORIENTED_EDGE('',*,*,#523,.T.) ;
#1378=ORIENTED_EDGE('',*,*,#516,.F.) ;
#1379=ORIENTED_EDGE('',*,*,#1371,.T.) ;
#1380=ORIENTED_EDGE('',*,*,#1376,.F.) ;
#1381=ORIENTED_EDGE('',*,*,#1352,.F.) ;
#1395=ORIENTED_EDGE('',*,*,#509,.F.) ;
#1396=ORIENTED_EDGE('',*,*,#1038,.T.) ;
#1397=ORIENTED_EDGE('',*,*,#1393,.T.) ;
#1398=ORIENTED_EDGE('',*,*,#1371,.F.) ;
#1412=ORIENTED_EDGE('',*,*,#1045,.F.) ;
#1413=ORIENTED_EDGE('',*,*,#495,.T.) ;
#1414=ORIENTED_EDGE('',*,*,#707,.F.) ;
#1415=ORIENTED_EDGE('',*,*,#1410,.T.) ;
#1445=ORIENTED_EDGE('',*,*,#481,.T.) ;
#1446=ORIENTED_EDGE('',*,*,#1424,.T.) ;
#1447=ORIENTED_EDGE('',*,*,#1431,.F.) ;
#1448=ORIENTED_EDGE('',*,*,#1438,.T.) ;
#1449=ORIENTED_EDGE('',*,*,#1443,.F.) ;
#1450=ORIENTED_EDGE('',*,*,#714,.F.) ;
#1471=ORIENTED_EDGE('',*,*,#1464,.T.) ;
#1472=ORIENTED_EDGE('',*,*,#1424,.F.) ;
#1473=ORIENTED_EDGE('',*,*,#474,.T.) ;
#1474=ORIENTED_EDGE('',*,*,#1469,.T.) ;
#1502=ORIENTED_EDGE('',*,*,#726,.T.) ;
#1503=ORIENTED_EDGE('',*,*,#1488,.T.) ;
#1504=ORIENTED_EDGE('',*,*,#1495,.T.) ;
#1505=ORIENTED_EDGE('',*,*,#1500,.T.) ;
#1506=ORIENTED_EDGE('',*,*,#1469,.F.) ;
#1507=ORIENTED_EDGE('',*,*,#467,.F.) ;
#1542=ORIENTED_EDGE('',*,*,#738,.F.) ;
#1543=ORIENTED_EDGE('',*,*,#448,.T.) ;
#1544=ORIENTED_EDGE('',*,*,#1521,.T.) ;
#1545=ORIENTED_EDGE('',*,*,#1528,.T.) ;
#1546=ORIENTED_EDGE('',*,*,#1535,.F.) ;
#1547=ORIENTED_EDGE('',*,*,#1540,.F.) ;
#1563=ORIENTED_EDGE('',*,*,#1556,.F.) ;
#1564=ORIENTED_EDGE('',*,*,#1521,.F.) ;
#1565=ORIENTED_EDGE('',*,*,#441,.F.) ;
#1566=ORIENTED_EDGE('',*,*,#1561,.T.) ;
#1683=ORIENTED_EDGE('',*,*,#1578,.T.) ;
#1684=ORIENTED_EDGE('',*,*,#1115,.F.) ;
#1685=ORIENTED_EDGE('',*,*,#1585,.T.) ;
#1686=ORIENTED_EDGE('',*,*,#1592,.F.) ;
#1687=ORIENTED_EDGE('',*,*,#1599,.F.) ;
#1688=ORIENTED_EDGE('',*,*,#1606,.F.) ;
#1689=ORIENTED_EDGE('',*,*,#1613,.F.) ;
#1690=ORIENTED_EDGE('',*,*,#1620,.F.) ;
#1691=ORIENTED_EDGE('',*,*,#1627,.F.) ;
#1692=ORIENTED_EDGE('',*,*,#1634,.F.) ;
#1693=ORIENTED_EDGE('',*,*,#1641,.F.) ;
#1694=ORIENTED_EDGE('',*,*,#1648,.F.) ;
#1695=ORIENTED_EDGE('',*,*,#1655,.F.) ;
#1696=ORIENTED_EDGE('',*,*,#1662,.F.) ;
#1697=ORIENTED_EDGE('',*,*,#1669,.F.) ;
#1698=ORIENTED_EDGE('',*,*,#1676,.F.) ;
#1699=ORIENTED_EDGE('',*,*,#1681,.F.) ;
#1700=ORIENTED_EDGE('',*,*,#1052,.F.) ;
#1701=ORIENTED_EDGE('',*,*,#1410,.F.) ;
#1702=ORIENTED_EDGE('',*,*,#702,.T.) ;
#1716=ORIENTED_EDGE('',*,*,#721,.T.) ;
#1717=ORIENTED_EDGE('',*,*,#1443,.T.) ;
#1718=ORIENTED_EDGE('',*,*,#1714,.F.) ;
#1719=ORIENTED_EDGE('',*,*,#1488,.F.) ;
#1735=ORIENTED_EDGE('',*,*,#745,.T.) ;
#1736=ORIENTED_EDGE('',*,*,#1540,.T.) ;
#1737=ORIENTED_EDGE('',*,*,#1728,.F.) ;
#1738=ORIENTED_EDGE('',*,*,#1733,.F.) ;
#1773=ORIENTED_EDGE('',*,*,#752,.T.) ;
#1774=ORIENTED_EDGE('',*,*,#1733,.T.) ;
#1775=ORIENTED_EDGE('',*,*,#1752,.T.) ;
#1776=ORIENTED_EDGE('',*,*,#1759,.T.) ;
#1777=ORIENTED_EDGE('',*,*,#1766,.F.) ;
#1778=ORIENTED_EDGE('',*,*,#1771,.F.) ;
#1794=ORIENTED_EDGE('',*,*,#1787,.F.) ;
#1795=ORIENTED_EDGE('',*,*,#631,.F.) ;
#1796=ORIENTED_EDGE('',*,*,#757,.F.) ;
#1797=ORIENTED_EDGE('',*,*,#1771,.T.) ;
#1798=ORIENTED_EDGE('',*,*,#1792,.T.) ;
#1975=ORIENTED_EDGE('',*,*,#1814,.T.) ;
#1976=ORIENTED_EDGE('',*,*,#1821,.T.) ;
#1977=ORIENTED_EDGE('',*,*,#1828,.T.) ;
#1978=ORIENTED_EDGE('',*,*,#1835,.F.) ;
#1979=ORIENTED_EDGE('',*,*,#1842,.F.) ;
#1980=ORIENTED_EDGE('',*,*,#1849,.F.) ;
#1981=ORIENTED_EDGE('',*,*,#1856,.F.) ;
#1982=ORIENTED_EDGE('',*,*,#1863,.T.) ;
#1983=ORIENTED_EDGE('',*,*,#1870,.T.) ;
#1984=ORIENTED_EDGE('',*,*,#1877,.T.) ;
#1985=ORIENTED_EDGE('',*,*,#1884,.F.) ;
#1986=ORIENTED_EDGE('',*,*,#1891,.F.) ;
#1987=ORIENTED_EDGE('',*,*,#1898,.F.) ;
#1988=ORIENTED_EDGE('',*,*,#1905,.F.) ;
#1989=ORIENTED_EDGE('',*,*,#1912,.F.) ;
#1990=ORIENTED_EDGE('',*,*,#1919,.F.) ;
#1991=ORIENTED_EDGE('',*,*,#1926,.T.) ;
#1992=ORIENTED_EDGE('',*,*,#1933,.T.) ;
#1993=ORIENTED_EDGE('',*,*,#1940,.T.) ;
#1994=ORIENTED_EDGE('',*,*,#1947,.T.) ;
#1995=ORIENTED_EDGE('',*,*,#1954,.F.) ;
#1996=ORIENTED_EDGE('',*,*,#1961,.T.) ;
#1997=ORIENTED_EDGE('',*,*,#1968,.F.) ;
#1998=ORIENTED_EDGE('',*,*,#1973,.T.) ;
#2029=ORIENTED_EDGE('',*,*,#2008,.F.) ;
#2030=ORIENTED_EDGE('',*,*,#2015,.F.) ;
#2031=ORIENTED_EDGE('',*,*,#2022,.F.) ;
#2032=ORIENTED_EDGE('',*,*,#2027,.F.) ;
#2035=ORIENTED_EDGE('',*,*,#820,.F.) ;
#2036=ORIENTED_EDGE('',*,*,#890,.F.) ;
#2037=ORIENTED_EDGE('',*,*,#868,.F.) ;
#2038=ORIENTED_EDGE('',*,*,#844,.F.) ;
#2052=ORIENTED_EDGE('',*,*,#1198,.T.) ;
#2053=ORIENTED_EDGE('',*,*,#2050,.T.) ;
#2054=ORIENTED_EDGE('',*,*,#911,.T.) ;
#2055=ORIENTED_EDGE('',*,*,#928,.T.) ;
#2056=ORIENTED_EDGE('',*,*,#953,.F.) ;
#2057=ORIENTED_EDGE('',*,*,#972,.T.) ;
#2071=ORIENTED_EDGE('',*,*,#1312,.T.) ;
#2072=ORIENTED_EDGE('',*,*,#2069,.F.) ;
#2073=ORIENTED_EDGE('',*,*,#986,.T.) ;
#2074=ORIENTED_EDGE('',*,*,#1260,.T.) ;
#2088=ORIENTED_EDGE('',*,*,#1307,.T.) ;
#2089=ORIENTED_EDGE('',*,*,#2086,.F.) ;
#2090=ORIENTED_EDGE('',*,*,#993,.T.) ;
#2091=ORIENTED_EDGE('',*,*,#2069,.T.) ;
#2100=ORIENTED_EDGE('',*,*,#1300,.T.) ;
#2101=ORIENTED_EDGE('',*,*,#2098,.F.) ;
#2102=ORIENTED_EDGE('',*,*,#1000,.T.) ;
#2103=ORIENTED_EDGE('',*,*,#2086,.T.) ;
#2117=ORIENTED_EDGE('',*,*,#1293,.T.) ;
#2118=ORIENTED_EDGE('',*,*,#2115,.F.) ;
#2119=ORIENTED_EDGE('',*,*,#1007,.T.) ;
#2120=ORIENTED_EDGE('',*,*,#2098,.T.) ;
#2124=ORIENTED_EDGE('',*,*,#1286,.T.) ;
#2125=ORIENTED_EDGE('',*,*,#1333,.F.) ;
#2126=ORIENTED_EDGE('',*,*,#1014,.T.) ;
#2127=ORIENTED_EDGE('',*,*,#2115,.T.) ;
#2136=ORIENTED_EDGE('',*,*,#1376,.T.) ;
#2137=ORIENTED_EDGE('',*,*,#1393,.F.) ;
#2138=ORIENTED_EDGE('',*,*,#1033,.T.) ;
#2139=ORIENTED_EDGE('',*,*,#1357,.T.) ;
#2165=ORIENTED_EDGE('',*,*,#1681,.T.) ;
#2166=ORIENTED_EDGE('',*,*,#2151,.T.) ;
#2167=ORIENTED_EDGE('',*,*,#1849,.T.) ;
#2168=ORIENTED_EDGE('',*,*,#2158,.F.) ;
#2169=ORIENTED_EDGE('',*,*,#2163,.F.) ;
#2170=ORIENTED_EDGE('',*,*,#1059,.F.) ;
#2191=ORIENTED_EDGE('',*,*,#2184,.T.) ;
#2192=ORIENTED_EDGE('',*,*,#1066,.F.) ;
#2193=ORIENTED_EDGE('',*,*,#2163,.T.) ;
#2194=ORIENTED_EDGE('',*,*,#2189,.T.) ;
#2220=ORIENTED_EDGE('',*,*,#2208,.F.) ;
#2221=ORIENTED_EDGE('',*,*,#2213,.T.) ;
#2222=ORIENTED_EDGE('',*,*,#1073,.T.) ;
#2223=ORIENTED_EDGE('',*,*,#2184,.F.) ;
#2224=ORIENTED_EDGE('',*,*,#2218,.T.) ;
#2225=ORIENTED_EDGE('',*,*,#1835,.T.) ;
#2269=ORIENTED_EDGE('',*,*,#2236,.F.) ;
#2270=ORIENTED_EDGE('',*,*,#2243,.F.) ;
#2271=ORIENTED_EDGE('',*,*,#2248,.T.) ;
#2272=ORIENTED_EDGE('',*,*,#1087,.F.) ;
#2273=ORIENTED_EDGE('',*,*,#1080,.F.) ;
#2274=ORIENTED_EDGE('',*,*,#2213,.F.) ;
#2275=ORIENTED_EDGE('',*,*,#2255,.F.) ;
#2276=ORIENTED_EDGE('',*,*,#2262,.F.) ;
#2277=ORIENTED_EDGE('',*,*,#2267,.F.) ;
#2291=ORIENTED_EDGE('',*,*,#1431,.T.) ;
#2292=ORIENTED_EDGE('',*,*,#1464,.F.) ;
#2293=ORIENTED_EDGE('',*,*,#1500,.F.) ;
#2294=ORIENTED_EDGE('',*,*,#2289,.F.) ;
#2303=ORIENTED_EDGE('',*,*,#1495,.F.) ;
#2304=ORIENTED_EDGE('',*,*,#1714,.T.) ;
#2305=ORIENTED_EDGE('',*,*,#1438,.F.) ;
#2306=ORIENTED_EDGE('',*,*,#2289,.T.) ;
#2341=ORIENTED_EDGE('',*,*,#2315,.T.) ;
#2342=ORIENTED_EDGE('',*,*,#2322,.T.) ;
#2343=ORIENTED_EDGE('',*,*,#2329,.T.) ;
#2344=ORIENTED_EDGE('',*,*,#2334,.T.) ;
#2345=ORIENTED_EDGE('',*,*,#1759,.F.) ;
#2346=ORIENTED_EDGE('',*,*,#2339,.F.) ;
#2347=ORIENTED_EDGE('',*,*,#1528,.F.) ;
#2348=ORIENTED_EDGE('',*,*,#1556,.T.) ;
#2352=ORIENTED_EDGE('',*,*,#1752,.F.) ;
#2353=ORIENTED_EDGE('',*,*,#1728,.T.) ;
#2354=ORIENTED_EDGE('',*,*,#1535,.T.) ;
#2355=ORIENTED_EDGE('',*,*,#2339,.T.) ;
#2369=ORIENTED_EDGE('',*,*,#1856,.T.) ;
#2370=ORIENTED_EDGE('',*,*,#2151,.F.) ;
#2371=ORIENTED_EDGE('',*,*,#1676,.T.) ;
#2372=ORIENTED_EDGE('',*,*,#2367,.T.) ;
#2386=ORIENTED_EDGE('',*,*,#1863,.F.) ;
#2387=ORIENTED_EDGE('',*,*,#2367,.F.) ;
#2388=ORIENTED_EDGE('',*,*,#1669,.T.) ;
#2389=ORIENTED_EDGE('',*,*,#2384,.T.) ;
#2403=ORIENTED_EDGE('',*,*,#2384,.F.) ;
#2404=ORIENTED_EDGE('',*,*,#1662,.T.) ;
#2405=ORIENTED_EDGE('',*,*,#2401,.T.) ;
#2406=ORIENTED_EDGE('',*,*,#1870,.F.) ;
#2420=ORIENTED_EDGE('',*,*,#2401,.F.) ;
#2421=ORIENTED_EDGE('',*,*,#1655,.T.) ;
#2422=ORIENTED_EDGE('',*,*,#2418,.T.) ;
#2423=ORIENTED_EDGE('',*,*,#1877,.F.) ;
#2437=ORIENTED_EDGE('',*,*,#1884,.T.) ;
#2438=ORIENTED_EDGE('',*,*,#2418,.F.) ;
#2439=ORIENTED_EDGE('',*,*,#1648,.T.) ;
#2440=ORIENTED_EDGE('',*,*,#2435,.T.) ;
#2454=ORIENTED_EDGE('',*,*,#2435,.F.) ;
#2455=ORIENTED_EDGE('',*,*,#1641,.T.) ;
#2456=ORIENTED_EDGE('',*,*,#2452,.T.) ;
#2457=ORIENTED_EDGE('',*,*,#1891,.T.) ;
#2466=ORIENTED_EDGE('',*,*,#1898,.T.) ;
#2467=ORIENTED_EDGE('',*,*,#2452,.F.) ;
#2468=ORIENTED_EDGE('',*,*,#1634,.T.) ;
#2469=ORIENTED_EDGE('',*,*,#2464,.T.) ;
#2483=ORIENTED_EDGE('',*,*,#1792,.F.) ;
#2484=ORIENTED_EDGE('',*,*,#1766,.T.) ;
#2485=ORIENTED_EDGE('',*,*,#2334,.F.) ;
#2486=ORIENTED_EDGE('',*,*,#2481,.F.) ;
#2500=ORIENTED_EDGE('',*,*,#2267,.T.) ;
#2501=ORIENTED_EDGE('',*,*,#2493,.T.) ;
#2502=ORIENTED_EDGE('',*,*,#1814,.F.) ;
#2503=ORIENTED_EDGE('',*,*,#2498,.F.) ;
#2512=ORIENTED_EDGE('',*,*,#1821,.F.) ;
#2513=ORIENTED_EDGE('',*,*,#2493,.F.) ;
#2514=ORIENTED_EDGE('',*,*,#2262,.T.) ;
#2515=ORIENTED_EDGE('',*,*,#2510,.T.) ;
#2524=ORIENTED_EDGE('',*,*,#2510,.F.) ;
#2525=ORIENTED_EDGE('',*,*,#2255,.T.) ;
#2526=ORIENTED_EDGE('',*,*,#2208,.T.) ;
#2527=ORIENTED_EDGE('',*,*,#1828,.F.) ;
#2536=ORIENTED_EDGE('',*,*,#2189,.F.) ;
#2537=ORIENTED_EDGE('',*,*,#2158,.T.) ;
#2538=ORIENTED_EDGE('',*,*,#1842,.T.) ;
#2539=ORIENTED_EDGE('',*,*,#2218,.F.) ;
#2576=ORIENTED_EDGE('',*,*,#2555,.T.) ;
#2577=ORIENTED_EDGE('',*,*,#2562,.F.) ;
#2578=ORIENTED_EDGE('',*,*,#2569,.F.) ;
#2579=ORIENTED_EDGE('',*,*,#2574,.T.) ;
#2607=ORIENTED_EDGE('',*,*,#2595,.T.) ;
#2608=ORIENTED_EDGE('',*,*,#2600,.F.) ;
#2609=ORIENTED_EDGE('',*,*,#2555,.F.) ;
#2610=ORIENTED_EDGE('',*,*,#2605,.T.) ;
#2629=ORIENTED_EDGE('',*,*,#657,.T.) ;
#2630=ORIENTED_EDGE('',*,*,#420,.F.) ;
#2631=ORIENTED_EDGE('',*,*,#2622,.T.) ;
#2632=ORIENTED_EDGE('',*,*,#2562,.T.) ;
#2633=ORIENTED_EDGE('',*,*,#2627,.F.) ;
#2661=ORIENTED_EDGE('',*,*,#413,.T.) ;
#2662=ORIENTED_EDGE('',*,*,#2647,.F.) ;
#2663=ORIENTED_EDGE('',*,*,#2654,.F.) ;
#2664=ORIENTED_EDGE('',*,*,#2659,.T.) ;
#2665=ORIENTED_EDGE('',*,*,#2569,.T.) ;
#2666=ORIENTED_EDGE('',*,*,#2622,.F.) ;
#2703=ORIENTED_EDGE('',*,*,#2682,.T.) ;
#2704=ORIENTED_EDGE('',*,*,#2689,.T.) ;
#2705=ORIENTED_EDGE('',*,*,#2696,.T.) ;
#2706=ORIENTED_EDGE('',*,*,#2701,.T.) ;
#2714=ORIENTED_EDGE('',*,*,#2712,.F.) ;
#2715=ORIENTED_EDGE('',*,*,#2605,.F.) ;
#2716=ORIENTED_EDGE('',*,*,#2574,.F.) ;
#2717=ORIENTED_EDGE('',*,*,#2659,.F.) ;
#2731=ORIENTED_EDGE('',*,*,#2654,.T.) ;
#2732=ORIENTED_EDGE('',*,*,#2729,.T.) ;
#2733=ORIENTED_EDGE('',*,*,#2595,.F.) ;
#2734=ORIENTED_EDGE('',*,*,#2712,.T.) ;
#2748=ORIENTED_EDGE('',*,*,#2600,.T.) ;
#2749=ORIENTED_EDGE('',*,*,#2746,.T.) ;
#2750=ORIENTED_EDGE('',*,*,#664,.T.) ;
#2751=ORIENTED_EDGE('',*,*,#2627,.T.) ;
#2760=ORIENTED_EDGE('',*,*,#2746,.F.) ;
#2761=ORIENTED_EDGE('',*,*,#2729,.F.) ;
#2762=ORIENTED_EDGE('',*,*,#2647,.T.) ;
#2763=ORIENTED_EDGE('',*,*,#406,.T.) ;
#2764=ORIENTED_EDGE('',*,*,#669,.F.) ;
#2783=ORIENTED_EDGE('',*,*,#2776,.F.) ;
#2784=ORIENTED_EDGE('',*,*,#2027,.T.) ;
#2785=ORIENTED_EDGE('',*,*,#2781,.T.) ;
#2786=ORIENTED_EDGE('',*,*,#2682,.F.) ;
#2800=ORIENTED_EDGE('',*,*,#2781,.F.) ;
#2801=ORIENTED_EDGE('',*,*,#2022,.T.) ;
#2802=ORIENTED_EDGE('',*,*,#2798,.T.) ;
#2803=ORIENTED_EDGE('',*,*,#2689,.F.) ;
#2817=ORIENTED_EDGE('',*,*,#2798,.F.) ;
#2818=ORIENTED_EDGE('',*,*,#2015,.T.) ;
#2819=ORIENTED_EDGE('',*,*,#2815,.T.) ;
#2820=ORIENTED_EDGE('',*,*,#2696,.F.) ;
#2829=ORIENTED_EDGE('',*,*,#2815,.F.) ;
#2830=ORIENTED_EDGE('',*,*,#2008,.T.) ;
#2831=ORIENTED_EDGE('',*,*,#2776,.T.) ;
#2832=ORIENTED_EDGE('',*,*,#2701,.F.) ;
#2853=ORIENTED_EDGE('',*,*,#2846,.T.) ;
#2854=ORIENTED_EDGE('',*,*,#2851,.T.) ;
#2855=ORIENTED_EDGE('',*,*,#2315,.F.) ;
#2856=ORIENTED_EDGE('',*,*,#1561,.F.) ;
#2857=ORIENTED_EDGE('',*,*,#434,.F.) ;
#2858=ORIENTED_EDGE('',*,*,#650,.T.) ;
#2893=ORIENTED_EDGE('',*,*,#392,.T.) ;
#2894=ORIENTED_EDGE('',*,*,#2872,.T.) ;
#2895=ORIENTED_EDGE('',*,*,#2879,.F.) ;
#2896=ORIENTED_EDGE('',*,*,#2886,.F.) ;
#2897=ORIENTED_EDGE('',*,*,#2891,.F.) ;
#2898=ORIENTED_EDGE('',*,*,#676,.F.) ;
#2914=ORIENTED_EDGE('',*,*,#2872,.F.) ;
#2915=ORIENTED_EDGE('',*,*,#385,.F.) ;
#2916=ORIENTED_EDGE('',*,*,#2907,.T.) ;
#2917=ORIENTED_EDGE('',*,*,#2912,.F.) ;
#2945=ORIENTED_EDGE('',*,*,#688,.T.) ;
#2946=ORIENTED_EDGE('',*,*,#2931,.T.) ;
#2947=ORIENTED_EDGE('',*,*,#2938,.F.) ;
#2948=ORIENTED_EDGE('',*,*,#2943,.T.) ;
#2949=ORIENTED_EDGE('',*,*,#2907,.F.) ;
#2950=ORIENTED_EDGE('',*,*,#378,.F.) ;
#2959=ORIENTED_EDGE('',*,*,#364,.F.) ;
#2960=ORIENTED_EDGE('',*,*,#1120,.T.) ;
#2961=ORIENTED_EDGE('',*,*,#1578,.F.) ;
#2962=ORIENTED_EDGE('',*,*,#695,.T.) ;
#2978=ORIENTED_EDGE('',*,*,#2971,.T.) ;
#2979=ORIENTED_EDGE('',*,*,#2976,.F.) ;
#2980=ORIENTED_EDGE('',*,*,#1127,.F.) ;
#2981=ORIENTED_EDGE('',*,*,#350,.T.) ;
#2997=ORIENTED_EDGE('',*,*,#2990,.T.) ;
#2998=ORIENTED_EDGE('',*,*,#2995,.T.) ;
#2999=ORIENTED_EDGE('',*,*,#2971,.F.) ;
#3000=ORIENTED_EDGE('',*,*,#343,.T.) ;
#3014=ORIENTED_EDGE('',*,*,#336,.F.) ;
#3015=ORIENTED_EDGE('',*,*,#1139,.F.) ;
#3016=ORIENTED_EDGE('',*,*,#3012,.T.) ;
#3017=ORIENTED_EDGE('',*,*,#2990,.F.) ;
#3038=ORIENTED_EDGE('',*,*,#3031,.F.) ;
#3039=ORIENTED_EDGE('',*,*,#1146,.F.) ;
#3040=ORIENTED_EDGE('',*,*,#322,.T.) ;
#3041=ORIENTED_EDGE('',*,*,#3036,.F.) ;
#3090=ORIENTED_EDGE('',*,*,#3057,.T.) ;
#3091=ORIENTED_EDGE('',*,*,#3064,.T.) ;
#3092=ORIENTED_EDGE('',*,*,#3071,.T.) ;
#3093=ORIENTED_EDGE('',*,*,#3078,.T.) ;
#3094=ORIENTED_EDGE('',*,*,#3083,.T.) ;
#3095=ORIENTED_EDGE('',*,*,#3036,.T.) ;
#3096=ORIENTED_EDGE('',*,*,#315,.T.) ;
#3097=ORIENTED_EDGE('',*,*,#3088,.T.) ;
#3111=ORIENTED_EDGE('',*,*,#308,.F.) ;
#3112=ORIENTED_EDGE('',*,*,#1186,.F.) ;
#3113=ORIENTED_EDGE('',*,*,#3109,.T.) ;
#3114=ORIENTED_EDGE('',*,*,#3088,.F.) ;
#3123=ORIENTED_EDGE('',*,*,#916,.T.) ;
#3124=ORIENTED_EDGE('',*,*,#2050,.F.) ;
#3125=ORIENTED_EDGE('',*,*,#1193,.F.) ;
#3126=ORIENTED_EDGE('',*,*,#294,.T.) ;
#3147=ORIENTED_EDGE('',*,*,#1787,.T.) ;
#3148=ORIENTED_EDGE('',*,*,#2481,.T.) ;
#3149=ORIENTED_EDGE('',*,*,#2329,.F.) ;
#3150=ORIENTED_EDGE('',*,*,#3140,.F.) ;
#3151=ORIENTED_EDGE('',*,*,#3145,.F.) ;
#3152=ORIENTED_EDGE('',*,*,#638,.F.) ;
#3166=ORIENTED_EDGE('',*,*,#645,.T.) ;
#3167=ORIENTED_EDGE('',*,*,#3145,.T.) ;
#3168=ORIENTED_EDGE('',*,*,#3164,.T.) ;
#3169=ORIENTED_EDGE('',*,*,#2846,.F.) ;
#3178=ORIENTED_EDGE('',*,*,#683,.T.) ;
#3179=ORIENTED_EDGE('',*,*,#2891,.T.) ;
#3180=ORIENTED_EDGE('',*,*,#3176,.T.) ;
#3181=ORIENTED_EDGE('',*,*,#2931,.F.) ;
#3190=ORIENTED_EDGE('',*,*,#2322,.F.) ;
#3191=ORIENTED_EDGE('',*,*,#2851,.F.) ;
#3192=ORIENTED_EDGE('',*,*,#3164,.F.) ;
#3193=ORIENTED_EDGE('',*,*,#3140,.T.) ;
#3202=ORIENTED_EDGE('',*,*,#3200,.T.) ;
#3203=ORIENTED_EDGE('',*,*,#2879,.T.) ;
#3204=ORIENTED_EDGE('',*,*,#2912,.T.) ;
#3205=ORIENTED_EDGE('',*,*,#2943,.F.) ;
#3209=ORIENTED_EDGE('',*,*,#3200,.F.) ;
#3210=ORIENTED_EDGE('',*,*,#2938,.T.) ;
#3211=ORIENTED_EDGE('',*,*,#3176,.F.) ;
#3212=ORIENTED_EDGE('',*,*,#2886,.T.) ;
#3238=ORIENTED_EDGE('',*,*,#2248,.F.) ;
#3239=ORIENTED_EDGE('',*,*,#3224,.T.) ;
#3240=ORIENTED_EDGE('',*,*,#1961,.F.) ;
#3241=ORIENTED_EDGE('',*,*,#3231,.F.) ;
#3242=ORIENTED_EDGE('',*,*,#3236,.T.) ;
#3243=ORIENTED_EDGE('',*,*,#1094,.F.) ;
#3264=ORIENTED_EDGE('',*,*,#3257,.F.) ;
#3265=ORIENTED_EDGE('',*,*,#1101,.T.) ;
#3266=ORIENTED_EDGE('',*,*,#3236,.F.) ;
#3267=ORIENTED_EDGE('',*,*,#3262,.T.) ;
#3286=ORIENTED_EDGE('',*,*,#3279,.F.) ;
#3287=ORIENTED_EDGE('',*,*,#1585,.F.) ;
#3288=ORIENTED_EDGE('',*,*,#1108,.T.) ;
#3289=ORIENTED_EDGE('',*,*,#3257,.T.) ;
#3290=ORIENTED_EDGE('',*,*,#3284,.T.) ;
#3291=ORIENTED_EDGE('',*,*,#1947,.F.) ;
#3300=ORIENTED_EDGE('',*,*,#3012,.F.) ;
#3301=ORIENTED_EDGE('',*,*,#1134,.F.) ;
#3302=ORIENTED_EDGE('',*,*,#2976,.T.) ;
#3303=ORIENTED_EDGE('',*,*,#2995,.F.) ;
#3317=ORIENTED_EDGE('',*,*,#3315,.F.) ;
#3318=ORIENTED_EDGE('',*,*,#1153,.F.) ;
#3319=ORIENTED_EDGE('',*,*,#3031,.T.) ;
#3320=ORIENTED_EDGE('',*,*,#3083,.F.) ;
#3334=ORIENTED_EDGE('',*,*,#3332,.F.) ;
#3335=ORIENTED_EDGE('',*,*,#1160,.F.) ;
#3336=ORIENTED_EDGE('',*,*,#3315,.T.) ;
#3337=ORIENTED_EDGE('',*,*,#3078,.F.) ;
#3346=ORIENTED_EDGE('',*,*,#3344,.F.) ;
#3347=ORIENTED_EDGE('',*,*,#1167,.F.) ;
#3348=ORIENTED_EDGE('',*,*,#3332,.T.) ;
#3349=ORIENTED_EDGE('',*,*,#3071,.F.) ;
#3363=ORIENTED_EDGE('',*,*,#3361,.F.) ;
#3364=ORIENTED_EDGE('',*,*,#1174,.F.) ;
#3365=ORIENTED_EDGE('',*,*,#3344,.T.) ;
#3366=ORIENTED_EDGE('',*,*,#3064,.F.) ;
#3370=ORIENTED_EDGE('',*,*,#3109,.F.) ;
#3371=ORIENTED_EDGE('',*,*,#1181,.F.) ;
#3372=ORIENTED_EDGE('',*,*,#3361,.T.) ;
#3373=ORIENTED_EDGE('',*,*,#3057,.F.) ;
#3387=ORIENTED_EDGE('',*,*,#2464,.F.) ;
#3388=ORIENTED_EDGE('',*,*,#1627,.T.) ;
#3389=ORIENTED_EDGE('',*,*,#3385,.T.) ;
#3390=ORIENTED_EDGE('',*,*,#1905,.T.) ;
#3399=ORIENTED_EDGE('',*,*,#1912,.T.) ;
#3400=ORIENTED_EDGE('',*,*,#3385,.F.) ;
#3401=ORIENTED_EDGE('',*,*,#1620,.T.) ;
#3402=ORIENTED_EDGE('',*,*,#3397,.T.) ;
#3416=ORIENTED_EDGE('',*,*,#1919,.T.) ;
#3417=ORIENTED_EDGE('',*,*,#3397,.F.) ;
#3418=ORIENTED_EDGE('',*,*,#1613,.T.) ;
#3419=ORIENTED_EDGE('',*,*,#3414,.T.) ;
#3428=ORIENTED_EDGE('',*,*,#3414,.F.) ;
#3429=ORIENTED_EDGE('',*,*,#1606,.T.) ;
#3430=ORIENTED_EDGE('',*,*,#3426,.T.) ;
#3431=ORIENTED_EDGE('',*,*,#1926,.F.) ;
#3445=ORIENTED_EDGE('',*,*,#1933,.F.) ;
#3446=ORIENTED_EDGE('',*,*,#3426,.F.) ;
#3447=ORIENTED_EDGE('',*,*,#1599,.T.) ;
#3448=ORIENTED_EDGE('',*,*,#3443,.T.) ;
#3457=ORIENTED_EDGE('',*,*,#3443,.F.) ;
#3458=ORIENTED_EDGE('',*,*,#1592,.T.) ;
#3459=ORIENTED_EDGE('',*,*,#3279,.T.) ;
#3460=ORIENTED_EDGE('',*,*,#1940,.F.) ;
#3469=ORIENTED_EDGE('',*,*,#3262,.F.) ;
#3470=ORIENTED_EDGE('',*,*,#3231,.T.) ;
#3471=ORIENTED_EDGE('',*,*,#1954,.T.) ;
#3472=ORIENTED_EDGE('',*,*,#3284,.F.) ;
#3486=ORIENTED_EDGE('',*,*,#1968,.T.) ;
#3487=ORIENTED_EDGE('',*,*,#3224,.F.) ;
#3488=ORIENTED_EDGE('',*,*,#2243,.T.) ;
#3489=ORIENTED_EDGE('',*,*,#3484,.T.) ;
#3493=ORIENTED_EDGE('',*,*,#1973,.F.) ;
#3494=ORIENTED_EDGE('',*,*,#3484,.F.) ;
#3495=ORIENTED_EDGE('',*,*,#2236,.T.) ;
#3496=ORIENTED_EDGE('',*,*,#2498,.T.) ;
#3545=ORIENTED_EDGE('',*,*,#3524,.T.) ;
#3546=ORIENTED_EDGE('',*,*,#3531,.F.) ;
#3547=ORIENTED_EDGE('',*,*,#3538,.F.) ;
#3548=ORIENTED_EDGE('',*,*,#3543,.T.) ;
#3585=ORIENTED_EDGE('',*,*,#3564,.T.) ;
#3586=ORIENTED_EDGE('',*,*,#3571,.F.) ;
#3587=ORIENTED_EDGE('',*,*,#3578,.F.) ;
#3588=ORIENTED_EDGE('',*,*,#3583,.T.) ;
#3616=ORIENTED_EDGE('',*,*,#3524,.F.) ;
#3617=ORIENTED_EDGE('',*,*,#3602,.T.) ;
#3618=ORIENTED_EDGE('',*,*,#3609,.T.) ;
#3619=ORIENTED_EDGE('',*,*,#3614,.F.) ;
#3647=ORIENTED_EDGE('',*,*,#3564,.F.) ;
#3648=ORIENTED_EDGE('',*,*,#3633,.T.) ;
#3649=ORIENTED_EDGE('',*,*,#3640,.T.) ;
#3650=ORIENTED_EDGE('',*,*,#3645,.F.) ;
#3669=ORIENTED_EDGE('',*,*,#3662,.T.) ;
#3670=ORIENTED_EDGE('',*,*,#3538,.T.) ;
#3671=ORIENTED_EDGE('',*,*,#3667,.T.) ;
#3672=ORIENTED_EDGE('',*,*,#3578,.T.) ;
#3691=ORIENTED_EDGE('',*,*,#3640,.F.) ;
#3692=ORIENTED_EDGE('',*,*,#3684,.F.) ;
#3693=ORIENTED_EDGE('',*,*,#3609,.F.) ;
#3694=ORIENTED_EDGE('',*,*,#3689,.F.) ;
#3703=ORIENTED_EDGE('',*,*,#3614,.T.) ;
#3704=ORIENTED_EDGE('',*,*,#3684,.T.) ;
#3705=ORIENTED_EDGE('',*,*,#3633,.F.) ;
#3706=ORIENTED_EDGE('',*,*,#3583,.F.) ;
#3707=ORIENTED_EDGE('',*,*,#3667,.F.) ;
#3708=ORIENTED_EDGE('',*,*,#3531,.T.) ;
#3717=ORIENTED_EDGE('',*,*,#3645,.T.) ;
#3718=ORIENTED_EDGE('',*,*,#3689,.T.) ;
#3719=ORIENTED_EDGE('',*,*,#3602,.F.) ;
#3720=ORIENTED_EDGE('',*,*,#3543,.F.) ;
#3721=ORIENTED_EDGE('',*,*,#3662,.F.) ;
#3722=ORIENTED_EDGE('',*,*,#3571,.T.) ;
#3757=ORIENTED_EDGE('',*,*,#3736,.T.) ;
#3758=ORIENTED_EDGE('',*,*,#3743,.F.) ;
#3759=ORIENTED_EDGE('',*,*,#3750,.F.) ;
#3760=ORIENTED_EDGE('',*,*,#3755,.T.) ;
#3792=ORIENTED_EDGE('',*,*,#3771,.T.) ;
#3793=ORIENTED_EDGE('',*,*,#3778,.F.) ;
#3794=ORIENTED_EDGE('',*,*,#3785,.F.) ;
#3795=ORIENTED_EDGE('',*,*,#3790,.T.) ;
#3818=ORIENTED_EDGE('',*,*,#3736,.F.) ;
#3819=ORIENTED_EDGE('',*,*,#3804,.T.) ;
#3820=ORIENTED_EDGE('',*,*,#3811,.T.) ;
#3821=ORIENTED_EDGE('',*,*,#3816,.F.) ;
#3844=ORIENTED_EDGE('',*,*,#3771,.F.) ;
#3845=ORIENTED_EDGE('',*,*,#3830,.T.) ;
#3846=ORIENTED_EDGE('',*,*,#3837,.T.) ;
#3847=ORIENTED_EDGE('',*,*,#3842,.F.) ;
#3861=ORIENTED_EDGE('',*,*,#3854,.T.) ;
#3862=ORIENTED_EDGE('',*,*,#3750,.T.) ;
#3863=ORIENTED_EDGE('',*,*,#3859,.T.) ;
#3864=ORIENTED_EDGE('',*,*,#3785,.T.) ;
#3878=ORIENTED_EDGE('',*,*,#3837,.F.) ;
#3879=ORIENTED_EDGE('',*,*,#3871,.F.) ;
#3880=ORIENTED_EDGE('',*,*,#3811,.F.) ;
#3881=ORIENTED_EDGE('',*,*,#3876,.F.) ;
#3890=ORIENTED_EDGE('',*,*,#3816,.T.) ;
#3891=ORIENTED_EDGE('',*,*,#3871,.T.) ;
#3892=ORIENTED_EDGE('',*,*,#3830,.F.) ;
#3893=ORIENTED_EDGE('',*,*,#3790,.F.) ;
#3894=ORIENTED_EDGE('',*,*,#3859,.F.) ;
#3895=ORIENTED_EDGE('',*,*,#3743,.T.) ;
#3904=ORIENTED_EDGE('',*,*,#3842,.T.) ;
#3905=ORIENTED_EDGE('',*,*,#3876,.T.) ;
#3906=ORIENTED_EDGE('',*,*,#3804,.F.) ;
#3907=ORIENTED_EDGE('',*,*,#3755,.F.) ;
#3908=ORIENTED_EDGE('',*,*,#3854,.F.) ;
#3909=ORIENTED_EDGE('',*,*,#3778,.T.) ;
#230=FACE_BOUND('',#225,.T.) ;
#2033=FACE_BOUND('',#2028,.T.) ;
#2039=FACE_BOUND('',#2034,.T.) ;
#2718=FACE_BOUND('',#2713,.T.) ;
#30=CLOSED_SHELL('Closed Shell',(#70,#117,#149,#180,#231,#268,#280,#617,#789,#801,#832,#856,#880,#897,#936,#960,#1243,#1267,#1323,#1340,#1364,#1383,#1400,#1417,#1452,#1476,#1509,#1549,#1568,#1704,#1721,#1740,#1780,#1800,#2040,#2059,#2076,#2093,#2105,#2122,#2129,#2141,#2172,#2196,#2227,#2279,#2296,#2308,#2350,#2357,#2374,#2391,#2408,#2425,#2442,#2459,#2471,#2488,#2505,#2517,#2529,#2541,#2581,#2612,#2635,#2668,#2719,#2736,#2753,#2766,#2788,#2805,#2822,#2834,#2860,#2900,#2919,#2952,#2964,#2983,#3002,#3019,#3043,#3099,#3116,#3128,#3154,#3171,#3183,#3195,#3207,#3214,#3245,#3269,#3293,#3305,#3322,#3339,#3351,#3368,#3375,#3392,#3404,#3421,#3433,#3450,#3462,#3474,#3491,#3498)) ;
#3510=CLOSED_SHELL('Closed Shell',(#3550,#3590,#3621,#3652,#3674,#3696,#3710,#3724)) ;
#3727=CLOSED_SHELL('Closed Shell',(#3762,#3797,#3823,#3849,#3866,#3883,#3897,#3911)) ;
#3499=ADVANCED_BREP_SHAPE_REPRESENTATION('NONE',(#21,#3501,#3725),#16) ;
#70=ADVANCED_FACE('HOUSING',(#69),#35,.T.) ;
#117=ADVANCED_FACE('HOUSING',(#116),#75,.F.) ;
#149=ADVANCED_FACE('HOUSING',(#148),#122,.T.) ;
#180=ADVANCED_FACE('HOUSING',(#179),#154,.T.) ;
#231=ADVANCED_FACE('HOUSING',(#219,#230),#185,.T.) ;
#268=ADVANCED_FACE('HOUSING',(#267),#236,.T.) ;
#280=ADVANCED_FACE('HOUSING',(#279),#273,.T.) ;
#617=ADVANCED_FACE('HOUSING',(#616),#285,.F.) ;
#789=ADVANCED_FACE('HOUSING',(#788),#622,.T.) ;
#801=ADVANCED_FACE('HOUSING',(#800),#794,.F.) ;
#832=ADVANCED_FACE('HOUSING',(#831),#806,.T.) ;
#856=ADVANCED_FACE('HOUSING',(#855),#837,.F.) ;
#880=ADVANCED_FACE('HOUSING',(#879),#861,.T.) ;
#897=ADVANCED_FACE('HOUSING',(#896),#885,.F.) ;
#936=ADVANCED_FACE('HOUSING',(#935),#902,.F.) ;
#960=ADVANCED_FACE('HOUSING',(#959),#941,.T.) ;
#1243=ADVANCED_FACE('HOUSING',(#1242),#965,.T.) ;
#1267=ADVANCED_FACE('HOUSING',(#1266),#1248,.F.) ;
#1323=ADVANCED_FACE('HOUSING',(#1322),#1272,.T.) ;
#1340=ADVANCED_FACE('HOUSING',(#1339),#1328,.F.) ;
#1364=ADVANCED_FACE('HOUSING',(#1363),#1345,.F.) ;
#1383=ADVANCED_FACE('HOUSING',(#1382),#902,.F.) ;
#1400=ADVANCED_FACE('HOUSING',(#1399),#1388,.T.) ;
#1417=ADVANCED_FACE('HOUSING',(#1416),#1405,.F.) ;
#1452=ADVANCED_FACE('HOUSING',(#1451),#1388,.T.) ;
#1476=ADVANCED_FACE('HOUSING',(#1475),#1457,.F.) ;
#1509=ADVANCED_FACE('HOUSING',(#1508),#1481,.F.) ;
#1549=ADVANCED_FACE('HOUSING',(#1548),#1514,.F.) ;
#1568=ADVANCED_FACE('HOUSING',(#1567),#1457,.F.) ;
#1704=ADVANCED_FACE('HOUSING',(#1703),#1573,.F.) ;
#1721=ADVANCED_FACE('HOUSING',(#1720),#1709,.F.) ;
#1740=ADVANCED_FACE('HOUSING',(#1739),#1709,.F.) ;
#1780=ADVANCED_FACE('HOUSING',(#1779),#1745,.F.) ;
#1800=ADVANCED_FACE('HOUSING',(#1799),#285,.F.) ;
#2040=ADVANCED_FACE('HOUSING',(#1999,#2033,#2039),#1805,.T.) ;
#2059=ADVANCED_FACE('HOUSING',(#2058),#2045,.F.) ;
#2076=ADVANCED_FACE('HOUSING',(#2075),#2064,.F.) ;
#2093=ADVANCED_FACE('HOUSING',(#2092),#2081,.F.) ;
#2105=ADVANCED_FACE('HOUSING',(#2104),#1709,.F.) ;
#2122=ADVANCED_FACE('HOUSING',(#2121),#2110,.F.) ;
#2129=ADVANCED_FACE('HOUSING',(#2128),#2064,.F.) ;
#2141=ADVANCED_FACE('HOUSING',(#2140),#2134,.F.) ;
#2172=ADVANCED_FACE('HOUSING',(#2171),#2146,.F.) ;
#2196=ADVANCED_FACE('HOUSING',(#2195),#2177,.T.) ;
#2227=ADVANCED_FACE('HOUSING',(#2226),#2201,.F.) ;
#2279=ADVANCED_FACE('HOUSING',(#2278),#1573,.F.) ;
#2296=ADVANCED_FACE('HOUSING',(#2295),#2284,.F.) ;
#2308=ADVANCED_FACE('HOUSING',(#2307),#2301,.T.) ;
#2350=ADVANCED_FACE('HOUSING',(#2349),#2284,.F.) ;
#2357=ADVANCED_FACE('HOUSING',(#2356),#2301,.T.) ;
#2374=ADVANCED_FACE('HOUSING',(#2373),#2362,.F.) ;
#2391=ADVANCED_FACE('HOUSING',(#2390),#2379,.F.) ;
#2408=ADVANCED_FACE('HOUSING',(#2407),#2396,.T.) ;
#2425=ADVANCED_FACE('HOUSING',(#2424),#2413,.T.) ;
#2442=ADVANCED_FACE('HOUSING',(#2441),#2430,.F.) ;
#2459=ADVANCED_FACE('HOUSING',(#2458),#2447,.T.) ;
#2471=ADVANCED_FACE('HOUSING',(#2470),#2430,.F.) ;
#2488=ADVANCED_FACE('HOUSING',(#2487),#2476,.F.) ;
#2505=ADVANCED_FACE('HOUSING',(#2504),#2396,.T.) ;
#2517=ADVANCED_FACE('HOUSING',(#2516),#2379,.F.) ;
#2529=ADVANCED_FACE('HOUSING',(#2528),#2522,.T.) ;
#2541=ADVANCED_FACE('HOUSING',(#2540),#2534,.F.) ;
#2581=ADVANCED_FACE('HOUSING',(#2580),#2546,.T.) ;
#2612=ADVANCED_FACE('HOUSING',(#2611),#2586,.T.) ;
#2635=ADVANCED_FACE('HOUSING',(#2634),#2617,.F.) ;
#2668=ADVANCED_FACE('HOUSING',(#2667),#2640,.F.) ;
#2719=ADVANCED_FACE('HOUSING',(#2707,#2718),#2673,.T.) ;
#2736=ADVANCED_FACE('HOUSING',(#2735),#2724,.T.) ;
#2753=ADVANCED_FACE('HOUSING',(#2752),#2741,.F.) ;
#2766=ADVANCED_FACE('HOUSING',(#2765),#2758,.F.) ;
#2788=ADVANCED_FACE('HOUSING',(#2787),#2771,.T.) ;
#2805=ADVANCED_FACE('HOUSING',(#2804),#2793,.F.) ;
#2822=ADVANCED_FACE('HOUSING',(#2821),#2810,.T.) ;
#2834=ADVANCED_FACE('HOUSING',(#2833),#2827,.F.) ;
#2860=ADVANCED_FACE('HOUSING',(#2859),#2839,.T.) ;
#2900=ADVANCED_FACE('HOUSING',(#2899),#2865,.T.) ;
#2919=ADVANCED_FACE('HOUSING',(#2918),#1457,.F.) ;
#2952=ADVANCED_FACE('HOUSING',(#2951),#2924,.F.) ;
#2964=ADVANCED_FACE('HOUSING',(#2963),#2957,.T.) ;
#2983=ADVANCED_FACE('HOUSING',(#2982),#2924,.F.) ;
#3002=ADVANCED_FACE('HOUSING',(#3001),#902,.F.) ;
#3019=ADVANCED_FACE('HOUSING',(#3018),#3007,.T.) ;
#3043=ADVANCED_FACE('HOUSING',(#3042),#3024,.T.) ;
#3099=ADVANCED_FACE('HOUSING',(#3098),#3048,.T.) ;
#3116=ADVANCED_FACE('HOUSING',(#3115),#3104,.T.) ;
#3128=ADVANCED_FACE('HOUSING',(#3127),#3121,.F.) ;
#3154=ADVANCED_FACE('HOUSING',(#3153),#3133,.T.) ;
#3171=ADVANCED_FACE('HOUSING',(#3170),#3159,.F.) ;
#3183=ADVANCED_FACE('HOUSING',(#3182),#3159,.F.) ;
#3195=ADVANCED_FACE('HOUSING',(#3194),#3188,.T.) ;
#3207=ADVANCED_FACE('HOUSING',(#3206),#2284,.F.) ;
#3214=ADVANCED_FACE('HOUSING',(#3213),#3188,.T.) ;
#3245=ADVANCED_FACE('HOUSING',(#3244),#3219,.T.) ;
#3269=ADVANCED_FACE('HOUSING',(#3268),#3250,.T.) ;
#3293=ADVANCED_FACE('HOUSING',(#3292),#3274,.T.) ;
#3305=ADVANCED_FACE('HOUSING',(#3304),#3298,.F.) ;
#3322=ADVANCED_FACE('HOUSING',(#3321),#3310,.F.) ;
#3339=ADVANCED_FACE('HOUSING',(#3338),#3327,.T.) ;
#3351=ADVANCED_FACE('HOUSING',(#3350),#3159,.F.) ;
#3368=ADVANCED_FACE('HOUSING',(#3367),#3356,.T.) ;
#3375=ADVANCED_FACE('HOUSING',(#3374),#3310,.F.) ;
#3392=ADVANCED_FACE('HOUSING',(#3391),#3380,.T.) ;
#3404=ADVANCED_FACE('HOUSING',(#3403),#2430,.F.) ;
#3421=ADVANCED_FACE('HOUSING',(#3420),#3409,.F.) ;
#3433=ADVANCED_FACE('HOUSING',(#3432),#2396,.T.) ;
#3450=ADVANCED_FACE('HOUSING',(#3449),#3438,.F.) ;
#3462=ADVANCED_FACE('HOUSING',(#3461),#3455,.T.) ;
#3474=ADVANCED_FACE('HOUSING',(#3473),#3467,.F.) ;
#3491=ADVANCED_FACE('HOUSING',(#3490),#3479,.F.) ;
#3498=ADVANCED_FACE('HOUSING',(#3497),#3438,.F.) ;
#3550=ADVANCED_FACE('19682 L\X2\00F6\X0\tstift 90\X2\00B0\X0\',(#3549),#3515,.F.) ;
#3590=ADVANCED_FACE('19682 L\X2\00F6\X0\tstift 90\X2\00B0\X0\',(#3589),#3555,.F.) ;
#3621=ADVANCED_FACE('19682 L\X2\00F6\X0\tstift 90\X2\00B0\X0\',(#3620),#3595,.F.) ;
#3652=ADVANCED_FACE('19682 L\X2\00F6\X0\tstift 90\X2\00B0\X0\',(#3651),#3626,.F.) ;
#3674=ADVANCED_FACE('19682 L\X2\00F6\X0\tstift 90\X2\00B0\X0\',(#3673),#3657,.T.) ;
#3696=ADVANCED_FACE('19682 L\X2\00F6\X0\tstift 90\X2\00B0\X0\',(#3695),#3679,.F.) ;
#3710=ADVANCED_FACE('19682 L\X2\00F6\X0\tstift 90\X2\00B0\X0\',(#3709),#3701,.F.) ;
#3724=ADVANCED_FACE('19682 L\X2\00F6\X0\tstift 90\X2\00B0\X0\',(#3723),#3715,.F.) ;
#3762=ADVANCED_FACE('19682 L\X2\00F6\X0\tstift 90\X2\00B0\X0\',(#3761),#3515,.F.) ;
#3797=ADVANCED_FACE('19682 L\X2\00F6\X0\tstift 90\X2\00B0\X0\',(#3796),#3555,.F.) ;
#3823=ADVANCED_FACE('19682 L\X2\00F6\X0\tstift 90\X2\00B0\X0\',(#3822),#3595,.F.) ;
#3849=ADVANCED_FACE('19682 L\X2\00F6\X0\tstift 90\X2\00B0\X0\',(#3848),#3626,.F.) ;
#3866=ADVANCED_FACE('19682 L\X2\00F6\X0\tstift 90\X2\00B0\X0\',(#3865),#3657,.T.) ;
#3883=ADVANCED_FACE('19682 L\X2\00F6\X0\tstift 90\X2\00B0\X0\',(#3882),#3679,.F.) ;
#3897=ADVANCED_FACE('19682 L\X2\00F6\X0\tstift 90\X2\00B0\X0\',(#3896),#3888,.F.) ;
#3911=ADVANCED_FACE('19682 L\X2\00F6\X0\tstift 90\X2\00B0\X0\',(#3910),#3902,.F.) ;
#4=APPLICATION_PROTOCOL_DEFINITION('international standard','automotive_design',2001,#1) ;
#21=MANIFOLD_SOLID_BREP('HOUSING',#30) ;
#3501=MANIFOLD_SOLID_BREP('19682 L\X2\00F6\X0\tstift 90\X2\00B0\X0\.1',#3510) ;
#3725=MANIFOLD_SOLID_BREP('19682 L\X2\00F6\X0\tstift 90\X2\00B0\X0\.2',#3727) ;
#906=CIRCLE('generated circle',#905,0.4) ;
#927=CIRCLE('generated circle',#926,0.4) ;
#969=CIRCLE('generated circle',#968,0.4) ;
#1030=CIRCLE('generated circle',#1029,0.4) ;
#1131=CIRCLE('generated circle',#1130,0.4) ;
#1197=CIRCLE('generated circle',#1196,0.4) ;
#1375=CIRCLE('generated circle',#1374,0.4) ;
#1596=CIRCLE('generated circle',#1595,1.8) ;
#1624=CIRCLE('generated circle',#1623,1.70000201318) ;
#1638=CIRCLE('generated circle',#1637,1.70000201318) ;
#1666=CIRCLE('generated circle',#1665,1.8) ;
#1818=CIRCLE('generated circle',#1817,1.8) ;
#1860=CIRCLE('generated circle',#1859,1.8) ;
#1888=CIRCLE('generated circle',#1887,1.70000201318) ;
#1902=CIRCLE('generated circle',#1901,1.70000201318) ;
#1930=CIRCLE('generated circle',#1929,1.8) ;
#1972=CIRCLE('generated circle',#1971,1.8) ;
#2231=CIRCLE('generated circle',#2230,1.8) ;
#2259=CIRCLE('generated circle',#2258,1.8) ;
#2994=CIRCLE('generated circle',#2993,0.4) ;
#22=COLOUR_RGB('Colour',0.862745098039,0.435294117647,0.196078431373) ;
#3502=COLOUR_RGB('Colour',0.823529411765,0.823529411765,1.) ;
#3916=CONSTRUCTIVE_GEOMETRY_REPRESENTATION('supplemental geometry',(#3915),#16) ;
#3917=CONSTRUCTIVE_GEOMETRY_REPRESENTATION_RELATIONSHIP('supplemental geometry','',#19,#3916) ;
#2045=CYLINDRICAL_SURFACE('generated cylinder',#2044,0.4) ;
#2134=CYLINDRICAL_SURFACE('generated cylinder',#2133,0.4) ;
#2379=CYLINDRICAL_SURFACE('generated cylinder',#2378,1.8) ;
#2447=CYLINDRICAL_SURFACE('generated cylinder',#2446,1.70000201318) ;
#3298=CYLINDRICAL_SURFACE('generated cylinder',#3297,0.4) ;
#3380=CYLINDRICAL_SURFACE('generated cylinder',#3379,1.70000201318) ;
#3438=CYLINDRICAL_SURFACE('generated cylinder',#3437,1.8) ;
#44=EDGE_CURVE('',#41,#43,#39,.T.) ;
#51=EDGE_CURVE('',#43,#50,#48,.T.) ;
#58=EDGE_CURVE('',#57,#50,#55,.T.) ;
#63=EDGE_CURVE('',#57,#41,#62,.T.) ;
#84=EDGE_CURVE('',#81,#83,#79,.T.) ;
#89=EDGE_CURVE('',#83,#43,#88,.T.) ;
#96=EDGE_CURVE('',#41,#95,#93,.T.) ;
#103=EDGE_CURVE('',#95,#102,#100,.T.) ;
#108=EDGE_CURVE('',#102,#81,#107,.T.) ;
#129=EDGE_CURVE('',#83,#128,#126,.T.) ;
#136=EDGE_CURVE('',#135,#128,#133,.T.) ;
#141=EDGE_CURVE('',#50,#135,#140,.F.) ;
#161=EDGE_CURVE('',#160,#50,#158,.T.) ;
#168=EDGE_CURVE('',#167,#160,#165,.T.) ;
#173=EDGE_CURVE('',#167,#57,#172,.T.) ;
#194=EDGE_CURVE('',#191,#193,#189,.T.) ;
#201=EDGE_CURVE('',#193,#200,#198,.F.) ;
#208=EDGE_CURVE('',#200,#207,#205,.T.) ;
#213=EDGE_CURVE('',#207,#191,#212,.F.) ;
#224=EDGE_CURVE('',#95,#167,#223,.T.) ;
#245=EDGE_CURVE('',#242,#244,#240,.T.) ;
#250=EDGE_CURVE('',#81,#244,#249,.T.) ;
#255=EDGE_CURVE('',#102,#160,#254,.F.) ;
#260=EDGE_CURVE('',#242,#160,#259,.T.) ;
#294=EDGE_CURVE('',#291,#293,#289,.T.) ;
#301=EDGE_CURVE('',#291,#300,#298,.T.) ;
#308=EDGE_CURVE('',#300,#307,#305,.T.) ;
#315=EDGE_CURVE('',#314,#307,#312,.F.) ;
#322=EDGE_CURVE('',#321,#314,#319,.T.) ;
#329=EDGE_CURVE('',#321,#328,#326,.T.) ;
#336=EDGE_CURVE('',#328,#335,#333,.T.) ;
#343=EDGE_CURVE('',#342,#335,#340,.F.) ;
#350=EDGE_CURVE('',#349,#342,#347,.T.) ;
#357=EDGE_CURVE('',#349,#356,#354,.T.) ;
#364=EDGE_CURVE('',#356,#363,#361,.T.) ;
#371=EDGE_CURVE('',#370,#363,#368,.T.) ;
#378=EDGE_CURVE('',#370,#377,#375,.T.) ;
#385=EDGE_CURVE('',#377,#384,#382,.T.) ;
#392=EDGE_CURVE('',#391,#384,#389,.T.) ;
#399=EDGE_CURVE('',#398,#391,#396,.T.) ;
#406=EDGE_CURVE('',#405,#398,#403,.T.) ;
#413=EDGE_CURVE('',#412,#405,#410,.T.) ;
#420=EDGE_CURVE('',#412,#419,#417,.T.) ;
#427=EDGE_CURVE('',#426,#419,#424,.T.) ;
#434=EDGE_CURVE('',#426,#433,#431,.T.) ;
#441=EDGE_CURVE('',#433,#440,#438,.T.) ;
#448=EDGE_CURVE('',#447,#440,#445,.T.) ;
#453=EDGE_CURVE('',#128,#447,#452,.T.) ;
#460=EDGE_CURVE('',#459,#244,#457,.T.) ;
#467=EDGE_CURVE('',#459,#466,#464,.T.) ;
#474=EDGE_CURVE('',#473,#466,#471,.F.) ;
#481=EDGE_CURVE('',#480,#473,#478,.T.) ;
#488=EDGE_CURVE('',#487,#480,#485,.T.) ;
#495=EDGE_CURVE('',#494,#487,#492,.T.) ;
#502=EDGE_CURVE('',#494,#501,#499,.T.) ;
#509=EDGE_CURVE('',#501,#508,#506,.T.) ;
#516=EDGE_CURVE('',#508,#515,#513,.T.) ;
#523=EDGE_CURVE('',#522,#515,#520,.T.) ;
#530=EDGE_CURVE('',#522,#529,#527,.T.) ;
#537=EDGE_CURVE('',#529,#536,#534,.T.) ;
#544=EDGE_CURVE('',#536,#543,#541,.T.) ;
#551=EDGE_CURVE('',#550,#543,#548,.T.) ;
#558=EDGE_CURVE('',#550,#557,#555,.T.) ;
#565=EDGE_CURVE('',#557,#564,#562,.T.) ;
#570=EDGE_CURVE('',#293,#564,#569,.F.) ;
#631=EDGE_CURVE('',#628,#630,#626,.T.) ;
#638=EDGE_CURVE('',#630,#637,#635,.T.) ;
#645=EDGE_CURVE('',#644,#637,#642,.T.) ;
#650=EDGE_CURVE('',#426,#644,#649,.T.) ;
#657=EDGE_CURVE('',#656,#419,#654,.T.) ;
#664=EDGE_CURVE('',#663,#656,#661,.F.) ;
#669=EDGE_CURVE('',#663,#398,#668,.T.) ;
#676=EDGE_CURVE('',#391,#675,#673,.T.) ;
#683=EDGE_CURVE('',#682,#675,#680,.T.) ;
#688=EDGE_CURVE('',#370,#682,#687,.T.) ;
#695=EDGE_CURVE('',#694,#363,#692,.T.) ;
#702=EDGE_CURVE('',#701,#694,#699,.T.) ;
#707=EDGE_CURVE('',#701,#487,#706,.T.) ;
#714=EDGE_CURVE('',#480,#713,#711,.T.) ;
#721=EDGE_CURVE('',#720,#713,#718,.T.) ;
#726=EDGE_CURVE('',#459,#720,#725,.T.) ;
#731=EDGE_CURVE('',#135,#242,#730,.F.) ;
#738=EDGE_CURVE('',#447,#737,#735,.T.) ;
#745=EDGE_CURVE('',#744,#737,#742,.T.) ;
#752=EDGE_CURVE('',#751,#744,#749,.T.) ;
#757=EDGE_CURVE('',#751,#628,#756,.T.) ;
#813=EDGE_CURVE('',#812,#191,#810,.T.) ;
#820=EDGE_CURVE('',#812,#819,#817,.T.) ;
#825=EDGE_CURVE('',#819,#193,#824,.T.) ;
#844=EDGE_CURVE('',#819,#843,#841,.F.) ;
#849=EDGE_CURVE('',#843,#200,#848,.T.) ;
#868=EDGE_CURVE('',#843,#867,#865,.T.) ;
#873=EDGE_CURVE('',#867,#207,#872,.T.) ;
#890=EDGE_CURVE('',#867,#812,#889,.F.) ;
#911=EDGE_CURVE('',#908,#910,#906,.T.) ;
#916=EDGE_CURVE('',#293,#908,#915,.T.) ;
#923=EDGE_CURVE('',#564,#922,#920,.T.) ;
#928=EDGE_CURVE('',#910,#922,#927,.T.) ;
#948=EDGE_CURVE('',#557,#947,#945,.T.) ;
#953=EDGE_CURVE('',#947,#922,#952,.T.) ;
#972=EDGE_CURVE('',#947,#971,#969,.T.) ;
#979=EDGE_CURVE('',#978,#550,#976,.F.) ;
#986=EDGE_CURVE('',#985,#978,#983,.F.) ;
#993=EDGE_CURVE('',#992,#985,#990,.F.) ;
#1000=EDGE_CURVE('',#999,#992,#997,.F.) ;
#1007=EDGE_CURVE('',#1006,#999,#1004,.F.) ;
#1014=EDGE_CURVE('',#1013,#1006,#1011,.F.) ;
#1019=EDGE_CURVE('',#529,#1013,#1018,.F.) ;
#1026=EDGE_CURVE('',#1025,#522,#1023,.F.) ;
#1033=EDGE_CURVE('',#1032,#1025,#1030,.T.) ;
#1038=EDGE_CURVE('',#501,#1032,#1037,.T.) ;
#1045=EDGE_CURVE('',#494,#1044,#1042,.T.) ;
#1052=EDGE_CURVE('',#1044,#1051,#1049,.T.) ;
#1059=EDGE_CURVE('',#1051,#1058,#1056,.T.) ;
#1066=EDGE_CURVE('',#1058,#1065,#1063,.T.) ;
#1073=EDGE_CURVE('',#1072,#1065,#1070,.T.) ;
#1080=EDGE_CURVE('',#1072,#1079,#1077,.T.) ;
#1087=EDGE_CURVE('',#1079,#1086,#1084,.T.) ;
#1094=EDGE_CURVE('',#1086,#1093,#1091,.T.) ;
#1101=EDGE_CURVE('',#1100,#1093,#1098,.F.) ;
#1108=EDGE_CURVE('',#1107,#1100,#1105,.T.) ;
#1115=EDGE_CURVE('',#1107,#1114,#1112,.T.) ;
#1120=EDGE_CURVE('',#356,#1114,#1119,.T.) ;
#1127=EDGE_CURVE('',#349,#1126,#1124,.T.) ;
#1134=EDGE_CURVE('',#1126,#1133,#1131,.F.) ;
#1139=EDGE_CURVE('',#1133,#328,#1138,.F.) ;
#1146=EDGE_CURVE('',#321,#1145,#1143,.F.) ;
#1153=EDGE_CURVE('',#1145,#1152,#1150,.T.) ;
#1160=EDGE_CURVE('',#1152,#1159,#1157,.F.) ;
#1167=EDGE_CURVE('',#1159,#1166,#1164,.T.) ;
#1174=EDGE_CURVE('',#1166,#1173,#1171,.F.) ;
#1181=EDGE_CURVE('',#1173,#1180,#1178,.T.) ;
#1186=EDGE_CURVE('',#1180,#300,#1185,.F.) ;
#1193=EDGE_CURVE('',#291,#1192,#1190,.T.) ;
#1198=EDGE_CURVE('',#971,#1192,#1197,.T.) ;
#1255=EDGE_CURVE('',#543,#1254,#1252,.T.) ;
#1260=EDGE_CURVE('',#978,#1254,#1259,.T.) ;
#1279=EDGE_CURVE('',#1278,#536,#1276,.T.) ;
#1286=EDGE_CURVE('',#1285,#1278,#1283,.T.) ;
#1293=EDGE_CURVE('',#1292,#1285,#1290,.T.) ;
#1300=EDGE_CURVE('',#1299,#1292,#1297,.T.) ;
#1307=EDGE_CURVE('',#1306,#1299,#1304,.T.) ;
#1312=EDGE_CURVE('',#1254,#1306,#1311,.T.) ;
#1333=EDGE_CURVE('',#1013,#1278,#1332,.T.) ;
#1352=EDGE_CURVE('',#515,#1351,#1349,.T.) ;
#1357=EDGE_CURVE('',#1025,#1351,#1356,.T.) ;
#1371=EDGE_CURVE('',#508,#1370,#1368,.T.) ;
#1376=EDGE_CURVE('',#1351,#1370,#1375,.T.) ;
#1393=EDGE_CURVE('',#1032,#1370,#1392,.T.) ;
#1410=EDGE_CURVE('',#701,#1044,#1409,.T.) ;
#1424=EDGE_CURVE('',#473,#1423,#1421,.T.) ;
#1431=EDGE_CURVE('',#1430,#1423,#1428,.T.) ;
#1438=EDGE_CURVE('',#1430,#1437,#1435,.T.) ;
#1443=EDGE_CURVE('',#713,#1437,#1442,.T.) ;
#1464=EDGE_CURVE('',#1463,#1423,#1461,.T.) ;
#1469=EDGE_CURVE('',#466,#1463,#1468,.T.) ;
#1488=EDGE_CURVE('',#720,#1487,#1485,.T.) ;
#1495=EDGE_CURVE('',#1487,#1494,#1492,.T.) ;
#1500=EDGE_CURVE('',#1494,#1463,#1499,.T.) ;
#1521=EDGE_CURVE('',#440,#1520,#1518,.T.) ;
#1528=EDGE_CURVE('',#1520,#1527,#1525,.T.) ;
#1535=EDGE_CURVE('',#1534,#1527,#1532,.T.) ;
#1540=EDGE_CURVE('',#737,#1534,#1539,.T.) ;
#1556=EDGE_CURVE('',#1520,#1555,#1553,.F.) ;
#1561=EDGE_CURVE('',#433,#1555,#1560,.T.) ;
#1578=EDGE_CURVE('',#694,#1114,#1577,.T.) ;
#1585=EDGE_CURVE('',#1107,#1584,#1582,.T.) ;
#1592=EDGE_CURVE('',#1591,#1584,#1589,.T.) ;
#1599=EDGE_CURVE('',#1598,#1591,#1596,.F.) ;
#1606=EDGE_CURVE('',#1605,#1598,#1603,.T.) ;
#1613=EDGE_CURVE('',#1612,#1605,#1610,.F.) ;
#1620=EDGE_CURVE('',#1619,#1612,#1617,.T.) ;
#1627=EDGE_CURVE('',#1626,#1619,#1624,.T.) ;
#1634=EDGE_CURVE('',#1633,#1626,#1631,.T.) ;
#1641=EDGE_CURVE('',#1640,#1633,#1638,.T.) ;
#1648=EDGE_CURVE('',#1647,#1640,#1645,.F.) ;
#1655=EDGE_CURVE('',#1654,#1647,#1652,.T.) ;
#1662=EDGE_CURVE('',#1661,#1654,#1659,.F.) ;
#1669=EDGE_CURVE('',#1668,#1661,#1666,.F.) ;
#1676=EDGE_CURVE('',#1675,#1668,#1673,.F.) ;
#1681=EDGE_CURVE('',#1051,#1675,#1680,.T.) ;
#1714=EDGE_CURVE('',#1487,#1437,#1713,.T.) ;
#1728=EDGE_CURVE('',#1727,#1534,#1725,.T.) ;
#1733=EDGE_CURVE('',#744,#1727,#1732,.T.) ;
#1752=EDGE_CURVE('',#1727,#1751,#1749,.T.) ;
#1759=EDGE_CURVE('',#1751,#1758,#1756,.T.) ;
#1766=EDGE_CURVE('',#1765,#1758,#1763,.T.) ;
#1771=EDGE_CURVE('',#751,#1765,#1770,.T.) ;
#1787=EDGE_CURVE('',#630,#1786,#1784,.T.) ;
#1792=EDGE_CURVE('',#1765,#1786,#1791,.T.) ;
#1814=EDGE_CURVE('',#1811,#1813,#1809,.T.) ;
#1821=EDGE_CURVE('',#1813,#1820,#1818,.T.) ;
#1828=EDGE_CURVE('',#1820,#1827,#1825,.T.) ;
#1835=EDGE_CURVE('',#1834,#1827,#1832,.T.) ;
#1842=EDGE_CURVE('',#1841,#1834,#1839,.T.) ;
#1849=EDGE_CURVE('',#1848,#1841,#1846,.T.) ;
#1856=EDGE_CURVE('',#1855,#1848,#1853,.T.) ;
#1863=EDGE_CURVE('',#1855,#1862,#1860,.T.) ;
#1870=EDGE_CURVE('',#1862,#1869,#1867,.T.) ;
#1877=EDGE_CURVE('',#1869,#1876,#1874,.T.) ;
#1884=EDGE_CURVE('',#1883,#1876,#1881,.T.) ;
#1891=EDGE_CURVE('',#1890,#1883,#1888,.T.) ;
#1898=EDGE_CURVE('',#1897,#1890,#1895,.T.) ;
#1905=EDGE_CURVE('',#1904,#1897,#1902,.T.) ;
#1912=EDGE_CURVE('',#1911,#1904,#1909,.T.) ;
#1919=EDGE_CURVE('',#1918,#1911,#1916,.T.) ;
#1926=EDGE_CURVE('',#1918,#1925,#1923,.T.) ;
#1933=EDGE_CURVE('',#1925,#1932,#1930,.T.) ;
#1940=EDGE_CURVE('',#1932,#1939,#1937,.T.) ;
#1947=EDGE_CURVE('',#1939,#1946,#1944,.T.) ;
#1954=EDGE_CURVE('',#1953,#1946,#1951,.T.) ;
#1961=EDGE_CURVE('',#1953,#1960,#1958,.T.) ;
#1968=EDGE_CURVE('',#1967,#1960,#1965,.T.) ;
#1973=EDGE_CURVE('',#1967,#1811,#1972,.T.) ;
#2008=EDGE_CURVE('',#2005,#2007,#2003,.F.) ;
#2015=EDGE_CURVE('',#2014,#2005,#2012,.T.) ;
#2022=EDGE_CURVE('',#2021,#2014,#2019,.F.) ;
#2027=EDGE_CURVE('',#2007,#2021,#2026,.T.) ;
#2050=EDGE_CURVE('',#1192,#908,#2049,.F.) ;
#2069=EDGE_CURVE('',#985,#1306,#2068,.T.) ;
#2086=EDGE_CURVE('',#992,#1299,#2085,.T.) ;
#2098=EDGE_CURVE('',#999,#1292,#2097,.T.) ;
#2115=EDGE_CURVE('',#1006,#1285,#2114,.T.) ;
#2151=EDGE_CURVE('',#1675,#1848,#2150,.T.) ;
#2158=EDGE_CURVE('',#2157,#1841,#2155,.T.) ;
#2163=EDGE_CURVE('',#1058,#2157,#2162,.T.) ;
#2184=EDGE_CURVE('',#2183,#1065,#2181,.T.) ;
#2189=EDGE_CURVE('',#2157,#2183,#2188,.T.) ;
#2208=EDGE_CURVE('',#2207,#1827,#2205,.T.) ;
#2213=EDGE_CURVE('',#2207,#1072,#2212,.F.) ;
#2218=EDGE_CURVE('',#2183,#1834,#2217,.T.) ;
#2236=EDGE_CURVE('',#2233,#2235,#2231,.F.) ;
#2243=EDGE_CURVE('',#2242,#2233,#2240,.F.) ;
#2248=EDGE_CURVE('',#2242,#1086,#2247,.F.) ;
#2255=EDGE_CURVE('',#2254,#2207,#2252,.T.) ;
#2262=EDGE_CURVE('',#2261,#2254,#2259,.F.) ;
#2267=EDGE_CURVE('',#2235,#2261,#2266,.T.) ;
#2289=EDGE_CURVE('',#1430,#1494,#2288,.T.) ;
#2315=EDGE_CURVE('',#1555,#2314,#2312,.T.) ;
#2322=EDGE_CURVE('',#2314,#2321,#2319,.F.) ;
#2329=EDGE_CURVE('',#2321,#2328,#2326,.T.) ;
#2334=EDGE_CURVE('',#2328,#1758,#2333,.F.) ;
#2339=EDGE_CURVE('',#1527,#1751,#2338,.T.) ;
#2367=EDGE_CURVE('',#1668,#1855,#2366,.T.) ;
#2384=EDGE_CURVE('',#1661,#1862,#2383,.F.) ;
#2401=EDGE_CURVE('',#1654,#1869,#2400,.T.) ;
#2418=EDGE_CURVE('',#1647,#1876,#2417,.T.) ;
#2435=EDGE_CURVE('',#1640,#1883,#2434,.T.) ;
#2452=EDGE_CURVE('',#1633,#1890,#2451,.F.) ;
#2464=EDGE_CURVE('',#1626,#1897,#2463,.T.) ;
#2481=EDGE_CURVE('',#1786,#2328,#2480,.T.) ;
#2493=EDGE_CURVE('',#2261,#1813,#2492,.T.) ;
#2498=EDGE_CURVE('',#2235,#1811,#2497,.T.) ;
#2510=EDGE_CURVE('',#2254,#1820,#2509,.F.) ;
#2555=EDGE_CURVE('',#2552,#2554,#2550,.T.) ;
#2562=EDGE_CURVE('',#2561,#2554,#2559,.T.) ;
#2569=EDGE_CURVE('',#2568,#2561,#2566,.T.) ;
#2574=EDGE_CURVE('',#2568,#2552,#2573,.T.) ;
#2595=EDGE_CURVE('',#2592,#2594,#2590,.T.) ;
#2600=EDGE_CURVE('',#2554,#2594,#2599,.T.) ;
#2605=EDGE_CURVE('',#2552,#2592,#2604,.T.) ;
#2622=EDGE_CURVE('',#412,#2561,#2621,.T.) ;
#2627=EDGE_CURVE('',#656,#2554,#2626,.T.) ;
#2647=EDGE_CURVE('',#2646,#405,#2644,.T.) ;
#2654=EDGE_CURVE('',#2653,#2646,#2651,.T.) ;
#2659=EDGE_CURVE('',#2653,#2568,#2658,.T.) ;
#2682=EDGE_CURVE('',#2679,#2681,#2677,.T.) ;
#2689=EDGE_CURVE('',#2681,#2688,#2686,.F.) ;
#2696=EDGE_CURVE('',#2688,#2695,#2693,.T.) ;
#2701=EDGE_CURVE('',#2695,#2679,#2700,.F.) ;
#2712=EDGE_CURVE('',#2592,#2653,#2711,.T.) ;
#2729=EDGE_CURVE('',#2646,#2594,#2728,.T.) ;
#2746=EDGE_CURVE('',#2594,#663,#2745,.F.) ;
#2776=EDGE_CURVE('',#2007,#2679,#2775,.T.) ;
#2781=EDGE_CURVE('',#2021,#2681,#2780,.T.) ;
#2798=EDGE_CURVE('',#2014,#2688,#2797,.T.) ;
#2815=EDGE_CURVE('',#2005,#2695,#2814,.T.) ;
#2846=EDGE_CURVE('',#644,#2845,#2843,.T.) ;
#2851=EDGE_CURVE('',#2845,#2314,#2850,.T.) ;
#2872=EDGE_CURVE('',#384,#2871,#2869,.T.) ;
#2879=EDGE_CURVE('',#2878,#2871,#2876,.T.) ;
#2886=EDGE_CURVE('',#2885,#2878,#2883,.T.) ;
#2891=EDGE_CURVE('',#675,#2885,#2890,.T.) ;
#2907=EDGE_CURVE('',#377,#2906,#2904,.T.) ;
#2912=EDGE_CURVE('',#2871,#2906,#2911,.F.) ;
#2931=EDGE_CURVE('',#682,#2930,#2928,.T.) ;
#2938=EDGE_CURVE('',#2937,#2930,#2935,.T.) ;
#2943=EDGE_CURVE('',#2937,#2906,#2942,.T.) ;
#2971=EDGE_CURVE('',#342,#2970,#2968,.T.) ;
#2976=EDGE_CURVE('',#1126,#2970,#2975,.T.) ;
#2990=EDGE_CURVE('',#335,#2989,#2987,.T.) ;
#2995=EDGE_CURVE('',#2989,#2970,#2994,.F.) ;
#3012=EDGE_CURVE('',#1133,#2989,#3011,.T.) ;
#3031=EDGE_CURVE('',#1145,#3030,#3028,.T.) ;
#3036=EDGE_CURVE('',#3030,#314,#3035,.T.) ;
#3057=EDGE_CURVE('',#3054,#3056,#3052,.F.) ;
#3064=EDGE_CURVE('',#3056,#3063,#3061,.T.) ;
#3071=EDGE_CURVE('',#3063,#3070,#3068,.F.) ;
#3078=EDGE_CURVE('',#3070,#3077,#3075,.T.) ;
#3083=EDGE_CURVE('',#3077,#3030,#3082,.F.) ;
#3088=EDGE_CURVE('',#307,#3054,#3087,.T.) ;
#3109=EDGE_CURVE('',#1180,#3054,#3108,.T.) ;
#3140=EDGE_CURVE('',#3139,#2321,#3137,.T.) ;
#3145=EDGE_CURVE('',#637,#3139,#3144,.T.) ;
#3164=EDGE_CURVE('',#3139,#2845,#3163,.F.) ;
#3176=EDGE_CURVE('',#2885,#2930,#3175,.F.) ;
#3200=EDGE_CURVE('',#2937,#2878,#3199,.F.) ;
#3224=EDGE_CURVE('',#2242,#1960,#3223,.T.) ;
#3231=EDGE_CURVE('',#3230,#1953,#3228,.T.) ;
#3236=EDGE_CURVE('',#3230,#1093,#3235,.T.) ;
#3257=EDGE_CURVE('',#1100,#3256,#3254,.T.) ;
#3262=EDGE_CURVE('',#3230,#3256,#3261,.T.) ;
#3279=EDGE_CURVE('',#1584,#1939,#3278,.T.) ;
#3284=EDGE_CURVE('',#3256,#1946,#3283,.T.) ;
#3315=EDGE_CURVE('',#1152,#3077,#3314,.T.) ;
#3332=EDGE_CURVE('',#1159,#3070,#3331,.T.) ;
#3344=EDGE_CURVE('',#1166,#3063,#3343,.T.) ;
#3361=EDGE_CURVE('',#1173,#3056,#3360,.T.) ;
#3385=EDGE_CURVE('',#1619,#1904,#3384,.F.) ;
#3397=EDGE_CURVE('',#1612,#1911,#3396,.T.) ;
#3414=EDGE_CURVE('',#1605,#1918,#3413,.T.) ;
#3426=EDGE_CURVE('',#1598,#1925,#3425,.T.) ;
#3443=EDGE_CURVE('',#1591,#1932,#3442,.F.) ;
#3484=EDGE_CURVE('',#2233,#1967,#3483,.T.) ;
#3524=EDGE_CURVE('',#3521,#3523,#3519,.T.) ;
#3531=EDGE_CURVE('',#3530,#3523,#3528,.T.) ;
#3538=EDGE_CURVE('',#3537,#3530,#3535,.T.) ;
#3543=EDGE_CURVE('',#3537,#3521,#3542,.T.) ;
#3564=EDGE_CURVE('',#3561,#3563,#3559,.T.) ;
#3571=EDGE_CURVE('',#3570,#3563,#3568,.T.) ;
#3578=EDGE_CURVE('',#3577,#3570,#3575,.T.) ;
#3583=EDGE_CURVE('',#3577,#3561,#3582,.T.) ;
#3602=EDGE_CURVE('',#3521,#3601,#3599,.T.) ;
#3609=EDGE_CURVE('',#3601,#3608,#3606,.T.) ;
#3614=EDGE_CURVE('',#3523,#3608,#3613,.T.) ;
#3633=EDGE_CURVE('',#3561,#3632,#3630,.T.) ;
#3640=EDGE_CURVE('',#3632,#3639,#3637,.T.) ;
#3645=EDGE_CURVE('',#3563,#3639,#3644,.T.) ;
#3662=EDGE_CURVE('',#3570,#3537,#3661,.T.) ;
#3667=EDGE_CURVE('',#3530,#3577,#3666,.T.) ;
#3684=EDGE_CURVE('',#3608,#3632,#3683,.T.) ;
#3689=EDGE_CURVE('',#3639,#3601,#3688,.T.) ;
#3736=EDGE_CURVE('',#3733,#3735,#3731,.T.) ;
#3743=EDGE_CURVE('',#3742,#3735,#3740,.T.) ;
#3750=EDGE_CURVE('',#3749,#3742,#3747,.T.) ;
#3755=EDGE_CURVE('',#3749,#3733,#3754,.T.) ;
#3771=EDGE_CURVE('',#3768,#3770,#3766,.T.) ;
#3778=EDGE_CURVE('',#3777,#3770,#3775,.T.) ;
#3785=EDGE_CURVE('',#3784,#3777,#3782,.T.) ;
#3790=EDGE_CURVE('',#3784,#3768,#3789,.T.) ;
#3804=EDGE_CURVE('',#3733,#3803,#3801,.T.) ;
#3811=EDGE_CURVE('',#3803,#3810,#3808,.T.) ;
#3816=EDGE_CURVE('',#3735,#3810,#3815,.T.) ;
#3830=EDGE_CURVE('',#3768,#3829,#3827,.T.) ;
#3837=EDGE_CURVE('',#3829,#3836,#3834,.T.) ;
#3842=EDGE_CURVE('',#3770,#3836,#3841,.T.) ;
#3854=EDGE_CURVE('',#3777,#3749,#3853,.T.) ;
#3859=EDGE_CURVE('',#3742,#3784,#3858,.T.) ;
#3871=EDGE_CURVE('',#3810,#3829,#3870,.T.) ;
#3876=EDGE_CURVE('',#3836,#3803,#3875,.T.) ;
#64=EDGE_LOOP('',(#65,#66,#67,#68)) ;
#109=EDGE_LOOP('',(#110,#111,#112,#113,#114,#115)) ;
#142=EDGE_LOOP('',(#143,#144,#145,#146,#147)) ;
#174=EDGE_LOOP('',(#175,#176,#177,#178)) ;
#214=EDGE_LOOP('',(#215,#216,#217,#218)) ;
#225=EDGE_LOOP('',(#226,#227,#228,#229)) ;
#261=EDGE_LOOP('',(#262,#263,#264,#265,#266)) ;
#274=EDGE_LOOP('',(#275,#276,#277,#278)) ;
#571=EDGE_LOOP('',(#572,#573,#574,#575,#576,#577,#578,#579,#580,#581,#582,#583,#584,#585,#586,#587,#588,#589,#590,#591,#592,#593,#594,#595,#596,#597,#598,#599,#600,#601,#602,#603,#604,#605,#606,#607,#608,#609,#610,#611,#612,#613,#614,#615)) ;
#758=EDGE_LOOP('',(#759,#760,#761,#762,#763,#764,#765,#766,#767,#768,#769,#770,#771,#772,#773,#774,#775,#776,#777,#778,#779,#780,#781,#782,#783,#784,#785,#786,#787)) ;
#795=EDGE_LOOP('',(#796,#797,#798,#799)) ;
#826=EDGE_LOOP('',(#827,#828,#829,#830)) ;
#850=EDGE_LOOP('',(#851,#852,#853,#854)) ;
#874=EDGE_LOOP('',(#875,#876,#877,#878)) ;
#891=EDGE_LOOP('',(#892,#893,#894,#895)) ;
#929=EDGE_LOOP('',(#930,#931,#932,#933,#934)) ;
#954=EDGE_LOOP('',(#955,#956,#957,#958)) ;
#1199=EDGE_LOOP('',(#1200,#1201,#1202,#1203,#1204,#1205,#1206,#1207,#1208,#1209,#1210,#1211,#1212,#1213,#1214,#1215,#1216,#1217,#1218,#1219,#1220,#1221,#1222,#1223,#1224,#1225,#1226,#1227,#1228,#1229,#1230,#1231,#1232,#1233,#1234,#1235,#1236,#1237,#1238,#1239,#1240,#1241)) ;
#1261=EDGE_LOOP('',(#1262,#1263,#1264,#1265)) ;
#1313=EDGE_LOOP('',(#1314,#1315,#1316,#1317,#1318,#1319,#1320,#1321)) ;
#1334=EDGE_LOOP('',(#1335,#1336,#1337,#1338)) ;
#1358=EDGE_LOOP('',(#1359,#1360,#1361,#1362)) ;
#1377=EDGE_LOOP('',(#1378,#1379,#1380,#1381)) ;
#1394=EDGE_LOOP('',(#1395,#1396,#1397,#1398)) ;
#1411=EDGE_LOOP('',(#1412,#1413,#1414,#1415)) ;
#1444=EDGE_LOOP('',(#1445,#1446,#1447,#1448,#1449,#1450)) ;
#1470=EDGE_LOOP('',(#1471,#1472,#1473,#1474)) ;
#1501=EDGE_LOOP('',(#1502,#1503,#1504,#1505,#1506,#1507)) ;
#1541=EDGE_LOOP('',(#1542,#1543,#1544,#1545,#1546,#1547)) ;
#1562=EDGE_LOOP('',(#1563,#1564,#1565,#1566)) ;
#1682=EDGE_LOOP('',(#1683,#1684,#1685,#1686,#1687,#1688,#1689,#1690,#1691,#1692,#1693,#1694,#1695,#1696,#1697,#1698,#1699,#1700,#1701,#1702)) ;
#1715=EDGE_LOOP('',(#1716,#1717,#1718,#1719)) ;
#1734=EDGE_LOOP('',(#1735,#1736,#1737,#1738)) ;
#1772=EDGE_LOOP('',(#1773,#1774,#1775,#1776,#1777,#1778)) ;
#1793=EDGE_LOOP('',(#1794,#1795,#1796,#1797,#1798)) ;
#1974=EDGE_LOOP('',(#1975,#1976,#1977,#1978,#1979,#1980,#1981,#1982,#1983,#1984,#1985,#1986,#1987,#1988,#1989,#1990,#1991,#1992,#1993,#1994,#1995,#1996,#1997,#1998)) ;
#2028=EDGE_LOOP('',(#2029,#2030,#2031,#2032)) ;
#2034=EDGE_LOOP('',(#2035,#2036,#2037,#2038)) ;
#2051=EDGE_LOOP('',(#2052,#2053,#2054,#2055,#2056,#2057)) ;
#2070=EDGE_LOOP('',(#2071,#2072,#2073,#2074)) ;
#2087=EDGE_LOOP('',(#2088,#2089,#2090,#2091)) ;
#2099=EDGE_LOOP('',(#2100,#2101,#2102,#2103)) ;
#2116=EDGE_LOOP('',(#2117,#2118,#2119,#2120)) ;
#2123=EDGE_LOOP('',(#2124,#2125,#2126,#2127)) ;
#2135=EDGE_LOOP('',(#2136,#2137,#2138,#2139)) ;
#2164=EDGE_LOOP('',(#2165,#2166,#2167,#2168,#2169,#2170)) ;
#2190=EDGE_LOOP('',(#2191,#2192,#2193,#2194)) ;
#2219=EDGE_LOOP('',(#2220,#2221,#2222,#2223,#2224,#2225)) ;
#2268=EDGE_LOOP('',(#2269,#2270,#2271,#2272,#2273,#2274,#2275,#2276,#2277)) ;
#2290=EDGE_LOOP('',(#2291,#2292,#2293,#2294)) ;
#2302=EDGE_LOOP('',(#2303,#2304,#2305,#2306)) ;
#2340=EDGE_LOOP('',(#2341,#2342,#2343,#2344,#2345,#2346,#2347,#2348)) ;
#2351=EDGE_LOOP('',(#2352,#2353,#2354,#2355)) ;
#2368=EDGE_LOOP('',(#2369,#2370,#2371,#2372)) ;
#2385=EDGE_LOOP('',(#2386,#2387,#2388,#2389)) ;
#2402=EDGE_LOOP('',(#2403,#2404,#2405,#2406)) ;
#2419=EDGE_LOOP('',(#2420,#2421,#2422,#2423)) ;
#2436=EDGE_LOOP('',(#2437,#2438,#2439,#2440)) ;
#2453=EDGE_LOOP('',(#2454,#2455,#2456,#2457)) ;
#2465=EDGE_LOOP('',(#2466,#2467,#2468,#2469)) ;
#2482=EDGE_LOOP('',(#2483,#2484,#2485,#2486)) ;
#2499=EDGE_LOOP('',(#2500,#2501,#2502,#2503)) ;
#2511=EDGE_LOOP('',(#2512,#2513,#2514,#2515)) ;
#2523=EDGE_LOOP('',(#2524,#2525,#2526,#2527)) ;
#2535=EDGE_LOOP('',(#2536,#2537,#2538,#2539)) ;
#2575=EDGE_LOOP('',(#2576,#2577,#2578,#2579)) ;
#2606=EDGE_LOOP('',(#2607,#2608,#2609,#2610)) ;
#2628=EDGE_LOOP('',(#2629,#2630,#2631,#2632,#2633)) ;
#2660=EDGE_LOOP('',(#2661,#2662,#2663,#2664,#2665,#2666)) ;
#2702=EDGE_LOOP('',(#2703,#2704,#2705,#2706)) ;
#2713=EDGE_LOOP('',(#2714,#2715,#2716,#2717)) ;
#2730=EDGE_LOOP('',(#2731,#2732,#2733,#2734)) ;
#2747=EDGE_LOOP('',(#2748,#2749,#2750,#2751)) ;
#2759=EDGE_LOOP('',(#2760,#2761,#2762,#2763,#2764)) ;
#2782=EDGE_LOOP('',(#2783,#2784,#2785,#2786)) ;
#2799=EDGE_LOOP('',(#2800,#2801,#2802,#2803)) ;
#2816=EDGE_LOOP('',(#2817,#2818,#2819,#2820)) ;
#2828=EDGE_LOOP('',(#2829,#2830,#2831,#2832)) ;
#2852=EDGE_LOOP('',(#2853,#2854,#2855,#2856,#2857,#2858)) ;
#2892=EDGE_LOOP('',(#2893,#2894,#2895,#2896,#2897,#2898)) ;
#2913=EDGE_LOOP('',(#2914,#2915,#2916,#2917)) ;
#2944=EDGE_LOOP('',(#2945,#2946,#2947,#2948,#2949,#2950)) ;
#2958=EDGE_LOOP('',(#2959,#2960,#2961,#2962)) ;
#2977=EDGE_LOOP('',(#2978,#2979,#2980,#2981)) ;
#2996=EDGE_LOOP('',(#2997,#2998,#2999,#3000)) ;
#3013=EDGE_LOOP('',(#3014,#3015,#3016,#3017)) ;
#3037=EDGE_LOOP('',(#3038,#3039,#3040,#3041)) ;
#3089=EDGE_LOOP('',(#3090,#3091,#3092,#3093,#3094,#3095,#3096,#3097)) ;
#3110=EDGE_LOOP('',(#3111,#3112,#3113,#3114)) ;
#3122=EDGE_LOOP('',(#3123,#3124,#3125,#3126)) ;
#3146=EDGE_LOOP('',(#3147,#3148,#3149,#3150,#3151,#3152)) ;
#3165=EDGE_LOOP('',(#3166,#3167,#3168,#3169)) ;
#3177=EDGE_LOOP('',(#3178,#3179,#3180,#3181)) ;
#3189=EDGE_LOOP('',(#3190,#3191,#3192,#3193)) ;
#3201=EDGE_LOOP('',(#3202,#3203,#3204,#3205)) ;
#3208=EDGE_LOOP('',(#3209,#3210,#3211,#3212)) ;
#3237=EDGE_LOOP('',(#3238,#3239,#3240,#3241,#3242,#3243)) ;
#3263=EDGE_LOOP('',(#3264,#3265,#3266,#3267)) ;
#3285=EDGE_LOOP('',(#3286,#3287,#3288,#3289,#3290,#3291)) ;
#3299=EDGE_LOOP('',(#3300,#3301,#3302,#3303)) ;
#3316=EDGE_LOOP('',(#3317,#3318,#3319,#3320)) ;
#3333=EDGE_LOOP('',(#3334,#3335,#3336,#3337)) ;
#3345=EDGE_LOOP('',(#3346,#3347,#3348,#3349)) ;
#3362=EDGE_LOOP('',(#3363,#3364,#3365,#3366)) ;
#3369=EDGE_LOOP('',(#3370,#3371,#3372,#3373)) ;
#3386=EDGE_LOOP('',(#3387,#3388,#3389,#3390)) ;
#3398=EDGE_LOOP('',(#3399,#3400,#3401,#3402)) ;
#3415=EDGE_LOOP('',(#3416,#3417,#3418,#3419)) ;
#3427=EDGE_LOOP('',(#3428,#3429,#3430,#3431)) ;
#3444=EDGE_LOOP('',(#3445,#3446,#3447,#3448)) ;
#3456=EDGE_LOOP('',(#3457,#3458,#3459,#3460)) ;
#3468=EDGE_LOOP('',(#3469,#3470,#3471,#3472)) ;
#3485=EDGE_LOOP('',(#3486,#3487,#3488,#3489)) ;
#3492=EDGE_LOOP('',(#3493,#3494,#3495,#3496)) ;
#3544=EDGE_LOOP('',(#3545,#3546,#3547,#3548)) ;
#3584=EDGE_LOOP('',(#3585,#3586,#3587,#3588)) ;
#3615=EDGE_LOOP('',(#3616,#3617,#3618,#3619)) ;
#3646=EDGE_LOOP('',(#3647,#3648,#3649,#3650)) ;
#3668=EDGE_LOOP('',(#3669,#3670,#3671,#3672)) ;
#3690=EDGE_LOOP('',(#3691,#3692,#3693,#3694)) ;
#3702=EDGE_LOOP('',(#3703,#3704,#3705,#3706,#3707,#3708)) ;
#3716=EDGE_LOOP('',(#3717,#3718,#3719,#3720,#3721,#3722)) ;
#3756=EDGE_LOOP('',(#3757,#3758,#3759,#3760)) ;
#3791=EDGE_LOOP('',(#3792,#3793,#3794,#3795)) ;
#3817=EDGE_LOOP('',(#3818,#3819,#3820,#3821)) ;
#3843=EDGE_LOOP('',(#3844,#3845,#3846,#3847)) ;
#3860=EDGE_LOOP('',(#3861,#3862,#3863,#3864)) ;
#3877=EDGE_LOOP('',(#3878,#3879,#3880,#3881)) ;
#3889=EDGE_LOOP('',(#3890,#3891,#3892,#3893,#3894,#3895)) ;
#3903=EDGE_LOOP('',(#3904,#3905,#3906,#3907,#3908,#3909)) ;
#69=FACE_OUTER_BOUND('',#64,.T.) ;
#116=FACE_OUTER_BOUND('',#109,.T.) ;
#148=FACE_OUTER_BOUND('',#142,.T.) ;
#179=FACE_OUTER_BOUND('',#174,.T.) ;
#219=FACE_OUTER_BOUND('',#214,.T.) ;
#267=FACE_OUTER_BOUND('',#261,.T.) ;
#279=FACE_OUTER_BOUND('',#274,.T.) ;
#616=FACE_OUTER_BOUND('',#571,.T.) ;
#788=FACE_OUTER_BOUND('',#758,.T.) ;
#800=FACE_OUTER_BOUND('',#795,.T.) ;
#831=FACE_OUTER_BOUND('',#826,.T.) ;
#855=FACE_OUTER_BOUND('',#850,.T.) ;
#879=FACE_OUTER_BOUND('',#874,.T.) ;
#896=FACE_OUTER_BOUND('',#891,.T.) ;
#935=FACE_OUTER_BOUND('',#929,.T.) ;
#959=FACE_OUTER_BOUND('',#954,.T.) ;
#1242=FACE_OUTER_BOUND('',#1199,.T.) ;
#1266=FACE_OUTER_BOUND('',#1261,.T.) ;
#1322=FACE_OUTER_BOUND('',#1313,.T.) ;
#1339=FACE_OUTER_BOUND('',#1334,.T.) ;
#1363=FACE_OUTER_BOUND('',#1358,.T.) ;
#1382=FACE_OUTER_BOUND('',#1377,.T.) ;
#1399=FACE_OUTER_BOUND('',#1394,.T.) ;
#1416=FACE_OUTER_BOUND('',#1411,.T.) ;
#1451=FACE_OUTER_BOUND('',#1444,.T.) ;
#1475=FACE_OUTER_BOUND('',#1470,.T.) ;
#1508=FACE_OUTER_BOUND('',#1501,.T.) ;
#1548=FACE_OUTER_BOUND('',#1541,.T.) ;
#1567=FACE_OUTER_BOUND('',#1562,.T.) ;
#1703=FACE_OUTER_BOUND('',#1682,.T.) ;
#1720=FACE_OUTER_BOUND('',#1715,.T.) ;
#1739=FACE_OUTER_BOUND('',#1734,.T.) ;
#1779=FACE_OUTER_BOUND('',#1772,.T.) ;
#1799=FACE_OUTER_BOUND('',#1793,.T.) ;
#1999=FACE_OUTER_BOUND('',#1974,.T.) ;
#2058=FACE_OUTER_BOUND('',#2051,.T.) ;
#2075=FACE_OUTER_BOUND('',#2070,.T.) ;
#2092=FACE_OUTER_BOUND('',#2087,.T.) ;
#2104=FACE_OUTER_BOUND('',#2099,.T.) ;
#2121=FACE_OUTER_BOUND('',#2116,.T.) ;
#2128=FACE_OUTER_BOUND('',#2123,.T.) ;
#2140=FACE_OUTER_BOUND('',#2135,.T.) ;
#2171=FACE_OUTER_BOUND('',#2164,.T.) ;
#2195=FACE_OUTER_BOUND('',#2190,.T.) ;
#2226=FACE_OUTER_BOUND('',#2219,.T.) ;
#2278=FACE_OUTER_BOUND('',#2268,.T.) ;
#2295=FACE_OUTER_BOUND('',#2290,.T.) ;
#2307=FACE_OUTER_BOUND('',#2302,.T.) ;
#2349=FACE_OUTER_BOUND('',#2340,.T.) ;
#2356=FACE_OUTER_BOUND('',#2351,.T.) ;
#2373=FACE_OUTER_BOUND('',#2368,.T.) ;
#2390=FACE_OUTER_BOUND('',#2385,.T.) ;
#2407=FACE_OUTER_BOUND('',#2402,.T.) ;
#2424=FACE_OUTER_BOUND('',#2419,.T.) ;
#2441=FACE_OUTER_BOUND('',#2436,.T.) ;
#2458=FACE_OUTER_BOUND('',#2453,.T.) ;
#2470=FACE_OUTER_BOUND('',#2465,.T.) ;
#2487=FACE_OUTER_BOUND('',#2482,.T.) ;
#2504=FACE_OUTER_BOUND('',#2499,.T.) ;
#2516=FACE_OUTER_BOUND('',#2511,.T.) ;
#2528=FACE_OUTER_BOUND('',#2523,.T.) ;
#2540=FACE_OUTER_BOUND('',#2535,.T.) ;
#2580=FACE_OUTER_BOUND('',#2575,.T.) ;
#2611=FACE_OUTER_BOUND('',#2606,.T.) ;
#2634=FACE_OUTER_BOUND('',#2628,.T.) ;
#2667=FACE_OUTER_BOUND('',#2660,.T.) ;
#2707=FACE_OUTER_BOUND('',#2702,.T.) ;
#2735=FACE_OUTER_BOUND('',#2730,.T.) ;
#2752=FACE_OUTER_BOUND('',#2747,.T.) ;
#2765=FACE_OUTER_BOUND('',#2759,.T.) ;
#2787=FACE_OUTER_BOUND('',#2782,.T.) ;
#2804=FACE_OUTER_BOUND('',#2799,.T.) ;
#2821=FACE_OUTER_BOUND('',#2816,.T.) ;
#2833=FACE_OUTER_BOUND('',#2828,.T.) ;
#2859=FACE_OUTER_BOUND('',#2852,.T.) ;
#2899=FACE_OUTER_BOUND('',#2892,.T.) ;
#2918=FACE_OUTER_BOUND('',#2913,.T.) ;
#2951=FACE_OUTER_BOUND('',#2944,.T.) ;
#2963=FACE_OUTER_BOUND('',#2958,.T.) ;
#2982=FACE_OUTER_BOUND('',#2977,.T.) ;
#3001=FACE_OUTER_BOUND('',#2996,.T.) ;
#3018=FACE_OUTER_BOUND('',#3013,.T.) ;
#3042=FACE_OUTER_BOUND('',#3037,.T.) ;
#3098=FACE_OUTER_BOUND('',#3089,.T.) ;
#3115=FACE_OUTER_BOUND('',#3110,.T.) ;
#3127=FACE_OUTER_BOUND('',#3122,.T.) ;
#3153=FACE_OUTER_BOUND('',#3146,.T.) ;
#3170=FACE_OUTER_BOUND('',#3165,.T.) ;
#3182=FACE_OUTER_BOUND('',#3177,.T.) ;
#3194=FACE_OUTER_BOUND('',#3189,.T.) ;
#3206=FACE_OUTER_BOUND('',#3201,.T.) ;
#3213=FACE_OUTER_BOUND('',#3208,.T.) ;
#3244=FACE_OUTER_BOUND('',#3237,.T.) ;
#3268=FACE_OUTER_BOUND('',#3263,.T.) ;
#3292=FACE_OUTER_BOUND('',#3285,.T.) ;
#3304=FACE_OUTER_BOUND('',#3299,.T.) ;
#3321=FACE_OUTER_BOUND('',#3316,.T.) ;
#3338=FACE_OUTER_BOUND('',#3333,.T.) ;
#3350=FACE_OUTER_BOUND('',#3345,.T.) ;
#3367=FACE_OUTER_BOUND('',#3362,.T.) ;
#3374=FACE_OUTER_BOUND('',#3369,.T.) ;
#3391=FACE_OUTER_BOUND('',#3386,.T.) ;
#3403=FACE_OUTER_BOUND('',#3398,.T.) ;
#3420=FACE_OUTER_BOUND('',#3415,.T.) ;
#3432=FACE_OUTER_BOUND('',#3427,.T.) ;
#3449=FACE_OUTER_BOUND('',#3444,.T.) ;
#3461=FACE_OUTER_BOUND('',#3456,.T.) ;
#3473=FACE_OUTER_BOUND('',#3468,.T.) ;
#3490=FACE_OUTER_BOUND('',#3485,.T.) ;
#3497=FACE_OUTER_BOUND('',#3492,.T.) ;
#3549=FACE_OUTER_BOUND('',#3544,.T.) ;
#3589=FACE_OUTER_BOUND('',#3584,.T.) ;
#3620=FACE_OUTER_BOUND('',#3615,.T.) ;
#3651=FACE_OUTER_BOUND('',#3646,.T.) ;
#3673=FACE_OUTER_BOUND('',#3668,.T.) ;
#3695=FACE_OUTER_BOUND('',#3690,.T.) ;
#3709=FACE_OUTER_BOUND('',#3702,.T.) ;
#3723=FACE_OUTER_BOUND('',#3716,.T.) ;
#3761=FACE_OUTER_BOUND('',#3756,.T.) ;
#3796=FACE_OUTER_BOUND('',#3791,.T.) ;
#3822=FACE_OUTER_BOUND('',#3817,.T.) ;
#3848=FACE_OUTER_BOUND('',#3843,.T.) ;
#3865=FACE_OUTER_BOUND('',#3860,.T.) ;
#3882=FACE_OUTER_BOUND('',#3877,.T.) ;
#3896=FACE_OUTER_BOUND('',#3889,.T.) ;
#3910=FACE_OUTER_BOUND('',#3903,.T.) ;
#39=LINE('Line',#36,#38) ;
#48=LINE('Line',#45,#47) ;
#55=LINE('Line',#52,#54) ;
#62=LINE('Line',#59,#61) ;
#79=LINE('Line',#76,#78) ;
#88=LINE('Line',#85,#87) ;
#93=LINE('Line',#90,#92) ;
#100=LINE('Line',#97,#99) ;
#107=LINE('Line',#104,#106) ;
#126=LINE('Line',#123,#125) ;
#133=LINE('Line',#130,#132) ;
#140=LINE('Line',#137,#139) ;
#158=LINE('Line',#155,#157) ;
#165=LINE('Line',#162,#164) ;
#172=LINE('Line',#169,#171) ;
#189=LINE('Line',#186,#188) ;
#198=LINE('Line',#195,#197) ;
#205=LINE('Line',#202,#204) ;
#212=LINE('Line',#209,#211) ;
#223=LINE('Line',#220,#222) ;
#240=LINE('Line',#237,#239) ;
#249=LINE('Line',#246,#248) ;
#254=LINE('Line',#251,#253) ;
#259=LINE('Line',#256,#258) ;
#289=LINE('Line',#286,#288) ;
#298=LINE('Line',#295,#297) ;
#305=LINE('Line',#302,#304) ;
#312=LINE('Line',#309,#311) ;
#319=LINE('Line',#316,#318) ;
#326=LINE('Line',#323,#325) ;
#333=LINE('Line',#330,#332) ;
#340=LINE('Line',#337,#339) ;
#347=LINE('Line',#344,#346) ;
#354=LINE('Line',#351,#353) ;
#361=LINE('Line',#358,#360) ;
#368=LINE('Line',#365,#367) ;
#375=LINE('Line',#372,#374) ;
#382=LINE('Line',#379,#381) ;
#389=LINE('Line',#386,#388) ;
#396=LINE('Line',#393,#395) ;
#403=LINE('Line',#400,#402) ;
#410=LINE('Line',#407,#409) ;
#417=LINE('Line',#414,#416) ;
#424=LINE('Line',#421,#423) ;
#431=LINE('Line',#428,#430) ;
#438=LINE('Line',#435,#437) ;
#445=LINE('Line',#442,#444) ;
#452=LINE('Line',#449,#451) ;
#457=LINE('Line',#454,#456) ;
#464=LINE('Line',#461,#463) ;
#471=LINE('Line',#468,#470) ;
#478=LINE('Line',#475,#477) ;
#485=LINE('Line',#482,#484) ;
#492=LINE('Line',#489,#491) ;
#499=LINE('Line',#496,#498) ;
#506=LINE('Line',#503,#505) ;
#513=LINE('Line',#510,#512) ;
#520=LINE('Line',#517,#519) ;
#527=LINE('Line',#524,#526) ;
#534=LINE('Line',#531,#533) ;
#541=LINE('Line',#538,#540) ;
#548=LINE('Line',#545,#547) ;
#555=LINE('Line',#552,#554) ;
#562=LINE('Line',#559,#561) ;
#569=LINE('Line',#566,#568) ;
#626=LINE('Line',#623,#625) ;
#635=LINE('Line',#632,#634) ;
#642=LINE('Line',#639,#641) ;
#649=LINE('Line',#646,#648) ;
#654=LINE('Line',#651,#653) ;
#661=LINE('Line',#658,#660) ;
#668=LINE('Line',#665,#667) ;
#673=LINE('Line',#670,#672) ;
#680=LINE('Line',#677,#679) ;
#687=LINE('Line',#684,#686) ;
#692=LINE('Line',#689,#691) ;
#699=LINE('Line',#696,#698) ;
#706=LINE('Line',#703,#705) ;
#711=LINE('Line',#708,#710) ;
#718=LINE('Line',#715,#717) ;
#725=LINE('Line',#722,#724) ;
#730=LINE('Line',#727,#729) ;
#735=LINE('Line',#732,#734) ;
#742=LINE('Line',#739,#741) ;
#749=LINE('Line',#746,#748) ;
#756=LINE('Line',#753,#755) ;
#810=LINE('Line',#807,#809) ;
#817=LINE('Line',#814,#816) ;
#824=LINE('Line',#821,#823) ;
#841=LINE('Line',#838,#840) ;
#848=LINE('Line',#845,#847) ;
#865=LINE('Line',#862,#864) ;
#872=LINE('Line',#869,#871) ;
#889=LINE('Line',#886,#888) ;
#915=LINE('Line',#912,#914) ;
#920=LINE('Line',#917,#919) ;
#945=LINE('Line',#942,#944) ;
#952=LINE('Line',#949,#951) ;
#976=LINE('Line',#973,#975) ;
#983=LINE('Line',#980,#982) ;
#990=LINE('Line',#987,#989) ;
#997=LINE('Line',#994,#996) ;
#1004=LINE('Line',#1001,#1003) ;
#1011=LINE('Line',#1008,#1010) ;
#1018=LINE('Line',#1015,#1017) ;
#1023=LINE('Line',#1020,#1022) ;
#1037=LINE('Line',#1034,#1036) ;
#1042=LINE('Line',#1039,#1041) ;
#1049=LINE('Line',#1046,#1048) ;
#1056=LINE('Line',#1053,#1055) ;
#1063=LINE('Line',#1060,#1062) ;
#1070=LINE('Line',#1067,#1069) ;
#1077=LINE('Line',#1074,#1076) ;
#1084=LINE('Line',#1081,#1083) ;
#1091=LINE('Line',#1088,#1090) ;
#1098=LINE('Line',#1095,#1097) ;
#1105=LINE('Line',#1102,#1104) ;
#1112=LINE('Line',#1109,#1111) ;
#1119=LINE('Line',#1116,#1118) ;
#1124=LINE('Line',#1121,#1123) ;
#1138=LINE('Line',#1135,#1137) ;
#1143=LINE('Line',#1140,#1142) ;
#1150=LINE('Line',#1147,#1149) ;
#1157=LINE('Line',#1154,#1156) ;
#1164=LINE('Line',#1161,#1163) ;
#1171=LINE('Line',#1168,#1170) ;
#1178=LINE('Line',#1175,#1177) ;
#1185=LINE('Line',#1182,#1184) ;
#1190=LINE('Line',#1187,#1189) ;
#1252=LINE('Line',#1249,#1251) ;
#1259=LINE('Line',#1256,#1258) ;
#1276=LINE('Line',#1273,#1275) ;
#1283=LINE('Line',#1280,#1282) ;
#1290=LINE('Line',#1287,#1289) ;
#1297=LINE('Line',#1294,#1296) ;
#1304=LINE('Line',#1301,#1303) ;
#1311=LINE('Line',#1308,#1310) ;
#1332=LINE('Line',#1329,#1331) ;
#1349=LINE('Line',#1346,#1348) ;
#1356=LINE('Line',#1353,#1355) ;
#1368=LINE('Line',#1365,#1367) ;
#1392=LINE('Line',#1389,#1391) ;
#1409=LINE('Line',#1406,#1408) ;
#1421=LINE('Line',#1418,#1420) ;
#1428=LINE('Line',#1425,#1427) ;
#1435=LINE('Line',#1432,#1434) ;
#1442=LINE('Line',#1439,#1441) ;
#1461=LINE('Line',#1458,#1460) ;
#1468=LINE('Line',#1465,#1467) ;
#1485=LINE('Line',#1482,#1484) ;
#1492=LINE('Line',#1489,#1491) ;
#1499=LINE('Line',#1496,#1498) ;
#1518=LINE('Line',#1515,#1517) ;
#1525=LINE('Line',#1522,#1524) ;
#1532=LINE('Line',#1529,#1531) ;
#1539=LINE('Line',#1536,#1538) ;
#1553=LINE('Line',#1550,#1552) ;
#1560=LINE('Line',#1557,#1559) ;
#1577=LINE('Line',#1574,#1576) ;
#1582=LINE('Line',#1579,#1581) ;
#1589=LINE('Line',#1586,#1588) ;
#1603=LINE('Line',#1600,#1602) ;
#1610=LINE('Line',#1607,#1609) ;
#1617=LINE('Line',#1614,#1616) ;
#1631=LINE('Line',#1628,#1630) ;
#1645=LINE('Line',#1642,#1644) ;
#1652=LINE('Line',#1649,#1651) ;
#1659=LINE('Line',#1656,#1658) ;
#1673=LINE('Line',#1670,#1672) ;
#1680=LINE('Line',#1677,#1679) ;
#1713=LINE('Line',#1710,#1712) ;
#1725=LINE('Line',#1722,#1724) ;
#1732=LINE('Line',#1729,#1731) ;
#1749=LINE('Line',#1746,#1748) ;
#1756=LINE('Line',#1753,#1755) ;
#1763=LINE('Line',#1760,#1762) ;
#1770=LINE('Line',#1767,#1769) ;
#1784=LINE('Line',#1781,#1783) ;
#1791=LINE('Line',#1788,#1790) ;
#1809=LINE('Line',#1806,#1808) ;
#1825=LINE('Line',#1822,#1824) ;
#1832=LINE('Line',#1829,#1831) ;
#1839=LINE('Line',#1836,#1838) ;
#1846=LINE('Line',#1843,#1845) ;
#1853=LINE('Line',#1850,#1852) ;
#1867=LINE('Line',#1864,#1866) ;
#1874=LINE('Line',#1871,#1873) ;
#1881=LINE('Line',#1878,#1880) ;
#1895=LINE('Line',#1892,#1894) ;
#1909=LINE('Line',#1906,#1908) ;
#1916=LINE('Line',#1913,#1915) ;
#1923=LINE('Line',#1920,#1922) ;
#1937=LINE('Line',#1934,#1936) ;
#1944=LINE('Line',#1941,#1943) ;
#1951=LINE('Line',#1948,#1950) ;
#1958=LINE('Line',#1955,#1957) ;
#1965=LINE('Line',#1962,#1964) ;
#2003=LINE('Line',#2000,#2002) ;
#2012=LINE('Line',#2009,#2011) ;
#2019=LINE('Line',#2016,#2018) ;
#2026=LINE('Line',#2023,#2025) ;
#2049=LINE('Line',#2046,#2048) ;
#2068=LINE('Line',#2065,#2067) ;
#2085=LINE('Line',#2082,#2084) ;
#2097=LINE('Line',#2094,#2096) ;
#2114=LINE('Line',#2111,#2113) ;
#2150=LINE('Line',#2147,#2149) ;
#2155=LINE('Line',#2152,#2154) ;
#2162=LINE('Line',#2159,#2161) ;
#2181=LINE('Line',#2178,#2180) ;
#2188=LINE('Line',#2185,#2187) ;
#2205=LINE('Line',#2202,#2204) ;
#2212=LINE('Line',#2209,#2211) ;
#2217=LINE('Line',#2214,#2216) ;
#2240=LINE('Line',#2237,#2239) ;
#2247=LINE('Line',#2244,#2246) ;
#2252=LINE('Line',#2249,#2251) ;
#2266=LINE('Line',#2263,#2265) ;
#2288=LINE('Line',#2285,#2287) ;
#2312=LINE('Line',#2309,#2311) ;
#2319=LINE('Line',#2316,#2318) ;
#2326=LINE('Line',#2323,#2325) ;
#2333=LINE('Line',#2330,#2332) ;
#2338=LINE('Line',#2335,#2337) ;
#2366=LINE('Line',#2363,#2365) ;
#2383=LINE('Line',#2380,#2382) ;
#2400=LINE('Line',#2397,#2399) ;
#2417=LINE('Line',#2414,#2416) ;
#2434=LINE('Line',#2431,#2433) ;
#2451=LINE('Line',#2448,#2450) ;
#2463=LINE('Line',#2460,#2462) ;
#2480=LINE('Line',#2477,#2479) ;
#2492=LINE('Line',#2489,#2491) ;
#2497=LINE('Line',#2494,#2496) ;
#2509=LINE('Line',#2506,#2508) ;
#2550=LINE('Line',#2547,#2549) ;
#2559=LINE('Line',#2556,#2558) ;
#2566=LINE('Line',#2563,#2565) ;
#2573=LINE('Line',#2570,#2572) ;
#2590=LINE('Line',#2587,#2589) ;
#2599=LINE('Line',#2596,#2598) ;
#2604=LINE('Line',#2601,#2603) ;
#2621=LINE('Line',#2618,#2620) ;
#2626=LINE('Line',#2623,#2625) ;
#2644=LINE('Line',#2641,#2643) ;
#2651=LINE('Line',#2648,#2650) ;
#2658=LINE('Line',#2655,#2657) ;
#2677=LINE('Line',#2674,#2676) ;
#2686=LINE('Line',#2683,#2685) ;
#2693=LINE('Line',#2690,#2692) ;
#2700=LINE('Line',#2697,#2699) ;
#2711=LINE('Line',#2708,#2710) ;
#2728=LINE('Line',#2725,#2727) ;
#2745=LINE('Line',#2742,#2744) ;
#2775=LINE('Line',#2772,#2774) ;
#2780=LINE('Line',#2777,#2779) ;
#2797=LINE('Line',#2794,#2796) ;
#2814=LINE('Line',#2811,#2813) ;
#2843=LINE('Line',#2840,#2842) ;
#2850=LINE('Line',#2847,#2849) ;
#2869=LINE('Line',#2866,#2868) ;
#2876=LINE('Line',#2873,#2875) ;
#2883=LINE('Line',#2880,#2882) ;
#2890=LINE('Line',#2887,#2889) ;
#2904=LINE('Line',#2901,#2903) ;
#2911=LINE('Line',#2908,#2910) ;
#2928=LINE('Line',#2925,#2927) ;
#2935=LINE('Line',#2932,#2934) ;
#2942=LINE('Line',#2939,#2941) ;
#2968=LINE('Line',#2965,#2967) ;
#2975=LINE('Line',#2972,#2974) ;
#2987=LINE('Line',#2984,#2986) ;
#3011=LINE('Line',#3008,#3010) ;
#3028=LINE('Line',#3025,#3027) ;
#3035=LINE('Line',#3032,#3034) ;
#3052=LINE('Line',#3049,#3051) ;
#3061=LINE('Line',#3058,#3060) ;
#3068=LINE('Line',#3065,#3067) ;
#3075=LINE('Line',#3072,#3074) ;
#3082=LINE('Line',#3079,#3081) ;
#3087=LINE('Line',#3084,#3086) ;
#3108=LINE('Line',#3105,#3107) ;
#3137=LINE('Line',#3134,#3136) ;
#3144=LINE('Line',#3141,#3143) ;
#3163=LINE('Line',#3160,#3162) ;
#3175=LINE('Line',#3172,#3174) ;
#3199=LINE('Line',#3196,#3198) ;
#3223=LINE('Line',#3220,#3222) ;
#3228=LINE('Line',#3225,#3227) ;
#3235=LINE('Line',#3232,#3234) ;
#3254=LINE('Line',#3251,#3253) ;
#3261=LINE('Line',#3258,#3260) ;
#3278=LINE('Line',#3275,#3277) ;
#3283=LINE('Line',#3280,#3282) ;
#3314=LINE('Line',#3311,#3313) ;
#3331=LINE('Line',#3328,#3330) ;
#3343=LINE('Line',#3340,#3342) ;
#3360=LINE('Line',#3357,#3359) ;
#3384=LINE('Line',#3381,#3383) ;
#3396=LINE('Line',#3393,#3395) ;
#3413=LINE('Line',#3410,#3412) ;
#3425=LINE('Line',#3422,#3424) ;
#3442=LINE('Line',#3439,#3441) ;
#3483=LINE('Line',#3480,#3482) ;
#3519=LINE('Line',#3516,#3518) ;
#3528=LINE('Line',#3525,#3527) ;
#3535=LINE('Line',#3532,#3534) ;
#3542=LINE('Line',#3539,#3541) ;
#3559=LINE('Line',#3556,#3558) ;
#3568=LINE('Line',#3565,#3567) ;
#3575=LINE('Line',#3572,#3574) ;
#3582=LINE('Line',#3579,#3581) ;
#3599=LINE('Line',#3596,#3598) ;
#3606=LINE('Line',#3603,#3605) ;
#3613=LINE('Line',#3610,#3612) ;
#3630=LINE('Line',#3627,#3629) ;
#3637=LINE('Line',#3634,#3636) ;
#3644=LINE('Line',#3641,#3643) ;
#3661=LINE('Line',#3658,#3660) ;
#3666=LINE('Line',#3663,#3665) ;
#3683=LINE('Line',#3680,#3682) ;
#3688=LINE('Line',#3685,#3687) ;
#3731=LINE('Line',#3728,#3730) ;
#3740=LINE('Line',#3737,#3739) ;
#3747=LINE('Line',#3744,#3746) ;
#3754=LINE('Line',#3751,#3753) ;
#3766=LINE('Line',#3763,#3765) ;
#3775=LINE('Line',#3772,#3774) ;
#3782=LINE('Line',#3779,#3781) ;
#3789=LINE('Line',#3786,#3788) ;
#3801=LINE('Line',#3798,#3800) ;
#3808=LINE('Line',#3805,#3807) ;
#3815=LINE('Line',#3812,#3814) ;
#3827=LINE('Line',#3824,#3826) ;
#3834=LINE('Line',#3831,#3833) ;
#3841=LINE('Line',#3838,#3840) ;
#3853=LINE('Line',#3850,#3852) ;
#3858=LINE('Line',#3855,#3857) ;
#3870=LINE('Line',#3867,#3869) ;
#3875=LINE('Line',#3872,#3874) ;
#35=PLANE('',#34) ;
#75=PLANE('',#74) ;
#122=PLANE('',#121) ;
#154=PLANE('',#153) ;
#185=PLANE('',#184) ;
#236=PLANE('',#235) ;
#273=PLANE('',#272) ;
#285=PLANE('',#284) ;
#622=PLANE('',#621) ;
#794=PLANE('',#793) ;
#806=PLANE('',#805) ;
#837=PLANE('',#836) ;
#861=PLANE('',#860) ;
#885=PLANE('',#884) ;
#902=PLANE('',#901) ;
#941=PLANE('',#940) ;
#965=PLANE('',#964) ;
#1248=PLANE('',#1247) ;
#1272=PLANE('',#1271) ;
#1328=PLANE('',#1327) ;
#1345=PLANE('',#1344) ;
#1388=PLANE('',#1387) ;
#1405=PLANE('',#1404) ;
#1457=PLANE('',#1456) ;
#1481=PLANE('',#1480) ;
#1514=PLANE('',#1513) ;
#1573=PLANE('',#1572) ;
#1709=PLANE('',#1708) ;
#1745=PLANE('',#1744) ;
#1805=PLANE('',#1804) ;
#2064=PLANE('',#2063) ;
#2081=PLANE('',#2080) ;
#2110=PLANE('',#2109) ;
#2146=PLANE('',#2145) ;
#2177=PLANE('',#2176) ;
#2201=PLANE('',#2200) ;
#2284=PLANE('',#2283) ;
#2301=PLANE('',#2300) ;
#2362=PLANE('',#2361) ;
#2396=PLANE('',#2395) ;
#2413=PLANE('',#2412) ;
#2430=PLANE('',#2429) ;
#2476=PLANE('',#2475) ;
#2522=PLANE('',#2521) ;
#2534=PLANE('',#2533) ;
#2546=PLANE('',#2545) ;
#2586=PLANE('',#2585) ;
#2617=PLANE('',#2616) ;
#2640=PLANE('',#2639) ;
#2673=PLANE('',#2672) ;
#2724=PLANE('',#2723) ;
#2741=PLANE('',#2740) ;
#2758=PLANE('',#2757) ;
#2771=PLANE('',#2770) ;
#2793=PLANE('',#2792) ;
#2810=PLANE('',#2809) ;
#2827=PLANE('',#2826) ;
#2839=PLANE('',#2838) ;
#2865=PLANE('',#2864) ;
#2924=PLANE('',#2923) ;
#2957=PLANE('',#2956) ;
#3007=PLANE('',#3006) ;
#3024=PLANE('',#3023) ;
#3048=PLANE('',#3047) ;
#3104=PLANE('',#3103) ;
#3121=PLANE('',#3120) ;
#3133=PLANE('',#3132) ;
#3159=PLANE('',#3158) ;
#3188=PLANE('',#3187) ;
#3219=PLANE('',#3218) ;
#3250=PLANE('',#3249) ;
#3274=PLANE('',#3273) ;
#3310=PLANE('',#3309) ;
#3327=PLANE('',#3326) ;
#3356=PLANE('',#3355) ;
#3409=PLANE('',#3408) ;
#3455=PLANE('',#3454) ;
#3467=PLANE('',#3466) ;
#3479=PLANE('',#3478) ;
#3515=PLANE('',#3514) ;
#3555=PLANE('',#3554) ;
#3595=PLANE('',#3594) ;
#3626=PLANE('',#3625) ;
#3657=PLANE('',#3656) ;
#3679=PLANE('',#3678) ;
#3701=PLANE('',#3700) ;
#3715=PLANE('',#3714) ;
#3888=PLANE('',#3887) ;
#3902=PLANE('',#3901) ;
#9=PRODUCT_CATEGORY_RELATIONSHIP(' ',' ',#7,#8) ;
#6=PRODUCT_DEFINITION_FORMATION_WITH_SPECIFIED_SOURCE('',' ',#5,.NOT_KNOWN.) ;
#20=SHAPE_DEFINITION_REPRESENTATION(#11,#19) ;
#41=VERTEX_POINT('',#40) ;
#43=VERTEX_POINT('',#42) ;
#50=VERTEX_POINT('',#49) ;
#57=VERTEX_POINT('',#56) ;
#81=VERTEX_POINT('',#80) ;
#83=VERTEX_POINT('',#82) ;
#95=VERTEX_POINT('',#94) ;
#102=VERTEX_POINT('',#101) ;
#128=VERTEX_POINT('',#127) ;
#135=VERTEX_POINT('',#134) ;
#160=VERTEX_POINT('',#159) ;
#167=VERTEX_POINT('',#166) ;
#191=VERTEX_POINT('',#190) ;
#193=VERTEX_POINT('',#192) ;
#200=VERTEX_POINT('',#199) ;
#207=VERTEX_POINT('',#206) ;
#242=VERTEX_POINT('',#241) ;
#244=VERTEX_POINT('',#243) ;
#291=VERTEX_POINT('',#290) ;
#293=VERTEX_POINT('',#292) ;
#300=VERTEX_POINT('',#299) ;
#307=VERTEX_POINT('',#306) ;
#314=VERTEX_POINT('',#313) ;
#321=VERTEX_POINT('',#320) ;
#328=VERTEX_POINT('',#327) ;
#335=VERTEX_POINT('',#334) ;
#342=VERTEX_POINT('',#341) ;
#349=VERTEX_POINT('',#348) ;
#356=VERTEX_POINT('',#355) ;
#363=VERTEX_POINT('',#362) ;
#370=VERTEX_POINT('',#369) ;
#377=VERTEX_POINT('',#376) ;
#384=VERTEX_POINT('',#383) ;
#391=VERTEX_POINT('',#390) ;
#398=VERTEX_POINT('',#397) ;
#405=VERTEX_POINT('',#404) ;
#412=VERTEX_POINT('',#411) ;
#419=VERTEX_POINT('',#418) ;
#426=VERTEX_POINT('',#425) ;
#433=VERTEX_POINT('',#432) ;
#440=VERTEX_POINT('',#439) ;
#447=VERTEX_POINT('',#446) ;
#459=VERTEX_POINT('',#458) ;
#466=VERTEX_POINT('',#465) ;
#473=VERTEX_POINT('',#472) ;
#480=VERTEX_POINT('',#479) ;
#487=VERTEX_POINT('',#486) ;
#494=VERTEX_POINT('',#493) ;
#501=VERTEX_POINT('',#500) ;
#508=VERTEX_POINT('',#507) ;
#515=VERTEX_POINT('',#514) ;
#522=VERTEX_POINT('',#521) ;
#529=VERTEX_POINT('',#528) ;
#536=VERTEX_POINT('',#535) ;
#543=VERTEX_POINT('',#542) ;
#550=VERTEX_POINT('',#549) ;
#557=VERTEX_POINT('',#556) ;
#564=VERTEX_POINT('',#563) ;
#628=VERTEX_POINT('',#627) ;
#630=VERTEX_POINT('',#629) ;
#637=VERTEX_POINT('',#636) ;
#644=VERTEX_POINT('',#643) ;
#656=VERTEX_POINT('',#655) ;
#663=VERTEX_POINT('',#662) ;
#675=VERTEX_POINT('',#674) ;
#682=VERTEX_POINT('',#681) ;
#694=VERTEX_POINT('',#693) ;
#701=VERTEX_POINT('',#700) ;
#713=VERTEX_POINT('',#712) ;
#720=VERTEX_POINT('',#719) ;
#737=VERTEX_POINT('',#736) ;
#744=VERTEX_POINT('',#743) ;
#751=VERTEX_POINT('',#750) ;
#812=VERTEX_POINT('',#811) ;
#819=VERTEX_POINT('',#818) ;
#843=VERTEX_POINT('',#842) ;
#867=VERTEX_POINT('',#866) ;
#908=VERTEX_POINT('',#907) ;
#910=VERTEX_POINT('',#909) ;
#922=VERTEX_POINT('',#921) ;
#947=VERTEX_POINT('',#946) ;
#971=VERTEX_POINT('',#970) ;
#978=VERTEX_POINT('',#977) ;
#985=VERTEX_POINT('',#984) ;
#992=VERTEX_POINT('',#991) ;
#999=VERTEX_POINT('',#998) ;
#1006=VERTEX_POINT('',#1005) ;
#1013=VERTEX_POINT('',#1012) ;
#1025=VERTEX_POINT('',#1024) ;
#1032=VERTEX_POINT('',#1031) ;
#1044=VERTEX_POINT('',#1043) ;
#1051=VERTEX_POINT('',#1050) ;
#1058=VERTEX_POINT('',#1057) ;
#1065=VERTEX_POINT('',#1064) ;
#1072=VERTEX_POINT('',#1071) ;
#1079=VERTEX_POINT('',#1078) ;
#1086=VERTEX_POINT('',#1085) ;
#1093=VERTEX_POINT('',#1092) ;
#1100=VERTEX_POINT('',#1099) ;
#1107=VERTEX_POINT('',#1106) ;
#1114=VERTEX_POINT('',#1113) ;
#1126=VERTEX_POINT('',#1125) ;
#1133=VERTEX_POINT('',#1132) ;
#1145=VERTEX_POINT('',#1144) ;
#1152=VERTEX_POINT('',#1151) ;
#1159=VERTEX_POINT('',#1158) ;
#1166=VERTEX_POINT('',#1165) ;
#1173=VERTEX_POINT('',#1172) ;
#1180=VERTEX_POINT('',#1179) ;
#1192=VERTEX_POINT('',#1191) ;
#1254=VERTEX_POINT('',#1253) ;
#1278=VERTEX_POINT('',#1277) ;
#1285=VERTEX_POINT('',#1284) ;
#1292=VERTEX_POINT('',#1291) ;
#1299=VERTEX_POINT('',#1298) ;
#1306=VERTEX_POINT('',#1305) ;
#1351=VERTEX_POINT('',#1350) ;
#1370=VERTEX_POINT('',#1369) ;
#1423=VERTEX_POINT('',#1422) ;
#1430=VERTEX_POINT('',#1429) ;
#1437=VERTEX_POINT('',#1436) ;
#1463=VERTEX_POINT('',#1462) ;
#1487=VERTEX_POINT('',#1486) ;
#1494=VERTEX_POINT('',#1493) ;
#1520=VERTEX_POINT('',#1519) ;
#1527=VERTEX_POINT('',#1526) ;
#1534=VERTEX_POINT('',#1533) ;
#1555=VERTEX_POINT('',#1554) ;
#1584=VERTEX_POINT('',#1583) ;
#1591=VERTEX_POINT('',#1590) ;
#1598=VERTEX_POINT('',#1597) ;
#1605=VERTEX_POINT('',#1604) ;
#1612=VERTEX_POINT('',#1611) ;
#1619=VERTEX_POINT('',#1618) ;
#1626=VERTEX_POINT('',#1625) ;
#1633=VERTEX_POINT('',#1632) ;
#1640=VERTEX_POINT('',#1639) ;
#1647=VERTEX_POINT('',#1646) ;
#1654=VERTEX_POINT('',#1653) ;
#1661=VERTEX_POINT('',#1660) ;
#1668=VERTEX_POINT('',#1667) ;
#1675=VERTEX_POINT('',#1674) ;
#1727=VERTEX_POINT('',#1726) ;
#1751=VERTEX_POINT('',#1750) ;
#1758=VERTEX_POINT('',#1757) ;
#1765=VERTEX_POINT('',#1764) ;
#1786=VERTEX_POINT('',#1785) ;
#1811=VERTEX_POINT('',#1810) ;
#1813=VERTEX_POINT('',#1812) ;
#1820=VERTEX_POINT('',#1819) ;
#1827=VERTEX_POINT('',#1826) ;
#1834=VERTEX_POINT('',#1833) ;
#1841=VERTEX_POINT('',#1840) ;
#1848=VERTEX_POINT('',#1847) ;
#1855=VERTEX_POINT('',#1854) ;
#1862=VERTEX_POINT('',#1861) ;
#1869=VERTEX_POINT('',#1868) ;
#1876=VERTEX_POINT('',#1875) ;
#1883=VERTEX_POINT('',#1882) ;
#1890=VERTEX_POINT('',#1889) ;
#1897=VERTEX_POINT('',#1896) ;
#1904=VERTEX_POINT('',#1903) ;
#1911=VERTEX_POINT('',#1910) ;
#1918=VERTEX_POINT('',#1917) ;
#1925=VERTEX_POINT('',#1924) ;
#1932=VERTEX_POINT('',#1931) ;
#1939=VERTEX_POINT('',#1938) ;
#1946=VERTEX_POINT('',#1945) ;
#1953=VERTEX_POINT('',#1952) ;
#1960=VERTEX_POINT('',#1959) ;
#1967=VERTEX_POINT('',#1966) ;
#2005=VERTEX_POINT('',#2004) ;
#2007=VERTEX_POINT('',#2006) ;
#2014=VERTEX_POINT('',#2013) ;
#2021=VERTEX_POINT('',#2020) ;
#2157=VERTEX_POINT('',#2156) ;
#2183=VERTEX_POINT('',#2182) ;
#2207=VERTEX_POINT('',#2206) ;
#2233=VERTEX_POINT('',#2232) ;
#2235=VERTEX_POINT('',#2234) ;
#2242=VERTEX_POINT('',#2241) ;
#2254=VERTEX_POINT('',#2253) ;
#2261=VERTEX_POINT('',#2260) ;
#2314=VERTEX_POINT('',#2313) ;
#2321=VERTEX_POINT('',#2320) ;
#2328=VERTEX_POINT('',#2327) ;
#2552=VERTEX_POINT('',#2551) ;
#2554=VERTEX_POINT('',#2553) ;
#2561=VERTEX_POINT('',#2560) ;
#2568=VERTEX_POINT('',#2567) ;
#2592=VERTEX_POINT('',#2591) ;
#2594=VERTEX_POINT('',#2593) ;
#2646=VERTEX_POINT('',#2645) ;
#2653=VERTEX_POINT('',#2652) ;
#2679=VERTEX_POINT('',#2678) ;
#2681=VERTEX_POINT('',#2680) ;
#2688=VERTEX_POINT('',#2687) ;
#2695=VERTEX_POINT('',#2694) ;
#2845=VERTEX_POINT('',#2844) ;
#2871=VERTEX_POINT('',#2870) ;
#2878=VERTEX_POINT('',#2877) ;
#2885=VERTEX_POINT('',#2884) ;
#2906=VERTEX_POINT('',#2905) ;
#2930=VERTEX_POINT('',#2929) ;
#2937=VERTEX_POINT('',#2936) ;
#2970=VERTEX_POINT('',#2969) ;
#2989=VERTEX_POINT('',#2988) ;
#3030=VERTEX_POINT('',#3029) ;
#3054=VERTEX_POINT('',#3053) ;
#3056=VERTEX_POINT('',#3055) ;
#3063=VERTEX_POINT('',#3062) ;
#3070=VERTEX_POINT('',#3069) ;
#3077=VERTEX_POINT('',#3076) ;
#3139=VERTEX_POINT('',#3138) ;
#3230=VERTEX_POINT('',#3229) ;
#3256=VERTEX_POINT('',#3255) ;
#3521=VERTEX_POINT('',#3520) ;
#3523=VERTEX_POINT('',#3522) ;
#3530=VERTEX_POINT('',#3529) ;
#3537=VERTEX_POINT('',#3536) ;
#3561=VERTEX_POINT('',#3560) ;
#3563=VERTEX_POINT('',#3562) ;
#3570=VERTEX_POINT('',#3569) ;
#3577=VERTEX_POINT('',#3576) ;
#3601=VERTEX_POINT('',#3600) ;
#3608=VERTEX_POINT('',#3607) ;
#3632=VERTEX_POINT('',#3631) ;
#3639=VERTEX_POINT('',#3638) ;
#3733=VERTEX_POINT('',#3732) ;
#3735=VERTEX_POINT('',#3734) ;
#3742=VERTEX_POINT('',#3741) ;
#3749=VERTEX_POINT('',#3748) ;
#3768=VERTEX_POINT('',#3767) ;
#3770=VERTEX_POINT('',#3769) ;
#3777=VERTEX_POINT('',#3776) ;
#3784=VERTEX_POINT('',#3783) ;
#3803=VERTEX_POINT('',#3802) ;
#3810=VERTEX_POINT('',#3809) ;
#3829=VERTEX_POINT('',#3828) ;
#3836=VERTEX_POINT('',#3835) ;
#12=(LENGTH_UNIT()NAMED_UNIT(*)SI_UNIT(.MILLI.,.METRE.)) ;
#13=(NAMED_UNIT(*)PLANE_ANGLE_UNIT()SI_UNIT($,.RADIAN.)) ;
#14=(NAMED_UNIT(*)SI_UNIT($,.STERADIAN.)SOLID_ANGLE_UNIT()) ;
#16=(GEOMETRIC_REPRESENTATION_CONTEXT(3)GLOBAL_UNCERTAINTY_ASSIGNED_CONTEXT((#15))GLOBAL_UNIT_ASSIGNED_CONTEXT((#12,#13,#14))REPRESENTATION_CONTEXT(' ',' ')) ;
ENDSEC;
END-ISO-10303-21;
