ISO-10303-21;
HEADER;
FILE_DESCRIPTION(('CATIA V5 STEP Exchange','CAx-IF Rec.Pracs.--- Model Styling and Organization---1.2---2011-12-15'),'2;1');

FILE_NAME ('D1453217_0_1605080000_1605080000.stp','2018-03-06T11:56:13+00:00',('none'),('Weidmueller'),'CATIA Version 5-6 Release 2014','CATIA V5 STEP AP214','none');

FILE_SCHEMA(('AUTOMOTIVE_DESIGN { 1 0 10303 214 1 1 1 1 }'));

ENDSEC;
DATA;
#5=PRODUCT('1605080000','DE_BLF7xx-180-HP','<Q-CHECKER_SEAL> Q-Checker Version 2.14.8  \X2\000D\X0\\X2\000A\X0\CATIA-Version         : Catia V5 R20 SP5 Build Date 01-14-2011.22.00\X2\000D\X0\\X2\000A\X0\Model size (in KByte) : 0\X2\000D\X0\\X2\000A\X0\Checking date         : 2013-07-11 12:01:27\X2\000D\X0\\X2\000A\X0\Checking profile      : ADMIN / Release_2D-3D [CATPart]\X2\000D\X0\\X2\000A\X0\Model assessment      : In Ordnung (IO)\X2\000D\X0\\X2\000A\X0\Total weight sum      : 0\X2\000D\X0\\X2\000A\X0\<CROSS_CHECK_SUM>\X2\000D\X0\\X2\000A\X0\  <CHKSUM_DATE> 44713202 </CHKSUM_DATE>\X2\000D\X0\\X2\000A\X0\  <CHKSUM_ENTITIES> -1413310739 </CHKSUM_ENTITIES>\X2\000D\X0\\X2\000A\X0\  <CHKSUM_PROFILE> 1594213346 </CHKSUM_PROFILE>\X2\000D\X0\\X2\000A\X0\  <CHKSUM_DIMENSION> -186917087 </CHKSUM_DIMENSION>\X2\000D\X0\\X2\000A\X0\  <CHKSUM_PROJINTERSEC> -896974048 </CHKSUM_PROJINTERSEC>\X2\000D\X0\\X2\000A\X0\  <CHKSUM_IDENTCRV> -896974048 </CHKSUM_IDENTCRV>\X2\000D\X0\\X2\000A\X0\  <CHKSUM_INFINITY> 138018827 </CHKSUM_INFINITY>\X2\000D\X0\\X2\000A\X0\</CROSS_CHECK_SUM>\X2\000D\X0\\X2\000A\X0\</Q-CHECKER_SEAL> \X2\000D\X0\\X2\000A\X0\ \X2\000D\X0\\X2\000A\X0\ \X2\000D\X0\\X2\000A\X0\ \X2\000D\X0\\X2\000A\X0\ \X2\000D\X0\\X2\000A\X0\ \X2\000D\X0\\X2\000A\X0\ \X2\000D\X0\\X2\000A\X0\ \X2\000D\X0\\X2\000A\X0\ \X2\000D\X0\\X2\000A\X0\ \X2\000D\X0\\X2\000A\X0\',(#2)) ;
#2=PRODUCT_CONTEXT(' ',#1,'mechanical') ;
#1=APPLICATION_CONTEXT('automotive design') ;
#10=PRODUCT_DEFINITION('',' ',#6,#3) ;
#3=PRODUCT_DEFINITION_CONTEXT('part definition',#1,' ') ;
#11=PRODUCT_DEFINITION_SHAPE(' ',' ',#10) ;
#5646=MECHANICAL_DESIGN_GEOMETRIC_PRESENTATION_REPRESENTATION(' ',(#29,#5050,#5267,#5454),#16) ;
#19=SHAPE_REPRESENTATION(' ',(#18),#16) ;
#18=AXIS2_PLACEMENT_3D(' ',#17,$,$) ;
#34=AXIS2_PLACEMENT_3D('Plane Axis2P3D',#31,#32,#33) ;
#74=AXIS2_PLACEMENT_3D('Plane Axis2P3D',#71,#72,#73) ;
#121=AXIS2_PLACEMENT_3D('Plane Axis2P3D',#118,#119,#120) ;
#153=AXIS2_PLACEMENT_3D('Plane Axis2P3D',#150,#151,#152) ;
#184=AXIS2_PLACEMENT_3D('Plane Axis2P3D',#181,#182,#183) ;
#235=AXIS2_PLACEMENT_3D('Plane Axis2P3D',#232,#233,#234) ;
#272=AXIS2_PLACEMENT_3D('Plane Axis2P3D',#269,#270,#271) ;
#284=AXIS2_PLACEMENT_3D('Plane Axis2P3D',#281,#282,#283) ;
#749=AXIS2_PLACEMENT_3D('Plane Axis2P3D',#746,#747,#748) ;
#1007=AXIS2_PLACEMENT_3D('Plane Axis2P3D',#1004,#1005,#1006) ;
#1019=AXIS2_PLACEMENT_3D('Plane Axis2P3D',#1016,#1017,#1018) ;
#1050=AXIS2_PLACEMENT_3D('Plane Axis2P3D',#1047,#1048,#1049) ;
#1074=AXIS2_PLACEMENT_3D('Plane Axis2P3D',#1071,#1072,#1073) ;
#1098=AXIS2_PLACEMENT_3D('Plane Axis2P3D',#1095,#1096,#1097) ;
#1115=AXIS2_PLACEMENT_3D('Plane Axis2P3D',#1112,#1113,#1114) ;
#1119=AXIS2_PLACEMENT_3D('Circle Axis2P3D',#1117,#1118,$) ;
#1140=AXIS2_PLACEMENT_3D('Circle Axis2P3D',#1138,#1139,$) ;
#1154=AXIS2_PLACEMENT_3D('Plane Axis2P3D',#1151,#1152,#1153) ;
#1178=AXIS2_PLACEMENT_3D('Plane Axis2P3D',#1175,#1176,#1177) ;
#1231=AXIS2_PLACEMENT_3D('Circle Axis2P3D',#1229,#1230,$) ;
#1297=AXIS2_PLACEMENT_3D('Circle Axis2P3D',#1295,#1296,$) ;
#1304=AXIS2_PLACEMENT_3D('Circle Axis2P3D',#1302,#1303,$) ;
#1370=AXIS2_PLACEMENT_3D('Circle Axis2P3D',#1368,#1369,$) ;
#1377=AXIS2_PLACEMENT_3D('Circle Axis2P3D',#1375,#1376,$) ;
#1436=AXIS2_PLACEMENT_3D('Circle Axis2P3D',#1434,#1435,$) ;
#1587=AXIS2_PLACEMENT_3D('Plane Axis2P3D',#1584,#1585,#1586) ;
#1611=AXIS2_PLACEMENT_3D('Plane Axis2P3D',#1608,#1609,#1610) ;
#1667=AXIS2_PLACEMENT_3D('Plane Axis2P3D',#1664,#1665,#1666) ;
#1684=AXIS2_PLACEMENT_3D('Plane Axis2P3D',#1681,#1682,#1683) ;
#1714=AXIS2_PLACEMENT_3D('Circle Axis2P3D',#1712,#1713,$) ;
#1727=AXIS2_PLACEMENT_3D('Plane Axis2P3D',#1724,#1725,#1726) ;
#1744=AXIS2_PLACEMENT_3D('Plane Axis2P3D',#1741,#1742,#1743) ;
#1796=AXIS2_PLACEMENT_3D('Plane Axis2P3D',#1793,#1794,#1795) ;
#1820=AXIS2_PLACEMENT_3D('Plane Axis2P3D',#1817,#1818,#1819) ;
#1853=AXIS2_PLACEMENT_3D('Plane Axis2P3D',#1850,#1851,#1852) ;
#1912=AXIS2_PLACEMENT_3D('Plane Axis2P3D',#1909,#1910,#1911) ;
#1916=AXIS2_PLACEMENT_3D('Circle Axis2P3D',#1914,#1915,$) ;
#1932=AXIS2_PLACEMENT_3D('Circle Axis2P3D',#1930,#1931,$) ;
#1960=AXIS2_PLACEMENT_3D('Circle Axis2P3D',#1958,#1959,$) ;
#1998=AXIS2_PLACEMENT_3D('Circle Axis2P3D',#1996,#1997,$) ;
#2026=AXIS2_PLACEMENT_3D('Circle Axis2P3D',#2024,#2025,$) ;
#2064=AXIS2_PLACEMENT_3D('Plane Axis2P3D',#2061,#2062,#2063) ;
#2100=AXIS2_PLACEMENT_3D('Plane Axis2P3D',#2097,#2098,#2099) ;
#2160=AXIS2_PLACEMENT_3D('Plane Axis2P3D',#2157,#2158,#2159) ;
#2173=AXIS2_PLACEMENT_3D('Circle Axis2P3D',#2171,#2172,$) ;
#2201=AXIS2_PLACEMENT_3D('Circle Axis2P3D',#2199,#2200,$) ;
#2243=AXIS2_PLACEMENT_3D('Circle Axis2P3D',#2241,#2242,$) ;
#2257=AXIS2_PLACEMENT_3D('Circle Axis2P3D',#2255,#2256,$) ;
#2299=AXIS2_PLACEMENT_3D('Circle Axis2P3D',#2297,#2298,$) ;
#2313=AXIS2_PLACEMENT_3D('Circle Axis2P3D',#2311,#2312,$) ;
#2355=AXIS2_PLACEMENT_3D('Circle Axis2P3D',#2353,#2354,$) ;
#2383=AXIS2_PLACEMENT_3D('Circle Axis2P3D',#2381,#2382,$) ;
#2397=AXIS2_PLACEMENT_3D('Circle Axis2P3D',#2395,#2396,$) ;
#2514=AXIS2_PLACEMENT_3D('Cylinder Axis2P3D',#2511,#2512,#2513) ;
#2533=AXIS2_PLACEMENT_3D('Plane Axis2P3D',#2530,#2531,#2532) ;
#2550=AXIS2_PLACEMENT_3D('Plane Axis2P3D',#2547,#2548,#2549) ;
#2579=AXIS2_PLACEMENT_3D('Plane Axis2P3D',#2576,#2577,#2578) ;
#2603=AXIS2_PLACEMENT_3D('Cylinder Axis2P3D',#2600,#2601,#2602) ;
#2615=AXIS2_PLACEMENT_3D('Plane Axis2P3D',#2612,#2613,#2614) ;
#2646=AXIS2_PLACEMENT_3D('Plane Axis2P3D',#2643,#2644,#2645) ;
#2670=AXIS2_PLACEMENT_3D('Plane Axis2P3D',#2667,#2668,#2669) ;
#2700=AXIS2_PLACEMENT_3D('Circle Axis2P3D',#2698,#2699,$) ;
#2728=AXIS2_PLACEMENT_3D('Circle Axis2P3D',#2726,#2727,$) ;
#2753=AXIS2_PLACEMENT_3D('Plane Axis2P3D',#2750,#2751,#2752) ;
#2770=AXIS2_PLACEMENT_3D('Plane Axis2P3D',#2767,#2768,#2769) ;
#2831=AXIS2_PLACEMENT_3D('Plane Axis2P3D',#2828,#2829,#2830) ;
#2848=AXIS2_PLACEMENT_3D('Cylinder Axis2P3D',#2845,#2846,#2847) ;
#2865=AXIS2_PLACEMENT_3D('Plane Axis2P3D',#2862,#2863,#2864) ;
#2882=AXIS2_PLACEMENT_3D('Plane Axis2P3D',#2879,#2880,#2881) ;
#2899=AXIS2_PLACEMENT_3D('Plane Axis2P3D',#2896,#2897,#2898) ;
#2916=AXIS2_PLACEMENT_3D('Cylinder Axis2P3D',#2913,#2914,#2915) ;
#2945=AXIS2_PLACEMENT_3D('Plane Axis2P3D',#2942,#2943,#2944) ;
#2991=AXIS2_PLACEMENT_3D('Plane Axis2P3D',#2988,#2989,#2990) ;
#3003=AXIS2_PLACEMENT_3D('Plane Axis2P3D',#3000,#3001,#3002) ;
#3015=AXIS2_PLACEMENT_3D('Plane Axis2P3D',#3012,#3013,#3014) ;
#3055=AXIS2_PLACEMENT_3D('Plane Axis2P3D',#3052,#3053,#3054) ;
#3086=AXIS2_PLACEMENT_3D('Plane Axis2P3D',#3083,#3084,#3085) ;
#3109=AXIS2_PLACEMENT_3D('Plane Axis2P3D',#3106,#3107,#3108) ;
#3142=AXIS2_PLACEMENT_3D('Plane Axis2P3D',#3139,#3140,#3141) ;
#3193=AXIS2_PLACEMENT_3D('Plane Axis2P3D',#3190,#3191,#3192) ;
#3210=AXIS2_PLACEMENT_3D('Plane Axis2P3D',#3207,#3208,#3209) ;
#3227=AXIS2_PLACEMENT_3D('Plane Axis2P3D',#3224,#3225,#3226) ;
#3240=AXIS2_PLACEMENT_3D('Plane Axis2P3D',#3237,#3238,#3239) ;
#3262=AXIS2_PLACEMENT_3D('Plane Axis2P3D',#3259,#3260,#3261) ;
#3279=AXIS2_PLACEMENT_3D('Plane Axis2P3D',#3276,#3277,#3278) ;
#3296=AXIS2_PLACEMENT_3D('Plane Axis2P3D',#3293,#3294,#3295) ;
#3334=AXIS2_PLACEMENT_3D('Plane Axis2P3D',#3331,#3332,#3333) ;
#3367=AXIS2_PLACEMENT_3D('Plane Axis2P3D',#3364,#3365,#3366) ;
#3426=AXIS2_PLACEMENT_3D('Plane Axis2P3D',#3423,#3424,#3425) ;
#3459=AXIS2_PLACEMENT_3D('Plane Axis2P3D',#3456,#3457,#3458) ;
#3496=AXIS2_PLACEMENT_3D('Circle Axis2P3D',#3494,#3495,$) ;
#3509=AXIS2_PLACEMENT_3D('Plane Axis2P3D',#3506,#3507,#3508) ;
#3526=AXIS2_PLACEMENT_3D('Plane Axis2P3D',#3523,#3524,#3525) ;
#3550=AXIS2_PLACEMENT_3D('Plane Axis2P3D',#3547,#3548,#3549) ;
#3606=AXIS2_PLACEMENT_3D('Plane Axis2P3D',#3603,#3604,#3605) ;
#3623=AXIS2_PLACEMENT_3D('Plane Axis2P3D',#3620,#3621,#3622) ;
#3653=AXIS2_PLACEMENT_3D('Circle Axis2P3D',#3651,#3652,$) ;
#3660=AXIS2_PLACEMENT_3D('Circle Axis2P3D',#3658,#3659,$) ;
#3701=AXIS2_PLACEMENT_3D('Plane Axis2P3D',#3698,#3699,#3700) ;
#3741=AXIS2_PLACEMENT_3D('Plane Axis2P3D',#3738,#3739,#3740) ;
#3812=AXIS2_PLACEMENT_3D('Plane Axis2P3D',#3809,#3810,#3811) ;
#3856=AXIS2_PLACEMENT_3D('Circle Axis2P3D',#3854,#3855,$) ;
#3870=AXIS2_PLACEMENT_3D('Circle Axis2P3D',#3868,#3869,$) ;
#3902=AXIS2_PLACEMENT_3D('Plane Axis2P3D',#3899,#3900,#3901) ;
#3933=AXIS2_PLACEMENT_3D('Plane Axis2P3D',#3930,#3931,#3932) ;
#3957=AXIS2_PLACEMENT_3D('Plane Axis2P3D',#3954,#3955,#3956) ;
#3981=AXIS2_PLACEMENT_3D('Cylinder Axis2P3D',#3978,#3979,#3980) ;
#3993=AXIS2_PLACEMENT_3D('Plane Axis2P3D',#3990,#3991,#3992) ;
#4010=AXIS2_PLACEMENT_3D('Plane Axis2P3D',#4007,#4008,#4009) ;
#4039=AXIS2_PLACEMENT_3D('Plane Axis2P3D',#4036,#4037,#4038) ;
#4063=AXIS2_PLACEMENT_3D('Cylinder Axis2P3D',#4060,#4061,#4062) ;
#4111=AXIS2_PLACEMENT_3D('Cylinder Axis2P3D',#4108,#4109,#4110) ;
#4140=AXIS2_PLACEMENT_3D('Plane Axis2P3D',#4137,#4138,#4139) ;
#4169=AXIS2_PLACEMENT_3D('Cylinder Axis2P3D',#4166,#4167,#4168) ;
#4186=AXIS2_PLACEMENT_3D('Plane Axis2P3D',#4183,#4184,#4185) ;
#4198=AXIS2_PLACEMENT_3D('Plane Axis2P3D',#4195,#4196,#4197) ;
#4210=AXIS2_PLACEMENT_3D('Plane Axis2P3D',#4207,#4208,#4209) ;
#4251=AXIS2_PLACEMENT_3D('Plane Axis2P3D',#4248,#4249,#4250) ;
#4282=AXIS2_PLACEMENT_3D('Plane Axis2P3D',#4279,#4280,#4281) ;
#4306=AXIS2_PLACEMENT_3D('Plane Axis2P3D',#4303,#4304,#4305) ;
#4330=AXIS2_PLACEMENT_3D('Plane Axis2P3D',#4327,#4328,#4329) ;
#4381=AXIS2_PLACEMENT_3D('Plane Axis2P3D',#4378,#4379,#4380) ;
#4393=AXIS2_PLACEMENT_3D('Cylinder Axis2P3D',#4390,#4391,#4392) ;
#4410=AXIS2_PLACEMENT_3D('Plane Axis2P3D',#4407,#4408,#4409) ;
#4427=AXIS2_PLACEMENT_3D('Plane Axis2P3D',#4424,#4425,#4426) ;
#4453=AXIS2_PLACEMENT_3D('Plane Axis2P3D',#4450,#4451,#4452) ;
#4477=AXIS2_PLACEMENT_3D('Plane Axis2P3D',#4474,#4475,#4476) ;
#4501=AXIS2_PLACEMENT_3D('Plane Axis2P3D',#4498,#4499,#4500) ;
#4525=AXIS2_PLACEMENT_3D('Cylinder Axis2P3D',#4522,#4523,#4524) ;
#4537=AXIS2_PLACEMENT_3D('Plane Axis2P3D',#4534,#4535,#4536) ;
#4568=AXIS2_PLACEMENT_3D('Plane Axis2P3D',#4565,#4566,#4567) ;
#4592=AXIS2_PLACEMENT_3D('Plane Axis2P3D',#4589,#4590,#4591) ;
#4616=AXIS2_PLACEMENT_3D('Plane Axis2P3D',#4613,#4614,#4615) ;
#4640=AXIS2_PLACEMENT_3D('Plane Axis2P3D',#4637,#4638,#4639) ;
#4652=AXIS2_PLACEMENT_3D('Plane Axis2P3D',#4649,#4650,#4651) ;
#4670=AXIS2_PLACEMENT_3D('Plane Axis2P3D',#4667,#4668,#4669) ;
#4687=AXIS2_PLACEMENT_3D('Plane Axis2P3D',#4684,#4685,#4686) ;
#4700=AXIS2_PLACEMENT_3D('Plane Axis2P3D',#4697,#4698,#4699) ;
#4712=AXIS2_PLACEMENT_3D('Plane Axis2P3D',#4709,#4710,#4711) ;
#4736=AXIS2_PLACEMENT_3D('Plane Axis2P3D',#4733,#4734,#4735) ;
#4760=AXIS2_PLACEMENT_3D('Plane Axis2P3D',#4757,#4758,#4759) ;
#4784=AXIS2_PLACEMENT_3D('Plane Axis2P3D',#4781,#4782,#4783) ;
#4808=AXIS2_PLACEMENT_3D('Plane Axis2P3D',#4805,#4806,#4807) ;
#4851=AXIS2_PLACEMENT_3D('Plane Axis2P3D',#4848,#4849,#4850) ;
#4868=AXIS2_PLACEMENT_3D('Plane Axis2P3D',#4865,#4866,#4867) ;
#4880=AXIS2_PLACEMENT_3D('Plane Axis2P3D',#4877,#4878,#4879) ;
#4925=AXIS2_PLACEMENT_3D('Plane Axis2P3D',#4922,#4923,#4924) ;
#4944=AXIS2_PLACEMENT_3D('Plane Axis2P3D',#4941,#4942,#4943) ;
#4989=AXIS2_PLACEMENT_3D('Plane Axis2P3D',#4986,#4987,#4988) ;
#5008=AXIS2_PLACEMENT_3D('Plane Axis2P3D',#5005,#5006,#5007) ;
#5020=AXIS2_PLACEMENT_3D('Plane Axis2P3D',#5017,#5018,#5019) ;
#5055=AXIS2_PLACEMENT_3D('Plane Axis2P3D',#5052,#5053,#5054) ;
#5095=AXIS2_PLACEMENT_3D('Plane Axis2P3D',#5092,#5093,#5094) ;
#5135=AXIS2_PLACEMENT_3D('Plane Axis2P3D',#5132,#5133,#5134) ;
#5166=AXIS2_PLACEMENT_3D('Plane Axis2P3D',#5163,#5164,#5165) ;
#5197=AXIS2_PLACEMENT_3D('Plane Axis2P3D',#5194,#5195,#5196) ;
#5219=AXIS2_PLACEMENT_3D('Plane Axis2P3D',#5216,#5217,#5218) ;
#5241=AXIS2_PLACEMENT_3D('Plane Axis2P3D',#5238,#5239,#5240) ;
#5255=AXIS2_PLACEMENT_3D('Plane Axis2P3D',#5252,#5253,#5254) ;
#5428=AXIS2_PLACEMENT_3D('Plane Axis2P3D',#5425,#5426,#5427) ;
#5442=AXIS2_PLACEMENT_3D('Plane Axis2P3D',#5439,#5440,#5441) ;
#5615=AXIS2_PLACEMENT_3D('Plane Axis2P3D',#5612,#5613,#5614) ;
#5629=AXIS2_PLACEMENT_3D('Plane Axis2P3D',#5626,#5627,#5628) ;
#5643=AXIS2_PLACEMENT_3D('Axis System.1',#5640,#5641,#5642) ;
#17=CARTESIAN_POINT(' ',(0.,0.,0.)) ;
#31=CARTESIAN_POINT('Axis2P3D Location',(2.9625,1.19999999994,6.1875)) ;
#36=CARTESIAN_POINT('Line Origine',(2.9625,8.169,7.2125)) ;
#40=CARTESIAN_POINT('Vertex',(2.9625,6.65,7.2125)) ;
#42=CARTESIAN_POINT('Vertex',(2.9625,9.688,7.2125)) ;
#45=CARTESIAN_POINT('Line Origine',(2.9625,9.688,6.7)) ;
#49=CARTESIAN_POINT('Vertex',(2.9625,9.6875,6.1875)) ;
#52=CARTESIAN_POINT('Line Origine',(2.9625,8.16875,6.1875)) ;
#56=CARTESIAN_POINT('Vertex',(2.9625,6.65,6.1875)) ;
#59=CARTESIAN_POINT('Line Origine',(2.9625,6.65,6.7)) ;
#71=CARTESIAN_POINT('Axis2P3D Location',(1.9375,0.,7.2125)) ;
#76=CARTESIAN_POINT('Line Origine',(2.4505,11.05,7.2125)) ;
#80=CARTESIAN_POINT('Vertex',(1.938,11.05,7.2125)) ;
#82=CARTESIAN_POINT('Vertex',(2.963,11.05,7.2125)) ;
#85=CARTESIAN_POINT('Line Origine',(2.963,10.369,7.2125)) ;
#90=CARTESIAN_POINT('Line Origine',(2.45,6.65,7.2125)) ;
#94=CARTESIAN_POINT('Vertex',(1.9375,6.65,7.2125)) ;
#97=CARTESIAN_POINT('Line Origine',(1.9375,8.169,7.2125)) ;
#101=CARTESIAN_POINT('Vertex',(1.9375,9.688,7.2125)) ;
#104=CARTESIAN_POINT('Line Origine',(1.938,10.369,7.2125)) ;
#118=CARTESIAN_POINT('Axis2P3D Location',(2.963,11.4893624306,-2.69031897133E-017)) ;
#123=CARTESIAN_POINT('Line Origine',(2.963,11.05,5.20625)) ;
#127=CARTESIAN_POINT('Vertex',(2.963,11.05,3.2)) ;
#130=CARTESIAN_POINT('Line Origine',(2.963,10.369,3.2)) ;
#134=CARTESIAN_POINT('Vertex',(2.963,9.688,3.2)) ;
#137=CARTESIAN_POINT('Line Origine',(2.963,9.688,4.69375)) ;
#150=CARTESIAN_POINT('Axis2P3D Location',(1.9375,1.19999999994,6.1875)) ;
#155=CARTESIAN_POINT('Line Origine',(2.45,9.6875,6.1875)) ;
#159=CARTESIAN_POINT('Vertex',(1.9375,9.6875,6.1875)) ;
#162=CARTESIAN_POINT('Line Origine',(1.9375,8.16875,6.1875)) ;
#166=CARTESIAN_POINT('Vertex',(1.9375,6.65,6.1875)) ;
#169=CARTESIAN_POINT('Line Origine',(2.45,6.65,6.1875)) ;
#181=CARTESIAN_POINT('Axis2P3D Location',(-2.75,6.65,2.69422295812E-016)) ;
#186=CARTESIAN_POINT('Line Origine',(1.57499999977,6.65,6.7)) ;
#190=CARTESIAN_POINT('Vertex',(1.57499999977,6.65,7.57500000023)) ;
#192=CARTESIAN_POINT('Vertex',(1.57499999977,6.65,5.82499999977)) ;
#195=CARTESIAN_POINT('Line Origine',(2.45,6.65,5.82499999977)) ;
#199=CARTESIAN_POINT('Vertex',(3.32500000023,6.65,5.82499999977)) ;
#202=CARTESIAN_POINT('Line Origine',(3.32500000023,6.65,6.7)) ;
#206=CARTESIAN_POINT('Vertex',(3.32500000023,6.65,7.57500000023)) ;
#209=CARTESIAN_POINT('Line Origine',(2.45,6.65,7.57500000023)) ;
#220=CARTESIAN_POINT('Line Origine',(1.9375,6.65,6.7)) ;
#232=CARTESIAN_POINT('Axis2P3D Location',(1.938,9.688,8.33984470219E-017)) ;
#237=CARTESIAN_POINT('Line Origine',(1.938,10.369,3.2)) ;
#241=CARTESIAN_POINT('Vertex',(1.938,9.688,3.2)) ;
#243=CARTESIAN_POINT('Vertex',(1.938,11.05,3.2)) ;
#246=CARTESIAN_POINT('Line Origine',(1.938,11.05,5.20625)) ;
#251=CARTESIAN_POINT('Line Origine',(1.938,9.688,6.7)) ;
#256=CARTESIAN_POINT('Line Origine',(1.938,9.688,4.69375)) ;
#269=CARTESIAN_POINT('Axis2P3D Location',(1.9375,1.19999999994,7.2125)) ;
#281=CARTESIAN_POINT('Axis2P3D Location',(-2.75,11.05,10.65)) ;
#286=CARTESIAN_POINT('Line Origine',(4.9,11.05,9.4)) ;
#290=CARTESIAN_POINT('Vertex',(4.9,11.05,10.65)) ;
#292=CARTESIAN_POINT('Vertex',(4.9,11.05,8.15)) ;
#295=CARTESIAN_POINT('Line Origine',(5.1125,11.05,10.65)) ;
#299=CARTESIAN_POINT('Vertex',(5.325,11.05,10.65)) ;
#302=CARTESIAN_POINT('Line Origine',(5.325,11.05,9.15)) ;
#306=CARTESIAN_POINT('Vertex',(5.325,11.05,7.65)) ;
#309=CARTESIAN_POINT('Line Origine',(5.95,11.05,7.65)) ;
#313=CARTESIAN_POINT('Vertex',(6.575,11.05,7.65)) ;
#316=CARTESIAN_POINT('Line Origine',(6.575,11.05,9.15)) ;
#320=CARTESIAN_POINT('Vertex',(6.575,11.05,10.65)) ;
#323=CARTESIAN_POINT('Line Origine',(6.7875,11.05,10.65)) ;
#327=CARTESIAN_POINT('Vertex',(7.,11.05,10.65)) ;
#330=CARTESIAN_POINT('Line Origine',(7.,11.05,9.4)) ;
#334=CARTESIAN_POINT('Vertex',(7.,11.05,8.15)) ;
#337=CARTESIAN_POINT('Line Origine',(7.7,11.05,8.15)) ;
#341=CARTESIAN_POINT('Vertex',(8.4,11.05,8.15)) ;
#344=CARTESIAN_POINT('Line Origine',(8.4,11.05,9.4)) ;
#348=CARTESIAN_POINT('Vertex',(8.4,11.05,10.65)) ;
#351=CARTESIAN_POINT('Line Origine',(8.6125,11.05,10.65)) ;
#355=CARTESIAN_POINT('Vertex',(8.825,11.05,10.65)) ;
#358=CARTESIAN_POINT('Line Origine',(8.825,11.05,9.15)) ;
#362=CARTESIAN_POINT('Vertex',(8.825,11.05,7.65)) ;
#365=CARTESIAN_POINT('Line Origine',(9.45,11.05,7.65)) ;
#369=CARTESIAN_POINT('Vertex',(10.075,11.05,7.65)) ;
#372=CARTESIAN_POINT('Line Origine',(10.075,11.05,9.15)) ;
#376=CARTESIAN_POINT('Vertex',(10.075,11.05,10.65)) ;
#379=CARTESIAN_POINT('Line Origine',(10.2875,11.05,10.65)) ;
#383=CARTESIAN_POINT('Vertex',(10.5,11.05,10.65)) ;
#386=CARTESIAN_POINT('Line Origine',(10.5,11.05,9.4)) ;
#390=CARTESIAN_POINT('Vertex',(10.5,11.05,8.15)) ;
#393=CARTESIAN_POINT('Line Origine',(10.8375,11.05,8.15)) ;
#397=CARTESIAN_POINT('Vertex',(11.175,11.05,8.15)) ;
#400=CARTESIAN_POINT('Line Origine',(11.175,11.05,9.4)) ;
#404=CARTESIAN_POINT('Vertex',(11.175,11.05,10.65)) ;
#407=CARTESIAN_POINT('Line Origine',(11.5375,11.05,10.65)) ;
#411=CARTESIAN_POINT('Vertex',(11.9,11.05,10.65)) ;
#414=CARTESIAN_POINT('Line Origine',(11.9,11.05,6.925)) ;
#418=CARTESIAN_POINT('Vertex',(11.9,11.05,3.2)) ;
#421=CARTESIAN_POINT('Line Origine',(11.5375,11.05,3.2)) ;
#425=CARTESIAN_POINT('Vertex',(11.175,11.05,3.2)) ;
#428=CARTESIAN_POINT('Line Origine',(11.175,11.05,5.45)) ;
#432=CARTESIAN_POINT('Vertex',(11.175,11.05,7.7)) ;
#435=CARTESIAN_POINT('Line Origine',(10.8375,11.05,7.7)) ;
#439=CARTESIAN_POINT('Vertex',(10.5,11.05,7.7)) ;
#442=CARTESIAN_POINT('Line Origine',(10.5,11.05,5.45)) ;
#446=CARTESIAN_POINT('Vertex',(10.5,11.05,3.2)) ;
#449=CARTESIAN_POINT('Line Origine',(10.231,11.05,3.2)) ;
#453=CARTESIAN_POINT('Vertex',(9.962,11.05,3.2)) ;
#456=CARTESIAN_POINT('Line Origine',(9.962,11.05,5.20625)) ;
#460=CARTESIAN_POINT('Vertex',(9.962,11.05,7.2125)) ;
#463=CARTESIAN_POINT('Line Origine',(9.4495,11.05,7.2125)) ;
#467=CARTESIAN_POINT('Vertex',(8.937,11.05,7.2125)) ;
#470=CARTESIAN_POINT('Line Origine',(8.937,11.05,5.20625)) ;
#474=CARTESIAN_POINT('Vertex',(8.937,11.05,3.2)) ;
#477=CARTESIAN_POINT('Line Origine',(8.6685,11.05,3.2)) ;
#481=CARTESIAN_POINT('Vertex',(8.4,11.05,3.2)) ;
#484=CARTESIAN_POINT('Line Origine',(8.4,11.05,5.45)) ;
#488=CARTESIAN_POINT('Vertex',(8.4,11.05,7.7)) ;
#491=CARTESIAN_POINT('Line Origine',(7.7,11.05,7.7)) ;
#495=CARTESIAN_POINT('Vertex',(7.,11.05,7.7)) ;
#498=CARTESIAN_POINT('Line Origine',(7.,11.05,5.45)) ;
#502=CARTESIAN_POINT('Vertex',(7.,11.05,3.2)) ;
#505=CARTESIAN_POINT('Line Origine',(6.7315,11.05,3.2)) ;
#509=CARTESIAN_POINT('Vertex',(6.463,11.05,3.2)) ;
#512=CARTESIAN_POINT('Line Origine',(6.463,11.05,5.20625)) ;
#516=CARTESIAN_POINT('Vertex',(6.463,11.05,7.2125)) ;
#519=CARTESIAN_POINT('Line Origine',(5.9505,11.05,7.2125)) ;
#523=CARTESIAN_POINT('Vertex',(5.438,11.05,7.2125)) ;
#526=CARTESIAN_POINT('Line Origine',(5.438,11.05,5.20625)) ;
#530=CARTESIAN_POINT('Vertex',(5.438,11.05,3.2)) ;
#533=CARTESIAN_POINT('Line Origine',(5.169,11.05,3.2)) ;
#537=CARTESIAN_POINT('Vertex',(4.9,11.05,3.2)) ;
#540=CARTESIAN_POINT('Line Origine',(4.9,11.05,5.45)) ;
#544=CARTESIAN_POINT('Vertex',(4.9,11.05,7.7)) ;
#547=CARTESIAN_POINT('Line Origine',(4.2,11.05,7.7)) ;
#551=CARTESIAN_POINT('Vertex',(3.5,11.05,7.7)) ;
#554=CARTESIAN_POINT('Line Origine',(3.5,11.05,5.45)) ;
#558=CARTESIAN_POINT('Vertex',(3.5,11.05,3.2)) ;
#561=CARTESIAN_POINT('Line Origine',(3.2315,11.05,3.2)) ;
#566=CARTESIAN_POINT('Line Origine',(1.669,11.05,3.2)) ;
#570=CARTESIAN_POINT('Vertex',(1.4,11.05,3.2)) ;
#573=CARTESIAN_POINT('Line Origine',(1.4,11.05,5.45)) ;
#577=CARTESIAN_POINT('Vertex',(1.4,11.05,7.7)) ;
#580=CARTESIAN_POINT('Line Origine',(1.0625,11.05,7.7)) ;
#584=CARTESIAN_POINT('Vertex',(0.724999999999,11.05,7.7)) ;
#587=CARTESIAN_POINT('Line Origine',(0.724999999999,11.05,5.45)) ;
#591=CARTESIAN_POINT('Vertex',(0.724999999999,11.05,3.2)) ;
#594=CARTESIAN_POINT('Line Origine',(0.3625,11.05,3.2)) ;
#598=CARTESIAN_POINT('Vertex',(4.4408920985E-016,11.05,3.2)) ;
#601=CARTESIAN_POINT('Line Origine',(4.4408920985E-016,11.05,6.925)) ;
#605=CARTESIAN_POINT('Vertex',(4.4408920985E-016,11.05,10.65)) ;
#608=CARTESIAN_POINT('Line Origine',(0.3625,11.05,10.65)) ;
#612=CARTESIAN_POINT('Vertex',(0.724999999999,11.05,10.65)) ;
#615=CARTESIAN_POINT('Line Origine',(0.724999999999,11.05,9.4)) ;
#619=CARTESIAN_POINT('Vertex',(0.724999999999,11.05,8.15)) ;
#622=CARTESIAN_POINT('Line Origine',(1.0625,11.05,8.15)) ;
#626=CARTESIAN_POINT('Vertex',(1.4,11.05,8.15)) ;
#629=CARTESIAN_POINT('Line Origine',(1.4,11.05,9.4)) ;
#633=CARTESIAN_POINT('Vertex',(1.4,11.05,10.65)) ;
#636=CARTESIAN_POINT('Line Origine',(1.6125,11.05,10.65)) ;
#640=CARTESIAN_POINT('Vertex',(1.825,11.05,10.65)) ;
#643=CARTESIAN_POINT('Line Origine',(1.825,11.05,9.15)) ;
#647=CARTESIAN_POINT('Vertex',(1.825,11.05,7.65)) ;
#650=CARTESIAN_POINT('Line Origine',(2.45,11.05,7.65)) ;
#654=CARTESIAN_POINT('Vertex',(3.075,11.05,7.65)) ;
#657=CARTESIAN_POINT('Line Origine',(3.075,11.05,9.15)) ;
#661=CARTESIAN_POINT('Vertex',(3.075,11.05,10.65)) ;
#664=CARTESIAN_POINT('Line Origine',(3.2875,11.05,10.65)) ;
#668=CARTESIAN_POINT('Vertex',(3.5,11.05,10.65)) ;
#671=CARTESIAN_POINT('Line Origine',(3.5,11.05,9.4)) ;
#675=CARTESIAN_POINT('Vertex',(3.5,11.05,8.15)) ;
#678=CARTESIAN_POINT('Line Origine',(4.2,11.05,8.15)) ;
#746=CARTESIAN_POINT('Axis2P3D Location',(-6.25,0.,3.2)) ;
#751=CARTESIAN_POINT('Line Origine',(8.881784197E-016,5.525,3.2)) ;
#755=CARTESIAN_POINT('Vertex',(8.881784197E-016,0.,3.2)) ;
#758=CARTESIAN_POINT('Line Origine',(0.724999999999,9.85,3.2)) ;
#762=CARTESIAN_POINT('Vertex',(0.724999999999,8.65,3.2)) ;
#765=CARTESIAN_POINT('Line Origine',(1.0625,8.65,3.2)) ;
#769=CARTESIAN_POINT('Vertex',(1.4,8.65,3.2)) ;
#772=CARTESIAN_POINT('Line Origine',(1.4,9.85,3.2)) ;
#777=CARTESIAN_POINT('Line Origine',(2.45025,9.688,3.2)) ;
#782=CARTESIAN_POINT('Line Origine',(3.5,9.85,3.2)) ;
#786=CARTESIAN_POINT('Vertex',(3.5,8.65,3.2)) ;
#789=CARTESIAN_POINT('Line Origine',(3.74594607791,8.65,3.2)) ;
#793=CARTESIAN_POINT('Vertex',(3.99189215583,8.65,3.2)) ;
#796=CARTESIAN_POINT('Line Origine',(3.99189215583,9.85,3.2)) ;
#800=CARTESIAN_POINT('Vertex',(3.99189215583,11.05,3.2)) ;
#803=CARTESIAN_POINT('Line Origine',(4.09594607791,11.05,3.2)) ;
#807=CARTESIAN_POINT('Vertex',(4.2,11.05,3.2)) ;
#810=CARTESIAN_POINT('Line Origine',(4.30405392209,11.05,3.2)) ;
#814=CARTESIAN_POINT('Vertex',(4.40810784417,11.05,3.2)) ;
#817=CARTESIAN_POINT('Line Origine',(4.40810784417,9.85,3.2)) ;
#821=CARTESIAN_POINT('Vertex',(4.40810784417,8.65,3.2)) ;
#824=CARTESIAN_POINT('Line Origine',(4.65405392209,8.65,3.2)) ;
#828=CARTESIAN_POINT('Vertex',(4.9,8.65,3.2)) ;
#831=CARTESIAN_POINT('Line Origine',(4.9,9.85,3.2)) ;
#836=CARTESIAN_POINT('Line Origine',(5.438,10.369,3.2)) ;
#840=CARTESIAN_POINT('Vertex',(5.438,9.688,3.2)) ;
#843=CARTESIAN_POINT('Line Origine',(5.95025,9.688,3.2)) ;
#847=CARTESIAN_POINT('Vertex',(6.463,9.688,3.2)) ;
#850=CARTESIAN_POINT('Line Origine',(6.463,10.369,3.2)) ;
#855=CARTESIAN_POINT('Line Origine',(7.,9.85,3.2)) ;
#859=CARTESIAN_POINT('Vertex',(7.,8.65,3.2)) ;
#862=CARTESIAN_POINT('Line Origine',(7.24594607791,8.65,3.2)) ;
#866=CARTESIAN_POINT('Vertex',(7.49189215583,8.65,3.2)) ;
#869=CARTESIAN_POINT('Line Origine',(7.49189215583,9.85,3.2)) ;
#873=CARTESIAN_POINT('Vertex',(7.49189215583,11.05,3.2)) ;
#876=CARTESIAN_POINT('Line Origine',(7.59594607791,11.05,3.2)) ;
#880=CARTESIAN_POINT('Vertex',(7.7,11.05,3.2)) ;
#883=CARTESIAN_POINT('Line Origine',(7.80405392209,11.05,3.2)) ;
#887=CARTESIAN_POINT('Vertex',(7.90810784417,11.05,3.2)) ;
#890=CARTESIAN_POINT('Line Origine',(7.90810784417,9.85,3.2)) ;
#894=CARTESIAN_POINT('Vertex',(7.90810784417,8.65,3.2)) ;
#897=CARTESIAN_POINT('Line Origine',(8.15405392209,8.65,3.2)) ;
#901=CARTESIAN_POINT('Vertex',(8.4,8.65,3.2)) ;
#904=CARTESIAN_POINT('Line Origine',(8.4,9.85,3.2)) ;
#909=CARTESIAN_POINT('Line Origine',(8.937,10.369,3.2)) ;
#913=CARTESIAN_POINT('Vertex',(8.9375,9.688,3.2)) ;
#916=CARTESIAN_POINT('Line Origine',(9.44975,9.688,3.2)) ;
#920=CARTESIAN_POINT('Vertex',(9.962,9.688,3.2)) ;
#923=CARTESIAN_POINT('Line Origine',(9.962,10.369,3.2)) ;
#928=CARTESIAN_POINT('Line Origine',(10.5,9.85,3.2)) ;
#932=CARTESIAN_POINT('Vertex',(10.5,8.65,3.2)) ;
#935=CARTESIAN_POINT('Line Origine',(10.8375,8.65,3.2)) ;
#939=CARTESIAN_POINT('Vertex',(11.175,8.65,3.2)) ;
#942=CARTESIAN_POINT('Line Origine',(11.175,9.85,3.2)) ;
#947=CARTESIAN_POINT('Line Origine',(11.9,5.525,3.2)) ;
#951=CARTESIAN_POINT('Vertex',(11.9,0.,3.2)) ;
#954=CARTESIAN_POINT('Line Origine',(5.95,0.,3.2)) ;
#1004=CARTESIAN_POINT('Axis2P3D Location',(1.938,9.688,8.33984470219E-017)) ;
#1016=CARTESIAN_POINT('Axis2P3D Location',(1.57499999977,7.95,7.57500000023)) ;
#1021=CARTESIAN_POINT('Line Origine',(1.57499999977,7.3,7.57500000023)) ;
#1025=CARTESIAN_POINT('Vertex',(1.57499999977,7.95,7.57500000023)) ;
#1028=CARTESIAN_POINT('Line Origine',(1.57499999977,7.95,6.7)) ;
#1032=CARTESIAN_POINT('Vertex',(1.57499999977,7.95,5.82499999977)) ;
#1035=CARTESIAN_POINT('Line Origine',(1.57499999977,7.3,5.82499999977)) ;
#1047=CARTESIAN_POINT('Axis2P3D Location',(3.32500000023,7.95,5.82499999977)) ;
#1052=CARTESIAN_POINT('Line Origine',(2.45,7.95,5.82499999977)) ;
#1056=CARTESIAN_POINT('Vertex',(3.32500000023,7.95,5.82499999977)) ;
#1059=CARTESIAN_POINT('Line Origine',(3.32500000023,7.3,5.82499999977)) ;
#1071=CARTESIAN_POINT('Axis2P3D Location',(3.32500000023,7.95,5.82499999977)) ;
#1076=CARTESIAN_POINT('Line Origine',(3.32500000023,7.95,6.7)) ;
#1080=CARTESIAN_POINT('Vertex',(3.32500000023,7.95,7.57500000023)) ;
#1083=CARTESIAN_POINT('Line Origine',(3.32500000023,7.3,7.57500000023)) ;
#1095=CARTESIAN_POINT('Axis2P3D Location',(1.57499999977,7.95,7.57500000023)) ;
#1100=CARTESIAN_POINT('Line Origine',(2.45,7.95,7.57500000023)) ;
#1112=CARTESIAN_POINT('Axis2P3D Location',(4.2,0.,8.15)) ;
#1117=CARTESIAN_POINT('Axis2P3D Location',(4.2,10.2962875664,8.15)) ;
#1121=CARTESIAN_POINT('Vertex',(4.57587704831,10.1594795091,8.15)) ;
#1123=CARTESIAN_POINT('Vertex',(4.2,9.89628756645,8.15)) ;
#1126=CARTESIAN_POINT('Line Origine',(4.73793852416,10.6047397546,8.15)) ;
#1131=CARTESIAN_POINT('Line Origine',(3.66206147584,10.6047397546,8.15)) ;
#1135=CARTESIAN_POINT('Vertex',(3.82412295169,10.1594795091,8.15)) ;
#1138=CARTESIAN_POINT('Axis2P3D Location',(4.2,10.2962875664,8.15)) ;
#1151=CARTESIAN_POINT('Axis2P3D Location',(3.5,11.05,10.65)) ;
#1156=CARTESIAN_POINT('Line Origine',(3.66206147584,10.6047397546,10.65)) ;
#1160=CARTESIAN_POINT('Vertex',(3.82412295169,10.1594795091,10.65)) ;
#1163=CARTESIAN_POINT('Line Origine',(3.82412295169,10.1594795091,9.4)) ;
#1175=CARTESIAN_POINT('Axis2P3D Location',(-6.25,11.05,10.65)) ;
#1180=CARTESIAN_POINT('Line Origine',(8.375,0.,10.65)) ;
#1184=CARTESIAN_POINT('Vertex',(7.7,4.56180932682E-016,10.65)) ;
#1186=CARTESIAN_POINT('Vertex',(9.05,4.56180932682E-016,10.65)) ;
#1189=CARTESIAN_POINT('Line Origine',(9.05,2.525,10.65)) ;
#1193=CARTESIAN_POINT('Vertex',(9.05,5.05,10.65)) ;
#1196=CARTESIAN_POINT('Line Origine',(9.45,5.05,10.65)) ;
#1200=CARTESIAN_POINT('Vertex',(9.85,5.05,10.65)) ;
#1203=CARTESIAN_POINT('Line Origine',(9.85,2.525,10.65)) ;
#1207=CARTESIAN_POINT('Vertex',(9.85,4.56180932682E-016,10.65)) ;
#1210=CARTESIAN_POINT('Line Origine',(10.875,0.,10.65)) ;
#1214=CARTESIAN_POINT('Vertex',(11.9,4.56180932682E-016,10.65)) ;
#1217=CARTESIAN_POINT('Line Origine',(11.9,5.525,10.65)) ;
#1222=CARTESIAN_POINT('Line Origine',(11.175,10.4735347904,10.65)) ;
#1226=CARTESIAN_POINT('Vertex',(11.175,9.89706958088,10.65)) ;
#1229=CARTESIAN_POINT('Axis2P3D Location',(11.2,10.2962875664,10.65)) ;
#1233=CARTESIAN_POINT('Vertex',(10.8241229517,10.1594795091,10.65)) ;
#1236=CARTESIAN_POINT('Line Origine',(10.6620614758,10.6047397546,10.65)) ;
#1241=CARTESIAN_POINT('Line Origine',(10.075,10.2,10.65)) ;
#1245=CARTESIAN_POINT('Vertex',(10.075,9.35,10.65)) ;
#1248=CARTESIAN_POINT('Line Origine',(10.3875,9.35,10.65)) ;
#1252=CARTESIAN_POINT('Vertex',(10.7,9.35,10.65)) ;
#1255=CARTESIAN_POINT('Line Origine',(10.7,9.,10.65)) ;
#1259=CARTESIAN_POINT('Vertex',(10.7,8.65,10.65)) ;
#1262=CARTESIAN_POINT('Line Origine',(9.45,8.65,10.65)) ;
#1266=CARTESIAN_POINT('Vertex',(8.2,8.65,10.65)) ;
#1269=CARTESIAN_POINT('Line Origine',(8.2,9.,10.65)) ;
#1273=CARTESIAN_POINT('Vertex',(8.2,9.35,10.65)) ;
#1276=CARTESIAN_POINT('Line Origine',(8.5125,9.35,10.65)) ;
#1280=CARTESIAN_POINT('Vertex',(8.825,9.35,10.65)) ;
#1283=CARTESIAN_POINT('Line Origine',(8.825,10.2,10.65)) ;
#1288=CARTESIAN_POINT('Line Origine',(8.23793852416,10.6047397546,10.65)) ;
#1292=CARTESIAN_POINT('Vertex',(8.07587704831,10.1594795091,10.65)) ;
#1295=CARTESIAN_POINT('Axis2P3D Location',(7.7,10.2962875664,10.65)) ;
#1299=CARTESIAN_POINT('Vertex',(7.7,9.89628756645,10.65)) ;
#1302=CARTESIAN_POINT('Axis2P3D Location',(7.7,10.2962875664,10.65)) ;
#1306=CARTESIAN_POINT('Vertex',(7.32412295169,10.1594795091,10.65)) ;
#1309=CARTESIAN_POINT('Line Origine',(7.16206147584,10.6047397546,10.65)) ;
#1314=CARTESIAN_POINT('Line Origine',(6.575,10.2,10.65)) ;
#1318=CARTESIAN_POINT('Vertex',(6.575,9.35,10.65)) ;
#1321=CARTESIAN_POINT('Line Origine',(6.8875,9.35,10.65)) ;
#1325=CARTESIAN_POINT('Vertex',(7.2,9.35,10.65)) ;
#1328=CARTESIAN_POINT('Line Origine',(7.2,9.,10.65)) ;
#1332=CARTESIAN_POINT('Vertex',(7.2,8.65,10.65)) ;
#1335=CARTESIAN_POINT('Line Origine',(5.95,8.65,10.65)) ;
#1339=CARTESIAN_POINT('Vertex',(4.7,8.65,10.65)) ;
#1342=CARTESIAN_POINT('Line Origine',(4.7,9.,10.65)) ;
#1346=CARTESIAN_POINT('Vertex',(4.7,9.35,10.65)) ;
#1349=CARTESIAN_POINT('Line Origine',(5.0125,9.35,10.65)) ;
#1353=CARTESIAN_POINT('Vertex',(5.325,9.35,10.65)) ;
#1356=CARTESIAN_POINT('Line Origine',(5.325,10.2,10.65)) ;
#1361=CARTESIAN_POINT('Line Origine',(4.73793852416,10.6047397546,10.65)) ;
#1365=CARTESIAN_POINT('Vertex',(4.57587704831,10.1594795091,10.65)) ;
#1368=CARTESIAN_POINT('Axis2P3D Location',(4.2,10.2962875664,10.65)) ;
#1372=CARTESIAN_POINT('Vertex',(4.2,9.89628756645,10.65)) ;
#1375=CARTESIAN_POINT('Axis2P3D Location',(4.2,10.2962875664,10.65)) ;
#1380=CARTESIAN_POINT('Line Origine',(3.075,10.2,10.65)) ;
#1384=CARTESIAN_POINT('Vertex',(3.075,9.35,10.65)) ;
#1387=CARTESIAN_POINT('Line Origine',(3.3875,9.35,10.65)) ;
#1391=CARTESIAN_POINT('Vertex',(3.7,9.35,10.65)) ;
#1394=CARTESIAN_POINT('Line Origine',(3.7,9.,10.65)) ;
#1398=CARTESIAN_POINT('Vertex',(3.7,8.65,10.65)) ;
#1401=CARTESIAN_POINT('Line Origine',(2.45,8.65,10.65)) ;
#1405=CARTESIAN_POINT('Vertex',(1.2,8.65,10.65)) ;
#1408=CARTESIAN_POINT('Line Origine',(1.2,9.,10.65)) ;
#1412=CARTESIAN_POINT('Vertex',(1.2,9.35,10.65)) ;
#1415=CARTESIAN_POINT('Line Origine',(1.5125,9.35,10.65)) ;
#1419=CARTESIAN_POINT('Vertex',(1.825,9.35,10.65)) ;
#1422=CARTESIAN_POINT('Line Origine',(1.825,10.2,10.65)) ;
#1427=CARTESIAN_POINT('Line Origine',(1.23793852416,10.6047397546,10.65)) ;
#1431=CARTESIAN_POINT('Vertex',(1.07587704831,10.1594795091,10.65)) ;
#1434=CARTESIAN_POINT('Axis2P3D Location',(0.7,10.2962875664,10.65)) ;
#1438=CARTESIAN_POINT('Vertex',(0.724999999999,9.89706958088,10.65)) ;
#1441=CARTESIAN_POINT('Line Origine',(0.724999999999,10.4735347904,10.65)) ;
#1446=CARTESIAN_POINT('Line Origine',(8.881784197E-016,5.525,10.65)) ;
#1450=CARTESIAN_POINT('Vertex',(8.881784197E-016,4.56180932682E-016,10.65)) ;
#1453=CARTESIAN_POINT('Line Origine',(1.025,0.,10.65)) ;
#1457=CARTESIAN_POINT('Vertex',(2.05,4.56180932682E-016,10.65)) ;
#1460=CARTESIAN_POINT('Line Origine',(2.05,2.525,10.65)) ;
#1464=CARTESIAN_POINT('Vertex',(2.05,5.05,10.65)) ;
#1467=CARTESIAN_POINT('Line Origine',(2.45,5.05,10.65)) ;
#1471=CARTESIAN_POINT('Vertex',(2.85,5.05,10.65)) ;
#1474=CARTESIAN_POINT('Line Origine',(2.85,2.525,10.65)) ;
#1478=CARTESIAN_POINT('Vertex',(2.85,4.56180932682E-016,10.65)) ;
#1481=CARTESIAN_POINT('Line Origine',(3.525,0.,10.65)) ;
#1485=CARTESIAN_POINT('Vertex',(4.2,4.56180932682E-016,10.65)) ;
#1488=CARTESIAN_POINT('Line Origine',(4.875,0.,10.65)) ;
#1492=CARTESIAN_POINT('Vertex',(5.55,4.56180932682E-016,10.65)) ;
#1495=CARTESIAN_POINT('Line Origine',(5.55,2.525,10.65)) ;
#1499=CARTESIAN_POINT('Vertex',(5.55,5.05,10.65)) ;
#1502=CARTESIAN_POINT('Line Origine',(5.95,5.05,10.65)) ;
#1506=CARTESIAN_POINT('Vertex',(6.35,5.05,10.65)) ;
#1509=CARTESIAN_POINT('Line Origine',(6.35,2.525,10.65)) ;
#1513=CARTESIAN_POINT('Vertex',(6.35,4.56180932682E-016,10.65)) ;
#1516=CARTESIAN_POINT('Line Origine',(7.025,0.,10.65)) ;
#1584=CARTESIAN_POINT('Axis2P3D Location',(3.075,11.05,10.65)) ;
#1589=CARTESIAN_POINT('Line Origine',(3.075,10.2,7.65)) ;
#1593=CARTESIAN_POINT('Vertex',(3.075,9.35,7.65)) ;
#1596=CARTESIAN_POINT('Line Origine',(3.075,9.35,9.15)) ;
#1608=CARTESIAN_POINT('Axis2P3D Location',(2.45,0.,7.65)) ;
#1613=CARTESIAN_POINT('Line Origine',(1.825,10.2,7.65)) ;
#1617=CARTESIAN_POINT('Vertex',(1.825,9.35,7.65)) ;
#1620=CARTESIAN_POINT('Line Origine',(1.5125,9.35,7.65)) ;
#1624=CARTESIAN_POINT('Vertex',(1.2,9.35,7.65)) ;
#1627=CARTESIAN_POINT('Line Origine',(1.2,9.,7.65)) ;
#1631=CARTESIAN_POINT('Vertex',(1.2,8.65,7.65)) ;
#1634=CARTESIAN_POINT('Line Origine',(2.45,8.65,7.65)) ;
#1638=CARTESIAN_POINT('Vertex',(3.7,8.65,7.65)) ;
#1641=CARTESIAN_POINT('Line Origine',(3.7,9.,7.65)) ;
#1645=CARTESIAN_POINT('Vertex',(3.7,9.35,7.65)) ;
#1648=CARTESIAN_POINT('Line Origine',(3.3875,9.35,7.65)) ;
#1664=CARTESIAN_POINT('Axis2P3D Location',(1.825,9.35,10.65)) ;
#1669=CARTESIAN_POINT('Line Origine',(1.825,9.35,9.15)) ;
#1681=CARTESIAN_POINT('Axis2P3D Location',(1.4,11.05,10.65)) ;
#1686=CARTESIAN_POINT('Line Origine',(1.23793852416,10.6047397546,8.15)) ;
#1690=CARTESIAN_POINT('Vertex',(1.07587704831,10.1594795091,8.15)) ;
#1693=CARTESIAN_POINT('Line Origine',(1.07587704831,10.1594795091,9.4)) ;
#1705=CARTESIAN_POINT('Line Origine',(0.724999999999,10.4735347904,8.15)) ;
#1709=CARTESIAN_POINT('Vertex',(0.724999999999,9.89706958088,8.15)) ;
#1712=CARTESIAN_POINT('Axis2P3D Location',(0.7,10.2962875664,8.15)) ;
#1724=CARTESIAN_POINT('Axis2P3D Location',(0.724999999999,11.05,10.65)) ;
#1729=CARTESIAN_POINT('Line Origine',(0.724999999999,9.89706958088,9.4)) ;
#1741=CARTESIAN_POINT('Axis2P3D Location',(0.,-2.37656135559,8.22139769384E-016)) ;
#1746=CARTESIAN_POINT('Line Origine',(0.,4.24033954205E-016,6.925)) ;
#1758=CARTESIAN_POINT('Line Origine',(0.724999999999,10.55,7.7)) ;
#1762=CARTESIAN_POINT('Vertex',(0.724999999999,10.05,7.7)) ;
#1765=CARTESIAN_POINT('Line Origine',(0.724999999999,10.05,5.9)) ;
#1769=CARTESIAN_POINT('Vertex',(0.724999999999,10.05,4.1)) ;
#1772=CARTESIAN_POINT('Line Origine',(0.724999999999,9.35,4.1)) ;
#1776=CARTESIAN_POINT('Vertex',(0.724999999999,8.65,4.1)) ;
#1779=CARTESIAN_POINT('Line Origine',(0.724999999999,8.65,3.65)) ;
#1793=CARTESIAN_POINT('Axis2P3D Location',(-2.1,11.05,7.7)) ;
#1798=CARTESIAN_POINT('Line Origine',(1.0625,10.05,7.7)) ;
#1802=CARTESIAN_POINT('Vertex',(1.4,10.05,7.7)) ;
#1805=CARTESIAN_POINT('Line Origine',(1.4,10.55,7.7)) ;
#1817=CARTESIAN_POINT('Axis2P3D Location',(1.4,11.05,4.1)) ;
#1822=CARTESIAN_POINT('Line Origine',(1.4,8.65,3.65)) ;
#1826=CARTESIAN_POINT('Vertex',(1.4,8.65,4.1)) ;
#1829=CARTESIAN_POINT('Line Origine',(1.4,9.35,4.1)) ;
#1833=CARTESIAN_POINT('Vertex',(1.4,10.05,4.1)) ;
#1836=CARTESIAN_POINT('Line Origine',(1.4,10.05,5.9)) ;
#1850=CARTESIAN_POINT('Axis2P3D Location',(3.5,11.05,7.7)) ;
#1855=CARTESIAN_POINT('Line Origine',(3.5,10.55,7.7)) ;
#1859=CARTESIAN_POINT('Vertex',(3.5,10.05,7.7)) ;
#1862=CARTESIAN_POINT('Line Origine',(3.5,10.05,5.9)) ;
#1866=CARTESIAN_POINT('Vertex',(3.5,10.05,4.1)) ;
#1869=CARTESIAN_POINT('Line Origine',(3.5,9.35,4.1)) ;
#1873=CARTESIAN_POINT('Vertex',(3.5,8.65,4.1)) ;
#1876=CARTESIAN_POINT('Line Origine',(3.5,8.65,3.65)) ;
#1890=CARTESIAN_POINT('Line Origine',(4.2,10.05,7.7)) ;
#1894=CARTESIAN_POINT('Vertex',(4.9,10.05,7.7)) ;
#1897=CARTESIAN_POINT('Line Origine',(4.9,10.55,7.7)) ;
#1909=CARTESIAN_POINT('Axis2P3D Location',(-6.25,0.,3.2)) ;
#1914=CARTESIAN_POINT('Axis2P3D Location',(5.95,-3.36777869765E-017,2.65)) ;
#1918=CARTESIAN_POINT('Vertex',(4.5752248021,0.,3.65000000003)) ;
#1920=CARTESIAN_POINT('Vertex',(7.3247751979,6.12323399592E-017,3.65000000003)) ;
#1923=CARTESIAN_POINT('Line Origine',(4.2,2.75545529827E-017,3.65000000003)) ;
#1927=CARTESIAN_POINT('Vertex',(3.8247751979,0.,3.65000000003)) ;
#1930=CARTESIAN_POINT('Axis2P3D Location',(2.45,-3.36777869765E-017,2.65)) ;
#1934=CARTESIAN_POINT('Vertex',(1.07522480175,0.,3.65000000003)) ;
#1937=CARTESIAN_POINT('Line Origine',(0.787612400665,2.75545529827E-017,3.65000000003)) ;
#1941=CARTESIAN_POINT('Vertex',(0.5,-3.30654635768E-016,3.65000000003)) ;
#1944=CARTESIAN_POINT('Line Origine',(0.5,1.92881870867E-016,6.35000000001)) ;
#1948=CARTESIAN_POINT('Vertex',(0.499999999583,0.,9.05)) ;
#1951=CARTESIAN_POINT('Line Origine',(0.804179606367,3.58209188751E-016,9.05)) ;
#1955=CARTESIAN_POINT('Vertex',(1.1083592135,9.61657227649E-016,9.05)) ;
#1958=CARTESIAN_POINT('Axis2P3D Location',(2.45,2.84730380802E-016,7.85)) ;
#1962=CARTESIAN_POINT('Vertex',(1.71617443376,0.,9.49362405626)) ;
#1965=CARTESIAN_POINT('Line Origine',(1.88308721688,4.02407428243E-016,9.77181202813)) ;
#1969=CARTESIAN_POINT('Vertex',(2.05,4.19441528708E-016,10.05)) ;
#1972=CARTESIAN_POINT('Line Origine',(2.05,4.37811230695E-016,10.35)) ;
#1977=CARTESIAN_POINT('Line Origine',(11.9,2.28090466341E-016,6.925)) ;
#1982=CARTESIAN_POINT('Line Origine',(9.85,4.37811230695E-016,10.35)) ;
#1986=CARTESIAN_POINT('Vertex',(9.85,4.19441528708E-016,10.05)) ;
#1989=CARTESIAN_POINT('Line Origine',(10.0169127831,4.02407428243E-016,9.77181202813)) ;
#1993=CARTESIAN_POINT('Vertex',(10.1838255611,9.88821366817E-016,9.49362405858)) ;
#1996=CARTESIAN_POINT('Axis2P3D Location',(9.45,2.84730380802E-016,7.85)) ;
#2000=CARTESIAN_POINT('Vertex',(10.7916407868,0.,9.05)) ;
#2003=CARTESIAN_POINT('Line Origine',(11.0958203936,3.58209188751E-016,9.05)) ;
#2007=CARTESIAN_POINT('Vertex',(11.4,0.,9.05)) ;
#2010=CARTESIAN_POINT('Line Origine',(11.4,1.92881870867E-016,6.35000000001)) ;
#2014=CARTESIAN_POINT('Vertex',(11.4000000004,0.,3.65000000003)) ;
#2017=CARTESIAN_POINT('Line Origine',(11.1123875993,2.75545529827E-017,3.65000000003)) ;
#2021=CARTESIAN_POINT('Vertex',(10.8247751979,6.12323399592E-017,3.65000000003)) ;
#2024=CARTESIAN_POINT('Axis2P3D Location',(9.45,-3.36777869765E-017,2.65)) ;
#2028=CARTESIAN_POINT('Vertex',(8.0752248021,0.,3.65000000003)) ;
#2031=CARTESIAN_POINT('Line Origine',(7.7,2.75545529827E-017,3.65000000003)) ;
#2061=CARTESIAN_POINT('Axis2P3D Location',(3.7,8.65,10.65)) ;
#2066=CARTESIAN_POINT('Line Origine',(1.0625,8.65,4.1)) ;
#2078=CARTESIAN_POINT('Line Origine',(3.74594607791,8.65,4.1)) ;
#2082=CARTESIAN_POINT('Vertex',(3.99189215583,8.65,4.1)) ;
#2085=CARTESIAN_POINT('Line Origine',(3.99189215583,8.65,3.65)) ;
#2097=CARTESIAN_POINT('Axis2P3D Location',(3.99189215583,11.05,4.1)) ;
#2102=CARTESIAN_POINT('Line Origine',(3.99189215583,9.35,4.1)) ;
#2106=CARTESIAN_POINT('Vertex',(3.99189215583,10.05,4.1)) ;
#2109=CARTESIAN_POINT('Line Origine',(3.99189215583,10.05,4.35)) ;
#2113=CARTESIAN_POINT('Vertex',(3.99189215583,10.05,4.6)) ;
#2116=CARTESIAN_POINT('Line Origine',(3.99189215583,10.55,4.6)) ;
#2120=CARTESIAN_POINT('Vertex',(3.99189215583,11.05,4.6)) ;
#2123=CARTESIAN_POINT('Line Origine',(3.99189215583,11.05,3.9)) ;
#2137=CARTESIAN_POINT('Line Origine',(4.40810784417,11.05,3.9)) ;
#2141=CARTESIAN_POINT('Vertex',(4.40810784417,11.05,4.6)) ;
#2144=CARTESIAN_POINT('Line Origine',(4.2,11.05,4.6)) ;
#2157=CARTESIAN_POINT('Axis2P3D Location',(2.45,7.95,6.7)) ;
#2162=CARTESIAN_POINT('Line Origine',(7.7,7.95,3.65000000003)) ;
#2166=CARTESIAN_POINT('Vertex',(8.0752248021,7.95,3.65000000003)) ;
#2168=CARTESIAN_POINT('Vertex',(7.3247751979,7.95,3.65000000003)) ;
#2171=CARTESIAN_POINT('Axis2P3D Location',(9.45,7.95,2.65)) ;
#2175=CARTESIAN_POINT('Vertex',(10.8247751979,7.95,3.65000000003)) ;
#2178=CARTESIAN_POINT('Line Origine',(11.1123875993,7.95,3.65000000003)) ;
#2182=CARTESIAN_POINT('Vertex',(11.4000000004,7.95,3.65000000003)) ;
#2185=CARTESIAN_POINT('Line Origine',(11.4,7.95,6.35000000001)) ;
#2189=CARTESIAN_POINT('Vertex',(11.4,7.95,9.05)) ;
#2192=CARTESIAN_POINT('Line Origine',(11.0958203936,7.95,9.05)) ;
#2196=CARTESIAN_POINT('Vertex',(10.7916407868,7.95,9.05)) ;
#2199=CARTESIAN_POINT('Axis2P3D Location',(9.45,7.95,7.85)) ;
#2203=CARTESIAN_POINT('Vertex',(10.1838255611,7.95,9.49362405858)) ;
#2206=CARTESIAN_POINT('Line Origine',(10.0169127831,7.95,9.77181202813)) ;
#2210=CARTESIAN_POINT('Vertex',(9.85,7.95,10.05)) ;
#2213=CARTESIAN_POINT('Line Origine',(9.85,7.95,10.1)) ;
#2217=CARTESIAN_POINT('Vertex',(9.85,7.95,10.15)) ;
#2220=CARTESIAN_POINT('Line Origine',(9.45,7.95,10.15)) ;
#2224=CARTESIAN_POINT('Vertex',(9.05,7.95,10.15)) ;
#2227=CARTESIAN_POINT('Line Origine',(9.05,7.95,10.1)) ;
#2231=CARTESIAN_POINT('Vertex',(9.05,7.95,10.05)) ;
#2234=CARTESIAN_POINT('Line Origine',(8.88308721688,7.95,9.77181202813)) ;
#2238=CARTESIAN_POINT('Vertex',(8.71617443376,7.95,9.49362405626)) ;
#2241=CARTESIAN_POINT('Axis2P3D Location',(9.45,7.95,7.85)) ;
#2245=CARTESIAN_POINT('Vertex',(8.1083592135,7.95,9.05)) ;
#2248=CARTESIAN_POINT('Line Origine',(7.7,7.95,9.05)) ;
#2252=CARTESIAN_POINT('Vertex',(7.2916407865,7.95,9.05)) ;
#2255=CARTESIAN_POINT('Axis2P3D Location',(5.95,7.95,7.85)) ;
#2259=CARTESIAN_POINT('Vertex',(6.68382556371,7.95,9.49362405739)) ;
#2262=CARTESIAN_POINT('Line Origine',(6.51691278312,7.95,9.77181202813)) ;
#2266=CARTESIAN_POINT('Vertex',(6.35,7.95,10.05)) ;
#2269=CARTESIAN_POINT('Line Origine',(6.35,7.95,10.1)) ;
#2273=CARTESIAN_POINT('Vertex',(6.35,7.95,10.15)) ;
#2276=CARTESIAN_POINT('Line Origine',(5.95,7.95,10.15)) ;
#2280=CARTESIAN_POINT('Vertex',(5.55,7.95,10.15)) ;
#2283=CARTESIAN_POINT('Line Origine',(5.55,7.95,10.1)) ;
#2287=CARTESIAN_POINT('Vertex',(5.55,7.95,10.05)) ;
#2290=CARTESIAN_POINT('Line Origine',(5.38308721688,7.95,9.77181202813)) ;
#2294=CARTESIAN_POINT('Vertex',(5.21617443376,7.95,9.49362405626)) ;
#2297=CARTESIAN_POINT('Axis2P3D Location',(5.95,7.95,7.85)) ;
#2301=CARTESIAN_POINT('Vertex',(4.6083592135,7.95,9.05)) ;
#2304=CARTESIAN_POINT('Line Origine',(4.2,7.95,9.05)) ;
#2308=CARTESIAN_POINT('Vertex',(3.7916407865,7.95,9.05)) ;
#2311=CARTESIAN_POINT('Axis2P3D Location',(2.45,7.95,7.85)) ;
#2315=CARTESIAN_POINT('Vertex',(3.18382556371,7.95,9.49362405739)) ;
#2318=CARTESIAN_POINT('Line Origine',(3.01691278312,7.95,9.77181202813)) ;
#2322=CARTESIAN_POINT('Vertex',(2.85,7.95,10.05)) ;
#2325=CARTESIAN_POINT('Line Origine',(2.85,7.95,10.1)) ;
#2329=CARTESIAN_POINT('Vertex',(2.85,7.95,10.15)) ;
#2332=CARTESIAN_POINT('Line Origine',(2.45,7.95,10.15)) ;
#2336=CARTESIAN_POINT('Vertex',(2.05,7.95,10.15)) ;
#2339=CARTESIAN_POINT('Line Origine',(2.05,7.95,10.1)) ;
#2343=CARTESIAN_POINT('Vertex',(2.05,7.95,10.05)) ;
#2346=CARTESIAN_POINT('Line Origine',(1.88308721688,7.95,9.77181202813)) ;
#2350=CARTESIAN_POINT('Vertex',(1.71617443376,7.95,9.49362405626)) ;
#2353=CARTESIAN_POINT('Axis2P3D Location',(2.45,7.95,7.85)) ;
#2357=CARTESIAN_POINT('Vertex',(1.1083592135,7.95,9.05)) ;
#2360=CARTESIAN_POINT('Line Origine',(0.804179606367,7.95,9.05)) ;
#2364=CARTESIAN_POINT('Vertex',(0.499999999583,7.95,9.05)) ;
#2367=CARTESIAN_POINT('Line Origine',(0.5,7.95,6.35000000001)) ;
#2371=CARTESIAN_POINT('Vertex',(0.5,7.95,3.65000000003)) ;
#2374=CARTESIAN_POINT('Line Origine',(0.787612400665,7.95,3.65000000003)) ;
#2378=CARTESIAN_POINT('Vertex',(1.07522480175,7.95,3.65000000003)) ;
#2381=CARTESIAN_POINT('Axis2P3D Location',(2.45,7.95,2.65)) ;
#2385=CARTESIAN_POINT('Vertex',(3.8247751979,7.95,3.65000000003)) ;
#2388=CARTESIAN_POINT('Line Origine',(4.2,7.95,3.65000000003)) ;
#2392=CARTESIAN_POINT('Vertex',(4.5752248021,7.95,3.65000000003)) ;
#2395=CARTESIAN_POINT('Axis2P3D Location',(5.95,7.95,2.65)) ;
#2442=CARTESIAN_POINT('Line Origine',(5.07499999977,7.95,6.7)) ;
#2446=CARTESIAN_POINT('Vertex',(5.07499999977,7.95,7.57500000023)) ;
#2448=CARTESIAN_POINT('Vertex',(5.07499999977,7.95,5.82499999977)) ;
#2451=CARTESIAN_POINT('Line Origine',(5.95,7.95,7.57500000023)) ;
#2455=CARTESIAN_POINT('Vertex',(6.82500000023,7.95,7.57500000023)) ;
#2458=CARTESIAN_POINT('Line Origine',(6.82500000023,7.95,6.7)) ;
#2462=CARTESIAN_POINT('Vertex',(6.82500000023,7.95,5.82499999977)) ;
#2465=CARTESIAN_POINT('Line Origine',(5.95,7.95,5.82499999977)) ;
#2476=CARTESIAN_POINT('Line Origine',(8.57499999977,7.95,6.7)) ;
#2480=CARTESIAN_POINT('Vertex',(8.57499999977,7.95,7.57500000023)) ;
#2482=CARTESIAN_POINT('Vertex',(8.57499999977,7.95,5.82499999977)) ;
#2485=CARTESIAN_POINT('Line Origine',(9.45,7.95,7.57500000023)) ;
#2489=CARTESIAN_POINT('Vertex',(10.3250000002,7.95,7.57500000023)) ;
#2492=CARTESIAN_POINT('Line Origine',(10.3250000002,7.95,6.7)) ;
#2496=CARTESIAN_POINT('Vertex',(10.3250000002,7.95,5.82499999977)) ;
#2499=CARTESIAN_POINT('Line Origine',(9.45,7.95,5.82499999977)) ;
#2511=CARTESIAN_POINT('Axis2P3D Location',(4.2,10.2962875664,8.78999999988)) ;
#2516=CARTESIAN_POINT('Line Origine',(4.57587704831,10.1594795091,8.78999999988)) ;
#2530=CARTESIAN_POINT('Axis2P3D Location',(1.2,9.35,10.65)) ;
#2535=CARTESIAN_POINT('Line Origine',(3.7,9.35,9.15)) ;
#2547=CARTESIAN_POINT('Axis2P3D Location',(3.7,9.35,10.65)) ;
#2552=CARTESIAN_POINT('Line Origine',(3.7,8.65,9.15)) ;
#2564=CARTESIAN_POINT('Line Origine',(1.2,8.65,9.15)) ;
#2576=CARTESIAN_POINT('Axis2P3D Location',(1.2,8.65,10.65)) ;
#2581=CARTESIAN_POINT('Line Origine',(1.2,9.35,9.15)) ;
#2600=CARTESIAN_POINT('Axis2P3D Location',(0.7,10.2962875664,8.78999999988)) ;
#2612=CARTESIAN_POINT('Axis2P3D Location',(2.05,0.,10.05)) ;
#2617=CARTESIAN_POINT('Line Origine',(2.05,3.975,10.05)) ;
#2622=CARTESIAN_POINT('Line Origine',(2.05,6.5,10.15)) ;
#2626=CARTESIAN_POINT('Vertex',(2.05,5.05,10.15)) ;
#2629=CARTESIAN_POINT('Line Origine',(2.05,5.05,10.4)) ;
#2643=CARTESIAN_POINT('Axis2P3D Location',(5.95,5.05,6.7)) ;
#2648=CARTESIAN_POINT('Line Origine',(2.85,5.05,10.4)) ;
#2652=CARTESIAN_POINT('Vertex',(2.85,5.05,10.15)) ;
#2655=CARTESIAN_POINT('Line Origine',(2.45,5.05,10.15)) ;
#2667=CARTESIAN_POINT('Axis2P3D Location',(2.85,0.,10.15)) ;
#2672=CARTESIAN_POINT('Line Origine',(2.85,3.975,10.05)) ;
#2676=CARTESIAN_POINT('Vertex',(2.85,4.19441528708E-016,10.05)) ;
#2679=CARTESIAN_POINT('Line Origine',(2.85,1.22464679915E-017,10.35)) ;
#2684=CARTESIAN_POINT('Line Origine',(2.85,6.5,10.15)) ;
#2698=CARTESIAN_POINT('Axis2P3D Location',(5.95,2.84730380802E-016,7.85)) ;
#2702=CARTESIAN_POINT('Vertex',(5.21617443376,0.,9.49362405626)) ;
#2704=CARTESIAN_POINT('Vertex',(4.6083592135,9.61657227649E-016,9.05)) ;
#2707=CARTESIAN_POINT('Line Origine',(5.38308721688,4.02407428243E-016,9.77181202813)) ;
#2711=CARTESIAN_POINT('Vertex',(5.55,4.19441528708E-016,10.05)) ;
#2714=CARTESIAN_POINT('Line Origine',(5.55,4.37811230695E-016,10.35)) ;
#2719=CARTESIAN_POINT('Line Origine',(3.01691278312,4.02407428243E-016,9.77181202813)) ;
#2723=CARTESIAN_POINT('Vertex',(3.18382556371,9.88821366744E-016,9.49362405739)) ;
#2726=CARTESIAN_POINT('Axis2P3D Location',(2.45,2.84730380802E-016,7.85)) ;
#2730=CARTESIAN_POINT('Vertex',(3.7916407865,0.,9.05)) ;
#2733=CARTESIAN_POINT('Line Origine',(4.2,3.58209188751E-016,9.05)) ;
#2750=CARTESIAN_POINT('Axis2P3D Location',(2.45,10.05,6.7)) ;
#2755=CARTESIAN_POINT('Line Origine',(1.0625,10.05,4.1)) ;
#2767=CARTESIAN_POINT('Axis2P3D Location',(0.724999999999,11.05,4.1)) ;
#2779=CARTESIAN_POINT('Line Origine',(4.9,10.05,5.9)) ;
#2783=CARTESIAN_POINT('Vertex',(4.9,10.05,4.1)) ;
#2786=CARTESIAN_POINT('Line Origine',(4.65405392209,10.05,4.1)) ;
#2790=CARTESIAN_POINT('Vertex',(4.40810784417,10.05,4.1)) ;
#2793=CARTESIAN_POINT('Line Origine',(4.40810784417,10.05,4.35)) ;
#2797=CARTESIAN_POINT('Vertex',(4.40810784417,10.05,4.6)) ;
#2800=CARTESIAN_POINT('Line Origine',(4.2,10.05,4.6)) ;
#2805=CARTESIAN_POINT('Line Origine',(3.74594607791,10.05,4.1)) ;
#2828=CARTESIAN_POINT('Axis2P3D Location',(1.71617443376,0.,9.49362405626)) ;
#2833=CARTESIAN_POINT('Line Origine',(1.71617443376,3.975,9.49362405626)) ;
#2845=CARTESIAN_POINT('Axis2P3D Location',(2.45,4.58500000012,7.85)) ;
#2850=CARTESIAN_POINT('Line Origine',(1.1083592135,4.58500000012,9.05)) ;
#2862=CARTESIAN_POINT('Axis2P3D Location',(11.4000000004,0.,9.05)) ;
#2867=CARTESIAN_POINT('Line Origine',(0.499999999583,3.975,9.05)) ;
#2879=CARTESIAN_POINT('Axis2P3D Location',(0.5,0.,9.05)) ;
#2884=CARTESIAN_POINT('Line Origine',(0.5,3.975,3.65000000003)) ;
#2896=CARTESIAN_POINT('Axis2P3D Location',(1.0752248021,0.,3.65000000003)) ;
#2901=CARTESIAN_POINT('Line Origine',(1.07522480175,3.975,3.65000000003)) ;
#2913=CARTESIAN_POINT('Axis2P3D Location',(2.45,4.58500000012,2.65)) ;
#2918=CARTESIAN_POINT('Line Origine',(3.8247751979,4.58500000012,3.65000000003)) ;
#2930=CARTESIAN_POINT('Line Origine',(4.5752248021,3.975,3.65000000003)) ;
#2942=CARTESIAN_POINT('Axis2P3D Location',(0.491892155828,11.05,4.6)) ;
#2947=CARTESIAN_POINT('Line Origine',(4.40810784417,10.55,4.6)) ;
#2959=CARTESIAN_POINT('Line Origine',(3.7916407865,3.975,9.05)) ;
#2964=CARTESIAN_POINT('Line Origine',(4.6083592135,3.975,9.05)) ;
#2976=CARTESIAN_POINT('Line Origine',(3.18382556371,4.58500000012,9.49362405739)) ;
#2988=CARTESIAN_POINT('Axis2P3D Location',(3.18382556624,0.,9.49362405626)) ;
#3000=CARTESIAN_POINT('Axis2P3D Location',(12.55,0.,10.15)) ;
#3012=CARTESIAN_POINT('Axis2P3D Location',(8.9375,1.19999999994,7.2125)) ;
#3017=CARTESIAN_POINT('Line Origine',(8.9375,8.16875,6.1875)) ;
#3021=CARTESIAN_POINT('Vertex',(8.9375,6.65,6.1875)) ;
#3023=CARTESIAN_POINT('Vertex',(8.9375,9.6875,6.1875)) ;
#3026=CARTESIAN_POINT('Line Origine',(8.9375,9.688,6.7)) ;
#3030=CARTESIAN_POINT('Vertex',(8.9375,9.688,7.2125)) ;
#3033=CARTESIAN_POINT('Line Origine',(8.9375,8.169,7.2125)) ;
#3037=CARTESIAN_POINT('Vertex',(8.9375,6.65,7.2125)) ;
#3040=CARTESIAN_POINT('Line Origine',(8.9375,6.65,6.7)) ;
#3052=CARTESIAN_POINT('Axis2P3D Location',(-1.5625,1.19999999994,6.1875)) ;
#3057=CARTESIAN_POINT('Line Origine',(9.9625,8.16875,6.1875)) ;
#3061=CARTESIAN_POINT('Vertex',(9.9625,6.65,6.1875)) ;
#3063=CARTESIAN_POINT('Vertex',(9.9625,9.6875,6.1875)) ;
#3066=CARTESIAN_POINT('Line Origine',(9.45,9.6875,6.1875)) ;
#3071=CARTESIAN_POINT('Line Origine',(9.45,6.65,6.1875)) ;
#3083=CARTESIAN_POINT('Axis2P3D Location',(8.937,11.4893624306,-2.69031897133E-017)) ;
#3088=CARTESIAN_POINT('Line Origine',(8.937,10.369,7.2125)) ;
#3093=CARTESIAN_POINT('Line Origine',(8.937,9.688,4.69375)) ;
#3106=CARTESIAN_POINT('Axis2P3D Location',(-1.5625,0.,7.2125)) ;
#3111=CARTESIAN_POINT('Line Origine',(9.962,10.369,7.2125)) ;
#3115=CARTESIAN_POINT('Vertex',(9.9625,9.688,7.2125)) ;
#3118=CARTESIAN_POINT('Line Origine',(9.9625,8.169,7.2125)) ;
#3122=CARTESIAN_POINT('Vertex',(9.9625,6.65,7.2125)) ;
#3125=CARTESIAN_POINT('Line Origine',(9.45,6.65,7.2125)) ;
#3139=CARTESIAN_POINT('Axis2P3D Location',(-6.25,6.65,2.69422295812E-016)) ;
#3144=CARTESIAN_POINT('Line Origine',(8.57499999977,6.65,6.7)) ;
#3148=CARTESIAN_POINT('Vertex',(8.57499999977,6.65,7.57500000023)) ;
#3150=CARTESIAN_POINT('Vertex',(8.57499999977,6.65,5.82499999977)) ;
#3153=CARTESIAN_POINT('Line Origine',(9.45,6.65,5.82499999977)) ;
#3157=CARTESIAN_POINT('Vertex',(10.3250000002,6.65,5.82499999977)) ;
#3160=CARTESIAN_POINT('Line Origine',(10.3250000002,6.65,6.7)) ;
#3164=CARTESIAN_POINT('Vertex',(10.3250000002,6.65,7.57500000023)) ;
#3167=CARTESIAN_POINT('Line Origine',(9.45,6.65,7.57500000023)) ;
#3178=CARTESIAN_POINT('Line Origine',(9.9625,6.65,6.7)) ;
#3190=CARTESIAN_POINT('Axis2P3D Location',(9.9625,1.19999999994,6.1875)) ;
#3195=CARTESIAN_POINT('Line Origine',(9.9625,9.688,6.7)) ;
#3207=CARTESIAN_POINT('Axis2P3D Location',(-1.562,9.688,8.33984470219E-017)) ;
#3212=CARTESIAN_POINT('Line Origine',(9.962,9.688,4.69375)) ;
#3224=CARTESIAN_POINT('Axis2P3D Location',(9.962,9.688,8.33984470219E-017)) ;
#3237=CARTESIAN_POINT('Axis2P3D Location',(8.57499999977,7.95,7.57500000023)) ;
#3242=CARTESIAN_POINT('Line Origine',(8.57499999977,7.3,7.57500000023)) ;
#3247=CARTESIAN_POINT('Line Origine',(8.57499999977,7.3,5.82499999977)) ;
#3259=CARTESIAN_POINT('Axis2P3D Location',(-0.174999999767,7.95,5.82499999977)) ;
#3264=CARTESIAN_POINT('Line Origine',(10.3250000002,7.3,5.82499999977)) ;
#3276=CARTESIAN_POINT('Axis2P3D Location',(10.3250000002,7.95,5.82499999977)) ;
#3281=CARTESIAN_POINT('Line Origine',(10.3250000002,7.3,7.57500000023)) ;
#3293=CARTESIAN_POINT('Axis2P3D Location',(-1.92500000023,7.95,7.57500000023)) ;
#3305=CARTESIAN_POINT('Line Origine',(8.4,10.55,7.7)) ;
#3309=CARTESIAN_POINT('Vertex',(8.4,10.05,7.7)) ;
#3312=CARTESIAN_POINT('Line Origine',(7.7,10.05,7.7)) ;
#3316=CARTESIAN_POINT('Vertex',(7.,10.05,7.7)) ;
#3319=CARTESIAN_POINT('Line Origine',(7.,10.55,7.7)) ;
#3331=CARTESIAN_POINT('Axis2P3D Location',(8.4,11.05,7.7)) ;
#3336=CARTESIAN_POINT('Line Origine',(8.4,8.65,3.65)) ;
#3340=CARTESIAN_POINT('Vertex',(8.4,8.65,4.1)) ;
#3343=CARTESIAN_POINT('Line Origine',(8.4,9.35,4.1)) ;
#3347=CARTESIAN_POINT('Vertex',(8.4,10.05,4.1)) ;
#3350=CARTESIAN_POINT('Line Origine',(8.4,10.05,5.9)) ;
#3364=CARTESIAN_POINT('Axis2P3D Location',(10.5,11.05,4.1)) ;
#3369=CARTESIAN_POINT('Line Origine',(10.5,10.55,7.7)) ;
#3373=CARTESIAN_POINT('Vertex',(10.5,10.05,7.7)) ;
#3376=CARTESIAN_POINT('Line Origine',(10.5,10.05,5.9)) ;
#3380=CARTESIAN_POINT('Vertex',(10.5,10.05,4.1)) ;
#3383=CARTESIAN_POINT('Line Origine',(10.5,9.35,4.1)) ;
#3387=CARTESIAN_POINT('Vertex',(10.5,8.65,4.1)) ;
#3390=CARTESIAN_POINT('Line Origine',(10.5,8.65,3.65)) ;
#3404=CARTESIAN_POINT('Line Origine',(11.175,10.55,7.7)) ;
#3408=CARTESIAN_POINT('Vertex',(11.175,10.05,7.7)) ;
#3411=CARTESIAN_POINT('Line Origine',(10.8375,10.05,7.7)) ;
#3423=CARTESIAN_POINT('Axis2P3D Location',(11.175,11.05,10.65)) ;
#3428=CARTESIAN_POINT('Line Origine',(11.175,8.65,3.65)) ;
#3432=CARTESIAN_POINT('Vertex',(11.175,8.65,4.1)) ;
#3435=CARTESIAN_POINT('Line Origine',(11.175,9.35,4.1)) ;
#3439=CARTESIAN_POINT('Vertex',(11.175,10.05,4.1)) ;
#3442=CARTESIAN_POINT('Line Origine',(11.175,10.05,5.9)) ;
#3456=CARTESIAN_POINT('Axis2P3D Location',(11.9,-3.03610057831,8.62524899285E-016)) ;
#3468=CARTESIAN_POINT('Line Origine',(11.175,10.4735347904,8.15)) ;
#3472=CARTESIAN_POINT('Vertex',(11.175,9.89706958088,8.15)) ;
#3475=CARTESIAN_POINT('Line Origine',(11.175,9.89706958088,9.4)) ;
#3487=CARTESIAN_POINT('Line Origine',(10.6620614758,10.6047397546,8.15)) ;
#3491=CARTESIAN_POINT('Vertex',(10.8241229517,10.1594795091,8.15)) ;
#3494=CARTESIAN_POINT('Axis2P3D Location',(11.2,10.2962875664,8.15)) ;
#3506=CARTESIAN_POINT('Axis2P3D Location',(10.5,11.05,10.65)) ;
#3511=CARTESIAN_POINT('Line Origine',(10.8241229517,10.1594795091,9.4)) ;
#3523=CARTESIAN_POINT('Axis2P3D Location',(10.075,9.35,10.65)) ;
#3528=CARTESIAN_POINT('Line Origine',(10.075,9.35,9.15)) ;
#3532=CARTESIAN_POINT('Vertex',(10.075,9.35,7.65)) ;
#3535=CARTESIAN_POINT('Line Origine',(10.075,10.2,7.65)) ;
#3547=CARTESIAN_POINT('Axis2P3D Location',(-1.05,0.,7.65)) ;
#3552=CARTESIAN_POINT('Line Origine',(8.5125,9.35,7.65)) ;
#3556=CARTESIAN_POINT('Vertex',(8.825,9.35,7.65)) ;
#3558=CARTESIAN_POINT('Vertex',(8.2,9.35,7.65)) ;
#3561=CARTESIAN_POINT('Line Origine',(8.2,9.,7.65)) ;
#3565=CARTESIAN_POINT('Vertex',(8.2,8.65,7.65)) ;
#3568=CARTESIAN_POINT('Line Origine',(9.45,8.65,7.65)) ;
#3572=CARTESIAN_POINT('Vertex',(10.7,8.65,7.65)) ;
#3575=CARTESIAN_POINT('Line Origine',(10.7,9.,7.65)) ;
#3579=CARTESIAN_POINT('Vertex',(10.7,9.35,7.65)) ;
#3582=CARTESIAN_POINT('Line Origine',(10.3875,9.35,7.65)) ;
#3587=CARTESIAN_POINT('Line Origine',(8.825,10.2,7.65)) ;
#3603=CARTESIAN_POINT('Axis2P3D Location',(8.825,11.05,10.65)) ;
#3608=CARTESIAN_POINT('Line Origine',(8.825,9.35,9.15)) ;
#3620=CARTESIAN_POINT('Axis2P3D Location',(8.4,11.05,10.65)) ;
#3625=CARTESIAN_POINT('Line Origine',(8.23793852416,10.6047397546,8.15)) ;
#3629=CARTESIAN_POINT('Vertex',(8.07587704831,10.1594795091,8.15)) ;
#3632=CARTESIAN_POINT('Line Origine',(8.07587704831,10.1594795091,9.4)) ;
#3644=CARTESIAN_POINT('Line Origine',(7.16206147584,10.6047397546,8.15)) ;
#3648=CARTESIAN_POINT('Vertex',(7.32412295169,10.1594795091,8.15)) ;
#3651=CARTESIAN_POINT('Axis2P3D Location',(7.7,10.2962875664,8.15)) ;
#3655=CARTESIAN_POINT('Vertex',(7.7,9.89628756645,8.15)) ;
#3658=CARTESIAN_POINT('Axis2P3D Location',(7.7,10.2962875664,8.15)) ;
#3671=CARTESIAN_POINT('Line Origine',(7.49189215583,11.05,3.9)) ;
#3675=CARTESIAN_POINT('Vertex',(7.49189215583,11.05,4.6)) ;
#3678=CARTESIAN_POINT('Line Origine',(7.7,11.05,4.6)) ;
#3682=CARTESIAN_POINT('Vertex',(7.90810784417,11.05,4.6)) ;
#3685=CARTESIAN_POINT('Line Origine',(7.90810784417,11.05,3.9)) ;
#3698=CARTESIAN_POINT('Axis2P3D Location',(7.90810784417,11.05,4.1)) ;
#3703=CARTESIAN_POINT('Line Origine',(7.90810784417,10.55,4.6)) ;
#3707=CARTESIAN_POINT('Vertex',(7.90810784417,10.05,4.6)) ;
#3710=CARTESIAN_POINT('Line Origine',(7.90810784417,10.05,4.35)) ;
#3714=CARTESIAN_POINT('Vertex',(7.90810784417,10.05,4.1)) ;
#3717=CARTESIAN_POINT('Line Origine',(7.90810784417,9.35,4.1)) ;
#3721=CARTESIAN_POINT('Vertex',(7.90810784417,8.65,4.1)) ;
#3724=CARTESIAN_POINT('Line Origine',(7.90810784417,8.65,3.65)) ;
#3738=CARTESIAN_POINT('Axis2P3D Location',(0.199999999999,8.65,10.65)) ;
#3743=CARTESIAN_POINT('Line Origine',(8.15405392209,8.65,4.1)) ;
#3755=CARTESIAN_POINT('Line Origine',(10.8375,8.65,4.1)) ;
#3767=CARTESIAN_POINT('Line Origine',(7.49189215583,10.05,4.35)) ;
#3771=CARTESIAN_POINT('Vertex',(7.49189215583,10.05,4.6)) ;
#3773=CARTESIAN_POINT('Vertex',(7.49189215583,10.05,4.1)) ;
#3776=CARTESIAN_POINT('Line Origine',(7.24594607791,10.05,4.1)) ;
#3780=CARTESIAN_POINT('Vertex',(7.,10.05,4.1)) ;
#3783=CARTESIAN_POINT('Line Origine',(7.,10.05,5.9)) ;
#3788=CARTESIAN_POINT('Line Origine',(8.15405392209,10.05,4.1)) ;
#3793=CARTESIAN_POINT('Line Origine',(7.7,10.05,4.6)) ;
#3809=CARTESIAN_POINT('Axis2P3D Location',(-2.775,11.05,4.1)) ;
#3821=CARTESIAN_POINT('Line Origine',(10.8375,10.05,4.1)) ;
#3840=CARTESIAN_POINT('Line Origine',(6.35,4.37811230695E-016,10.35)) ;
#3844=CARTESIAN_POINT('Vertex',(6.35,4.19441528708E-016,10.05)) ;
#3847=CARTESIAN_POINT('Line Origine',(6.51691278312,4.02407428243E-016,9.77181202813)) ;
#3851=CARTESIAN_POINT('Vertex',(6.68382556371,9.88821366744E-016,9.49362405739)) ;
#3854=CARTESIAN_POINT('Axis2P3D Location',(5.95,2.84730380802E-016,7.85)) ;
#3858=CARTESIAN_POINT('Vertex',(7.2916407865,0.,9.05)) ;
#3861=CARTESIAN_POINT('Line Origine',(7.7,3.58209188751E-016,9.05)) ;
#3865=CARTESIAN_POINT('Vertex',(8.1083592135,9.61657227649E-016,9.05)) ;
#3868=CARTESIAN_POINT('Axis2P3D Location',(9.45,2.84730380802E-016,7.85)) ;
#3872=CARTESIAN_POINT('Vertex',(8.71617443376,0.,9.49362405626)) ;
#3875=CARTESIAN_POINT('Line Origine',(8.88308721688,4.02407428243E-016,9.77181202813)) ;
#3879=CARTESIAN_POINT('Vertex',(9.05,4.19441528708E-016,10.05)) ;
#3882=CARTESIAN_POINT('Line Origine',(9.05,4.37811230695E-016,10.35)) ;
#3899=CARTESIAN_POINT('Axis2P3D Location',(9.05,0.,10.15)) ;
#3904=CARTESIAN_POINT('Line Origine',(9.05,3.975,10.05)) ;
#3909=CARTESIAN_POINT('Line Origine',(9.05,6.5,10.15)) ;
#3913=CARTESIAN_POINT('Vertex',(9.05,5.05,10.15)) ;
#3916=CARTESIAN_POINT('Line Origine',(9.05,5.05,10.4)) ;
#3930=CARTESIAN_POINT('Axis2P3D Location',(2.45,5.05,6.7)) ;
#3935=CARTESIAN_POINT('Line Origine',(9.85,5.05,10.4)) ;
#3939=CARTESIAN_POINT('Vertex',(9.85,5.05,10.15)) ;
#3942=CARTESIAN_POINT('Line Origine',(9.45,5.05,10.15)) ;
#3954=CARTESIAN_POINT('Axis2P3D Location',(9.85,0.,10.05)) ;
#3959=CARTESIAN_POINT('Line Origine',(9.85,3.975,10.05)) ;
#3964=CARTESIAN_POINT('Line Origine',(9.85,6.5,10.15)) ;
#3978=CARTESIAN_POINT('Axis2P3D Location',(11.2,10.2962875664,8.78999999988)) ;
#3990=CARTESIAN_POINT('Axis2P3D Location',(-2.3,9.35,10.65)) ;
#3995=CARTESIAN_POINT('Line Origine',(10.7,9.35,9.15)) ;
#4007=CARTESIAN_POINT('Axis2P3D Location',(10.7,8.65,10.65)) ;
#4012=CARTESIAN_POINT('Line Origine',(10.7,8.65,9.15)) ;
#4024=CARTESIAN_POINT('Line Origine',(8.2,8.65,9.15)) ;
#4036=CARTESIAN_POINT('Axis2P3D Location',(8.2,9.35,10.65)) ;
#4041=CARTESIAN_POINT('Line Origine',(8.2,9.35,9.15)) ;
#4060=CARTESIAN_POINT('Axis2P3D Location',(7.7,10.2962875664,8.78999999988)) ;
#4065=CARTESIAN_POINT('Line Origine',(7.32412295169,10.1594795091,8.78999999988)) ;
#4079=CARTESIAN_POINT('Line Origine',(7.49189215583,10.55,4.6)) ;
#4091=CARTESIAN_POINT('Line Origine',(8.0752248021,3.975,3.65000000003)) ;
#4096=CARTESIAN_POINT('Line Origine',(7.3247751979,3.975,3.65000000003)) ;
#4108=CARTESIAN_POINT('Axis2P3D Location',(9.45,4.58500000012,2.65)) ;
#4113=CARTESIAN_POINT('Line Origine',(10.8247751979,4.58500000012,3.65000000003)) ;
#4125=CARTESIAN_POINT('Line Origine',(11.4000000004,3.975,3.65000000003)) ;
#4137=CARTESIAN_POINT('Axis2P3D Location',(11.4,0.,9.05)) ;
#4142=CARTESIAN_POINT('Line Origine',(11.4,3.975,9.05)) ;
#4154=CARTESIAN_POINT('Line Origine',(10.7916407868,3.975,9.05)) ;
#4166=CARTESIAN_POINT('Axis2P3D Location',(9.45,4.58500000012,7.85)) ;
#4171=CARTESIAN_POINT('Line Origine',(10.1838255611,4.58500000012,9.49362405858)) ;
#4183=CARTESIAN_POINT('Axis2P3D Location',(10.1838255662,0.,9.49362405626)) ;
#4195=CARTESIAN_POINT('Axis2P3D Location',(9.05,0.,10.15)) ;
#4207=CARTESIAN_POINT('Axis2P3D Location',(8.71617443376,0.,9.49362405626)) ;
#4212=CARTESIAN_POINT('Line Origine',(8.71617443376,3.975,9.49362405626)) ;
#4224=CARTESIAN_POINT('Line Origine',(8.1083592135,4.58500000012,9.05)) ;
#4236=CARTESIAN_POINT('Line Origine',(7.2916407865,3.975,9.05)) ;
#4248=CARTESIAN_POINT('Axis2P3D Location',(6.82500000023,7.95,5.82499999977)) ;
#4253=CARTESIAN_POINT('Line Origine',(6.82500000023,7.3,5.82499999977)) ;
#4257=CARTESIAN_POINT('Vertex',(6.82500000023,6.65,5.82499999977)) ;
#4260=CARTESIAN_POINT('Line Origine',(6.82500000023,7.3,7.57500000023)) ;
#4264=CARTESIAN_POINT('Vertex',(6.82500000023,6.65,7.57500000023)) ;
#4267=CARTESIAN_POINT('Line Origine',(6.82500000023,6.65,6.7)) ;
#4279=CARTESIAN_POINT('Axis2P3D Location',(3.32500000023,7.95,5.82499999977)) ;
#4284=CARTESIAN_POINT('Line Origine',(5.07499999977,7.3,5.82499999977)) ;
#4288=CARTESIAN_POINT('Vertex',(5.07499999977,6.65,5.82499999977)) ;
#4291=CARTESIAN_POINT('Line Origine',(5.95,6.65,5.82499999977)) ;
#4303=CARTESIAN_POINT('Axis2P3D Location',(1.57499999977,7.95,7.57500000023)) ;
#4308=CARTESIAN_POINT('Line Origine',(5.07499999977,7.3,7.57500000023)) ;
#4312=CARTESIAN_POINT('Vertex',(5.07499999977,6.65,7.57500000023)) ;
#4315=CARTESIAN_POINT('Line Origine',(5.95,6.65,7.57500000023)) ;
#4327=CARTESIAN_POINT('Axis2P3D Location',(-2.75,6.65,2.69422295812E-016)) ;
#4332=CARTESIAN_POINT('Line Origine',(5.07499999977,6.65,6.7)) ;
#4343=CARTESIAN_POINT('Line Origine',(6.4625,6.65,6.7)) ;
#4347=CARTESIAN_POINT('Vertex',(6.4625,6.65,6.1875)) ;
#4349=CARTESIAN_POINT('Vertex',(6.4625,6.65,7.2125)) ;
#4352=CARTESIAN_POINT('Line Origine',(5.95,6.65,6.1875)) ;
#4356=CARTESIAN_POINT('Vertex',(5.4375,6.65,6.1875)) ;
#4359=CARTESIAN_POINT('Line Origine',(5.4375,6.65,6.7)) ;
#4363=CARTESIAN_POINT('Vertex',(5.4375,6.65,7.2125)) ;
#4366=CARTESIAN_POINT('Line Origine',(5.95,6.65,7.2125)) ;
#4378=CARTESIAN_POINT('Axis2P3D Location',(5.07499999977,7.95,7.57500000023)) ;
#4390=CARTESIAN_POINT('Axis2P3D Location',(5.95,4.58500000012,7.85)) ;
#4395=CARTESIAN_POINT('Line Origine',(6.68382556371,4.58500000012,9.49362405739)) ;
#4407=CARTESIAN_POINT('Axis2P3D Location',(6.68382556624,0.,9.49362405626)) ;
#4412=CARTESIAN_POINT('Line Origine',(6.35,3.975,10.05)) ;
#4424=CARTESIAN_POINT('Axis2P3D Location',(6.35,0.,10.15)) ;
#4429=CARTESIAN_POINT('Line Origine',(6.35,5.05,10.4)) ;
#4433=CARTESIAN_POINT('Vertex',(6.35,5.05,10.15)) ;
#4436=CARTESIAN_POINT('Line Origine',(6.35,6.5,10.15)) ;
#4450=CARTESIAN_POINT('Axis2P3D Location',(12.55,0.,10.15)) ;
#4455=CARTESIAN_POINT('Line Origine',(5.95,5.05,10.15)) ;
#4459=CARTESIAN_POINT('Vertex',(5.55,5.05,10.15)) ;
#4462=CARTESIAN_POINT('Line Origine',(5.55,6.5,10.15)) ;
#4474=CARTESIAN_POINT('Axis2P3D Location',(5.55,0.,10.05)) ;
#4479=CARTESIAN_POINT('Line Origine',(5.55,3.975,10.05)) ;
#4484=CARTESIAN_POINT('Line Origine',(5.55,5.05,10.4)) ;
#4498=CARTESIAN_POINT('Axis2P3D Location',(5.21617443376,0.,9.49362405626)) ;
#4503=CARTESIAN_POINT('Line Origine',(5.21617443376,3.975,9.49362405626)) ;
#4522=CARTESIAN_POINT('Axis2P3D Location',(5.95,4.58500000012,2.65)) ;
#4534=CARTESIAN_POINT('Axis2P3D Location',(6.4625,1.19999999994,6.1875)) ;
#4539=CARTESIAN_POINT('Line Origine',(6.4625,8.169,7.2125)) ;
#4543=CARTESIAN_POINT('Vertex',(6.4625,9.688,7.2125)) ;
#4546=CARTESIAN_POINT('Line Origine',(6.4625,9.688,6.7)) ;
#4550=CARTESIAN_POINT('Vertex',(6.4625,9.6875,6.1875)) ;
#4553=CARTESIAN_POINT('Line Origine',(6.4625,8.16875,6.1875)) ;
#4565=CARTESIAN_POINT('Axis2P3D Location',(1.9375,1.19999999994,6.1875)) ;
#4570=CARTESIAN_POINT('Line Origine',(5.95,9.6875,6.1875)) ;
#4574=CARTESIAN_POINT('Vertex',(5.4375,9.6875,6.1875)) ;
#4577=CARTESIAN_POINT('Line Origine',(5.4375,8.16875,6.1875)) ;
#4589=CARTESIAN_POINT('Axis2P3D Location',(5.4375,1.19999999994,7.2125)) ;
#4594=CARTESIAN_POINT('Line Origine',(5.4375,9.688,6.7)) ;
#4598=CARTESIAN_POINT('Vertex',(5.4375,9.688,7.2125)) ;
#4601=CARTESIAN_POINT('Line Origine',(5.4375,8.169,7.2125)) ;
#4613=CARTESIAN_POINT('Axis2P3D Location',(1.9375,0.,7.2125)) ;
#4618=CARTESIAN_POINT('Line Origine',(6.463,10.369,7.2125)) ;
#4623=CARTESIAN_POINT('Line Origine',(5.438,10.369,7.2125)) ;
#4637=CARTESIAN_POINT('Axis2P3D Location',(5.95,5.05,6.7)) ;
#4649=CARTESIAN_POINT('Axis2P3D Location',(6.463,11.4893624306,-2.69031897133E-017)) ;
#4654=CARTESIAN_POINT('Line Origine',(6.463,9.688,4.69375)) ;
#4667=CARTESIAN_POINT('Axis2P3D Location',(1.938,9.688,8.33984470219E-017)) ;
#4672=CARTESIAN_POINT('Line Origine',(5.438,9.688,4.69375)) ;
#4684=CARTESIAN_POINT('Axis2P3D Location',(5.438,9.688,8.33984470219E-017)) ;
#4697=CARTESIAN_POINT('Axis2P3D Location',(7.,11.05,10.65)) ;
#4709=CARTESIAN_POINT('Axis2P3D Location',(6.575,11.05,10.65)) ;
#4714=CARTESIAN_POINT('Line Origine',(6.575,10.2,7.65)) ;
#4718=CARTESIAN_POINT('Vertex',(6.575,9.35,7.65)) ;
#4721=CARTESIAN_POINT('Line Origine',(6.575,9.35,9.15)) ;
#4733=CARTESIAN_POINT('Axis2P3D Location',(1.2,9.35,10.65)) ;
#4738=CARTESIAN_POINT('Line Origine',(6.8875,9.35,7.65)) ;
#4742=CARTESIAN_POINT('Vertex',(7.2,9.35,7.65)) ;
#4745=CARTESIAN_POINT('Line Origine',(7.2,9.35,9.15)) ;
#4757=CARTESIAN_POINT('Axis2P3D Location',(7.2,9.35,10.65)) ;
#4762=CARTESIAN_POINT('Line Origine',(7.2,9.,7.65)) ;
#4766=CARTESIAN_POINT('Vertex',(7.2,8.65,7.65)) ;
#4769=CARTESIAN_POINT('Line Origine',(7.2,8.65,9.15)) ;
#4781=CARTESIAN_POINT('Axis2P3D Location',(3.7,8.65,10.65)) ;
#4786=CARTESIAN_POINT('Line Origine',(5.95,8.65,7.65)) ;
#4790=CARTESIAN_POINT('Vertex',(4.7,8.65,7.65)) ;
#4793=CARTESIAN_POINT('Line Origine',(4.7,8.65,9.15)) ;
#4805=CARTESIAN_POINT('Axis2P3D Location',(4.7,8.65,10.65)) ;
#4810=CARTESIAN_POINT('Line Origine',(4.7,9.,7.65)) ;
#4814=CARTESIAN_POINT('Vertex',(4.7,9.35,7.65)) ;
#4817=CARTESIAN_POINT('Line Origine',(4.7,9.35,9.15)) ;
#4829=CARTESIAN_POINT('Line Origine',(5.0125,9.35,7.65)) ;
#4833=CARTESIAN_POINT('Vertex',(5.325,9.35,7.65)) ;
#4836=CARTESIAN_POINT('Line Origine',(5.325,9.35,9.15)) ;
#4848=CARTESIAN_POINT('Axis2P3D Location',(5.325,9.35,10.65)) ;
#4853=CARTESIAN_POINT('Line Origine',(5.325,10.2,7.65)) ;
#4865=CARTESIAN_POINT('Axis2P3D Location',(4.9,11.05,10.65)) ;
#4877=CARTESIAN_POINT('Axis2P3D Location',(4.40810784417,11.05,4.6)) ;
#4882=CARTESIAN_POINT('Line Origine',(4.40810784417,9.35,4.1)) ;
#4886=CARTESIAN_POINT('Vertex',(4.40810784417,8.65,4.1)) ;
#4889=CARTESIAN_POINT('Line Origine',(4.40810784417,8.65,3.65)) ;
#4903=CARTESIAN_POINT('Line Origine',(4.65405392209,8.65,4.1)) ;
#4907=CARTESIAN_POINT('Vertex',(4.9,8.65,4.1)) ;
#4910=CARTESIAN_POINT('Line Origine',(4.9,8.65,3.65)) ;
#4922=CARTESIAN_POINT('Axis2P3D Location',(4.9,11.05,4.1)) ;
#4927=CARTESIAN_POINT('Line Origine',(4.9,9.35,4.1)) ;
#4941=CARTESIAN_POINT('Axis2P3D Location',(7.,11.05,7.7)) ;
#4946=CARTESIAN_POINT('Line Origine',(7.,9.35,4.1)) ;
#4950=CARTESIAN_POINT('Vertex',(7.,8.65,4.1)) ;
#4953=CARTESIAN_POINT('Line Origine',(7.,8.65,3.65)) ;
#4967=CARTESIAN_POINT('Line Origine',(7.24594607791,8.65,4.1)) ;
#4971=CARTESIAN_POINT('Vertex',(7.49189215583,8.65,4.1)) ;
#4974=CARTESIAN_POINT('Line Origine',(7.49189215583,8.65,3.65)) ;
#4986=CARTESIAN_POINT('Axis2P3D Location',(7.49189215583,11.05,4.1)) ;
#4991=CARTESIAN_POINT('Line Origine',(7.49189215583,9.35,4.1)) ;
#5005=CARTESIAN_POINT('Axis2P3D Location',(0.724999999999,11.05,4.1)) ;
#5017=CARTESIAN_POINT('Axis2P3D Location',(2.45,0.,7.65)) ;
#5052=CARTESIAN_POINT('Axis2P3D Location',(2.9625,1.19999999994,7.2125)) ;
#5057=CARTESIAN_POINT('Line Origine',(2.45,10.7125,7.2125)) ;
#5061=CARTESIAN_POINT('Vertex',(2.9625,10.7125,7.2125)) ;
#5063=CARTESIAN_POINT('Vertex',(1.9375,10.7125,7.2125)) ;
#5066=CARTESIAN_POINT('Line Origine',(1.9375,5.95624999997,7.2125)) ;
#5070=CARTESIAN_POINT('Vertex',(1.9375,1.19999999994,7.2125)) ;
#5073=CARTESIAN_POINT('Line Origine',(2.45,1.19999999994,7.2125)) ;
#5077=CARTESIAN_POINT('Vertex',(2.9625,1.19999999994,7.2125)) ;
#5080=CARTESIAN_POINT('Line Origine',(2.9625,5.95624999997,7.2125)) ;
#5092=CARTESIAN_POINT('Axis2P3D Location',(1.9375,1.19999999994,6.1875)) ;
#5097=CARTESIAN_POINT('Line Origine',(2.45,9.6875,6.1875)) ;
#5101=CARTESIAN_POINT('Vertex',(1.9375,9.6875,6.1875)) ;
#5103=CARTESIAN_POINT('Vertex',(2.9625,9.6875,6.1875)) ;
#5106=CARTESIAN_POINT('Line Origine',(2.9625,5.44374999997,6.1875)) ;
#5110=CARTESIAN_POINT('Vertex',(2.9625,1.19999999994,6.1875)) ;
#5113=CARTESIAN_POINT('Line Origine',(2.45,1.19999999994,6.1875)) ;
#5117=CARTESIAN_POINT('Vertex',(1.9375,1.19999999994,6.1875)) ;
#5120=CARTESIAN_POINT('Line Origine',(1.9375,5.44374999997,6.1875)) ;
#5132=CARTESIAN_POINT('Axis2P3D Location',(2.9625,10.7125,7.225)) ;
#5137=CARTESIAN_POINT('Line Origine',(2.9625,10.7125,3.60625)) ;
#5141=CARTESIAN_POINT('Vertex',(2.9625,10.7125,2.06659147356E-017)) ;
#5144=CARTESIAN_POINT('Line Origine',(2.45,10.7125,0.)) ;
#5148=CARTESIAN_POINT('Vertex',(1.9375,10.7125,2.06659147356E-017)) ;
#5151=CARTESIAN_POINT('Line Origine',(1.9375,10.7125,3.60625)) ;
#5163=CARTESIAN_POINT('Axis2P3D Location',(1.9375,9.6875,7.225)) ;
#5168=CARTESIAN_POINT('Line Origine',(1.9375,9.6875,3.09375)) ;
#5172=CARTESIAN_POINT('Vertex',(1.9375,9.6875,8.34290631919E-017)) ;
#5175=CARTESIAN_POINT('Line Origine',(2.45,9.6875,0.)) ;
#5179=CARTESIAN_POINT('Vertex',(2.9625,9.6875,8.34290631919E-017)) ;
#5182=CARTESIAN_POINT('Line Origine',(2.9625,9.6875,3.09375)) ;
#5194=CARTESIAN_POINT('Axis2P3D Location',(-2.75,1.19999999994,6.03138548584E-016)) ;
#5199=CARTESIAN_POINT('Line Origine',(2.9625,1.19999999994,6.7)) ;
#5204=CARTESIAN_POINT('Line Origine',(1.9375,1.19999999994,6.7)) ;
#5216=CARTESIAN_POINT('Axis2P3D Location',(-2.75,3.5,4.62304166678E-016)) ;
#5221=CARTESIAN_POINT('Line Origine',(1.9375,10.2,5.20474889638E-017)) ;
#5226=CARTESIAN_POINT('Line Origine',(2.9625,10.2,5.20474889638E-017)) ;
#5238=CARTESIAN_POINT('Axis2P3D Location',(1.9375,1.19999999994,7.2125)) ;
#5252=CARTESIAN_POINT('Axis2P3D Location',(2.9625,1.19999999994,6.1875)) ;
#5269=CARTESIAN_POINT('Line Origine',(5.95,10.7125,7.2125)) ;
#5273=CARTESIAN_POINT('Vertex',(6.4625,10.7125,7.2125)) ;
#5275=CARTESIAN_POINT('Vertex',(5.4375,10.7125,7.2125)) ;
#5278=CARTESIAN_POINT('Line Origine',(5.4375,5.95624999997,7.2125)) ;
#5282=CARTESIAN_POINT('Vertex',(5.4375,1.19999999994,7.2125)) ;
#5285=CARTESIAN_POINT('Line Origine',(5.95,1.19999999994,7.2125)) ;
#5289=CARTESIAN_POINT('Vertex',(6.4625,1.19999999994,7.2125)) ;
#5292=CARTESIAN_POINT('Line Origine',(6.4625,5.95624999997,7.2125)) ;
#5304=CARTESIAN_POINT('Line Origine',(5.95,9.6875,6.1875)) ;
#5308=CARTESIAN_POINT('Vertex',(5.4375,9.6875,6.1875)) ;
#5310=CARTESIAN_POINT('Vertex',(6.4625,9.6875,6.1875)) ;
#5313=CARTESIAN_POINT('Line Origine',(6.4625,5.44374999997,6.1875)) ;
#5317=CARTESIAN_POINT('Vertex',(6.4625,1.19999999994,6.1875)) ;
#5320=CARTESIAN_POINT('Line Origine',(5.95,1.19999999994,6.1875)) ;
#5324=CARTESIAN_POINT('Vertex',(5.4375,1.19999999994,6.1875)) ;
#5327=CARTESIAN_POINT('Line Origine',(5.4375,5.44374999997,6.1875)) ;
#5339=CARTESIAN_POINT('Line Origine',(6.4625,10.7125,3.60625)) ;
#5343=CARTESIAN_POINT('Vertex',(6.4625,10.7125,2.06659147356E-017)) ;
#5346=CARTESIAN_POINT('Line Origine',(5.95,10.7125,0.)) ;
#5350=CARTESIAN_POINT('Vertex',(5.4375,10.7125,2.06659147356E-017)) ;
#5353=CARTESIAN_POINT('Line Origine',(5.4375,10.7125,3.60625)) ;
#5365=CARTESIAN_POINT('Line Origine',(5.4375,9.6875,3.09375)) ;
#5369=CARTESIAN_POINT('Vertex',(5.4375,9.6875,8.34290631919E-017)) ;
#5372=CARTESIAN_POINT('Line Origine',(5.95,9.6875,0.)) ;
#5376=CARTESIAN_POINT('Vertex',(6.4625,9.6875,8.34290631919E-017)) ;
#5379=CARTESIAN_POINT('Line Origine',(6.4625,9.6875,3.09375)) ;
#5391=CARTESIAN_POINT('Line Origine',(6.4625,1.19999999994,6.7)) ;
#5396=CARTESIAN_POINT('Line Origine',(5.4375,1.19999999994,6.7)) ;
#5408=CARTESIAN_POINT('Line Origine',(5.4375,10.2,5.20474889638E-017)) ;
#5413=CARTESIAN_POINT('Line Origine',(6.4625,10.2,5.20474889638E-017)) ;
#5425=CARTESIAN_POINT('Axis2P3D Location',(5.4375,1.19999999994,7.2125)) ;
#5439=CARTESIAN_POINT('Axis2P3D Location',(6.4625,1.19999999994,6.1875)) ;
#5456=CARTESIAN_POINT('Line Origine',(9.45,10.7125,7.2125)) ;
#5460=CARTESIAN_POINT('Vertex',(9.9625,10.7125,7.2125)) ;
#5462=CARTESIAN_POINT('Vertex',(8.9375,10.7125,7.2125)) ;
#5465=CARTESIAN_POINT('Line Origine',(8.9375,5.95624999997,7.2125)) ;
#5469=CARTESIAN_POINT('Vertex',(8.9375,1.19999999994,7.2125)) ;
#5472=CARTESIAN_POINT('Line Origine',(9.45,1.19999999994,7.2125)) ;
#5476=CARTESIAN_POINT('Vertex',(9.9625,1.19999999994,7.2125)) ;
#5479=CARTESIAN_POINT('Line Origine',(9.9625,5.95624999997,7.2125)) ;
#5491=CARTESIAN_POINT('Line Origine',(9.45,9.6875,6.1875)) ;
#5495=CARTESIAN_POINT('Vertex',(8.9375,9.6875,6.1875)) ;
#5497=CARTESIAN_POINT('Vertex',(9.9625,9.6875,6.1875)) ;
#5500=CARTESIAN_POINT('Line Origine',(9.9625,5.44374999997,6.1875)) ;
#5504=CARTESIAN_POINT('Vertex',(9.9625,1.19999999994,6.1875)) ;
#5507=CARTESIAN_POINT('Line Origine',(9.45,1.19999999994,6.1875)) ;
#5511=CARTESIAN_POINT('Vertex',(8.9375,1.19999999994,6.1875)) ;
#5514=CARTESIAN_POINT('Line Origine',(8.9375,5.44374999997,6.1875)) ;
#5526=CARTESIAN_POINT('Line Origine',(9.9625,10.7125,3.60625)) ;
#5530=CARTESIAN_POINT('Vertex',(9.9625,10.7125,2.06659147356E-017)) ;
#5533=CARTESIAN_POINT('Line Origine',(9.45,10.7125,0.)) ;
#5537=CARTESIAN_POINT('Vertex',(8.9375,10.7125,2.06659147356E-017)) ;
#5540=CARTESIAN_POINT('Line Origine',(8.9375,10.7125,3.60625)) ;
#5552=CARTESIAN_POINT('Line Origine',(8.9375,9.6875,3.09375)) ;
#5556=CARTESIAN_POINT('Vertex',(8.9375,9.6875,8.34290631919E-017)) ;
#5559=CARTESIAN_POINT('Line Origine',(9.45,9.6875,0.)) ;
#5563=CARTESIAN_POINT('Vertex',(9.9625,9.6875,8.34290631919E-017)) ;
#5566=CARTESIAN_POINT('Line Origine',(9.9625,9.6875,3.09375)) ;
#5578=CARTESIAN_POINT('Line Origine',(9.9625,1.19999999994,6.7)) ;
#5583=CARTESIAN_POINT('Line Origine',(8.9375,1.19999999994,6.7)) ;
#5595=CARTESIAN_POINT('Line Origine',(8.9375,10.2,5.20474889638E-017)) ;
#5600=CARTESIAN_POINT('Line Origine',(9.9625,10.2,5.20474889638E-017)) ;
#5612=CARTESIAN_POINT('Axis2P3D Location',(8.9375,1.19999999994,7.2125)) ;
#5626=CARTESIAN_POINT('Axis2P3D Location',(9.9625,1.19999999994,6.1875)) ;
#5640=CARTESIAN_POINT('Axis2P3D Location',(0.,0.,0.)) ;
#32=DIRECTION('Axis2P3D Direction',(-1.,0.,0.)) ;
#33=DIRECTION('Axis2P3D XDirection',(0.,6.12323399574E-017,1.)) ;
#37=DIRECTION('Vector Direction',(0.,1.,-2.92356293516E-016)) ;
#46=DIRECTION('Vector Direction',(0.,0.,-1.)) ;
#53=DIRECTION('Vector Direction',(0.,1.,-2.92404418008E-016)) ;
#60=DIRECTION('Vector Direction',(0.,0.,1.)) ;
#72=DIRECTION('Axis2P3D Direction',(-0.,6.12323399574E-017,1.)) ;
#73=DIRECTION('Axis2P3D XDirection',(1.,0.,0.)) ;
#77=DIRECTION('Vector Direction',(1.,0.,0.)) ;
#86=DIRECTION('Vector Direction',(0.,-1.,0.)) ;
#91=DIRECTION('Vector Direction',(-1.,0.,0.)) ;
#98=DIRECTION('Vector Direction',(0.,1.,-2.92356293516E-016)) ;
#105=DIRECTION('Vector Direction',(0.,1.,0.)) ;
#119=DIRECTION('Axis2P3D Direction',(-1.,0.,0.)) ;
#120=DIRECTION('Axis2P3D XDirection',(0.,-1.,6.12323399574E-017)) ;
#124=DIRECTION('Vector Direction',(0.,0.,-1.)) ;
#131=DIRECTION('Vector Direction',(0.,1.,0.)) ;
#138=DIRECTION('Vector Direction',(0.,0.,1.)) ;
#151=DIRECTION('Axis2P3D Direction',(-0.,6.12323399574E-017,1.)) ;
#152=DIRECTION('Axis2P3D XDirection',(1.,0.,0.)) ;
#156=DIRECTION('Vector Direction',(1.,0.,0.)) ;
#163=DIRECTION('Vector Direction',(0.,1.,-2.92404418008E-016)) ;
#170=DIRECTION('Vector Direction',(1.,0.,0.)) ;
#182=DIRECTION('Axis2P3D Direction',(0.,-1.,6.12323399574E-017)) ;
#183=DIRECTION('Axis2P3D XDirection',(1.,0.,0.)) ;
#187=DIRECTION('Vector Direction',(0.,-5.07530525408E-016,-1.)) ;
#196=DIRECTION('Vector Direction',(-1.,0.,0.)) ;
#203=DIRECTION('Vector Direction',(0.,5.07530525408E-016,1.)) ;
#210=DIRECTION('Vector Direction',(1.,0.,0.)) ;
#221=DIRECTION('Vector Direction',(0.,0.,-1.)) ;
#233=DIRECTION('Axis2P3D Direction',(1.,-0.,0.)) ;
#234=DIRECTION('Axis2P3D XDirection',(0.,1.,-6.12323399574E-017)) ;
#238=DIRECTION('Vector Direction',(0.,1.,0.)) ;
#247=DIRECTION('Vector Direction',(0.,0.,-1.)) ;
#252=DIRECTION('Vector Direction',(0.,0.,1.)) ;
#257=DIRECTION('Vector Direction',(0.,0.,1.)) ;
#270=DIRECTION('Axis2P3D Direction',(1.,0.,0.)) ;
#271=DIRECTION('Axis2P3D XDirection',(0.,-6.12323399574E-017,-1.)) ;
#282=DIRECTION('Axis2P3D Direction',(0.,-1.,6.12323399574E-017)) ;
#283=DIRECTION('Axis2P3D XDirection',(0.,-6.12323399574E-017,-1.)) ;
#287=DIRECTION('Vector Direction',(0.,0.,-1.)) ;
#296=DIRECTION('Vector Direction',(1.,0.,0.)) ;
#303=DIRECTION('Vector Direction',(0.,0.,-1.)) ;
#310=DIRECTION('Vector Direction',(1.,0.,0.)) ;
#317=DIRECTION('Vector Direction',(0.,0.,-1.)) ;
#324=DIRECTION('Vector Direction',(1.,0.,0.)) ;
#331=DIRECTION('Vector Direction',(0.,0.,-1.)) ;
#338=DIRECTION('Vector Direction',(1.,0.,0.)) ;
#345=DIRECTION('Vector Direction',(0.,0.,-1.)) ;
#352=DIRECTION('Vector Direction',(1.,0.,0.)) ;
#359=DIRECTION('Vector Direction',(0.,0.,-1.)) ;
#366=DIRECTION('Vector Direction',(1.,0.,0.)) ;
#373=DIRECTION('Vector Direction',(0.,0.,-1.)) ;
#380=DIRECTION('Vector Direction',(1.,0.,0.)) ;
#387=DIRECTION('Vector Direction',(0.,0.,-1.)) ;
#394=DIRECTION('Vector Direction',(1.,0.,0.)) ;
#401=DIRECTION('Vector Direction',(0.,0.,-1.)) ;
#408=DIRECTION('Vector Direction',(1.,0.,0.)) ;
#415=DIRECTION('Vector Direction',(0.,0.,-1.)) ;
#422=DIRECTION('Vector Direction',(1.,0.,0.)) ;
#429=DIRECTION('Vector Direction',(0.,0.,1.)) ;
#436=DIRECTION('Vector Direction',(-1.,0.,0.)) ;
#443=DIRECTION('Vector Direction',(0.,0.,1.)) ;
#450=DIRECTION('Vector Direction',(1.,0.,0.)) ;
#457=DIRECTION('Vector Direction',(0.,0.,-1.)) ;
#464=DIRECTION('Vector Direction',(1.,0.,0.)) ;
#471=DIRECTION('Vector Direction',(0.,0.,-1.)) ;
#478=DIRECTION('Vector Direction',(1.,0.,0.)) ;
#485=DIRECTION('Vector Direction',(0.,0.,1.)) ;
#492=DIRECTION('Vector Direction',(-1.,0.,0.)) ;
#499=DIRECTION('Vector Direction',(0.,0.,1.)) ;
#506=DIRECTION('Vector Direction',(1.,0.,0.)) ;
#513=DIRECTION('Vector Direction',(0.,0.,-1.)) ;
#520=DIRECTION('Vector Direction',(1.,0.,0.)) ;
#527=DIRECTION('Vector Direction',(0.,0.,-1.)) ;
#534=DIRECTION('Vector Direction',(1.,0.,0.)) ;
#541=DIRECTION('Vector Direction',(0.,0.,1.)) ;
#548=DIRECTION('Vector Direction',(-1.,0.,0.)) ;
#555=DIRECTION('Vector Direction',(0.,0.,1.)) ;
#562=DIRECTION('Vector Direction',(1.,0.,0.)) ;
#567=DIRECTION('Vector Direction',(1.,0.,0.)) ;
#574=DIRECTION('Vector Direction',(0.,0.,1.)) ;
#581=DIRECTION('Vector Direction',(-1.,0.,0.)) ;
#588=DIRECTION('Vector Direction',(0.,0.,1.)) ;
#595=DIRECTION('Vector Direction',(1.,0.,0.)) ;
#602=DIRECTION('Vector Direction',(0.,0.,-1.)) ;
#609=DIRECTION('Vector Direction',(1.,0.,0.)) ;
#616=DIRECTION('Vector Direction',(0.,0.,-1.)) ;
#623=DIRECTION('Vector Direction',(1.,0.,0.)) ;
#630=DIRECTION('Vector Direction',(0.,0.,-1.)) ;
#637=DIRECTION('Vector Direction',(1.,0.,0.)) ;
#644=DIRECTION('Vector Direction',(0.,0.,-1.)) ;
#651=DIRECTION('Vector Direction',(1.,0.,0.)) ;
#658=DIRECTION('Vector Direction',(0.,0.,-1.)) ;
#665=DIRECTION('Vector Direction',(1.,0.,0.)) ;
#672=DIRECTION('Vector Direction',(0.,0.,-1.)) ;
#679=DIRECTION('Vector Direction',(1.,0.,0.)) ;
#747=DIRECTION('Axis2P3D Direction',(0.,-6.12323399574E-017,-1.)) ;
#748=DIRECTION('Axis2P3D XDirection',(0.,1.,-6.12323399574E-017)) ;
#752=DIRECTION('Vector Direction',(0.,1.,-8.03781375294E-017)) ;
#759=DIRECTION('Vector Direction',(7.40148683083E-016,-1.,1.85037170771E-016)) ;
#766=DIRECTION('Vector Direction',(-1.,0.,0.)) ;
#773=DIRECTION('Vector Direction',(7.40148683083E-016,-1.,1.85037170771E-016)) ;
#778=DIRECTION('Vector Direction',(1.,0.,0.)) ;
#783=DIRECTION('Vector Direction',(0.,-1.,1.85037170771E-016)) ;
#790=DIRECTION('Vector Direction',(-1.,0.,0.)) ;
#797=DIRECTION('Vector Direction',(-1.48029736617E-015,-1.,1.85037170771E-016)) ;
#804=DIRECTION('Vector Direction',(1.,0.,0.)) ;
#811=DIRECTION('Vector Direction',(1.,0.,0.)) ;
#818=DIRECTION('Vector Direction',(0.,-1.,1.85037170771E-016)) ;
#825=DIRECTION('Vector Direction',(-1.,0.,0.)) ;
#832=DIRECTION('Vector Direction',(1.48029736617E-015,-1.,1.85037170771E-016)) ;
#837=DIRECTION('Vector Direction',(0.,1.,-3.26056688583E-016)) ;
#844=DIRECTION('Vector Direction',(1.,0.,0.)) ;
#851=DIRECTION('Vector Direction',(0.,1.,-3.26056688583E-016)) ;
#856=DIRECTION('Vector Direction',(0.,-1.,1.85037170771E-016)) ;
#863=DIRECTION('Vector Direction',(-1.,0.,0.)) ;
#870=DIRECTION('Vector Direction',(0.,-1.,1.85037170771E-016)) ;
#877=DIRECTION('Vector Direction',(1.,0.,0.)) ;
#884=DIRECTION('Vector Direction',(1.,0.,0.)) ;
#891=DIRECTION('Vector Direction',(0.,-1.,1.85037170771E-016)) ;
#898=DIRECTION('Vector Direction',(-1.,0.,0.)) ;
#905=DIRECTION('Vector Direction',(0.,-1.,1.85037170771E-016)) ;
#910=DIRECTION('Vector Direction',(0.,1.,-3.26056688583E-016)) ;
#917=DIRECTION('Vector Direction',(1.,0.,0.)) ;
#924=DIRECTION('Vector Direction',(0.,1.,-3.26056688583E-016)) ;
#929=DIRECTION('Vector Direction',(0.,-1.,1.85037170771E-016)) ;
#936=DIRECTION('Vector Direction',(-1.,0.,0.)) ;
#943=DIRECTION('Vector Direction',(0.,-1.,1.85037170771E-016)) ;
#948=DIRECTION('Vector Direction',(0.,1.,-8.03781375294E-017)) ;
#955=DIRECTION('Vector Direction',(1.,0.,0.)) ;
#1005=DIRECTION('Axis2P3D Direction',(0.,-1.,6.12323399574E-017)) ;
#1006=DIRECTION('Axis2P3D XDirection',(1.,0.,0.)) ;
#1017=DIRECTION('Axis2P3D Direction',(-1.,-0.,0.)) ;
#1018=DIRECTION('Axis2P3D XDirection',(0.,-6.12323399574E-017,-1.)) ;
#1022=DIRECTION('Vector Direction',(0.,-1.,0.)) ;
#1029=DIRECTION('Vector Direction',(0.,0.,-1.)) ;
#1036=DIRECTION('Vector Direction',(0.,-1.,0.)) ;
#1048=DIRECTION('Axis2P3D Direction',(0.,6.12323399574E-017,1.)) ;
#1049=DIRECTION('Axis2P3D XDirection',(-1.,0.,0.)) ;
#1053=DIRECTION('Vector Direction',(-1.,0.,0.)) ;
#1060=DIRECTION('Vector Direction',(0.,-1.,0.)) ;
#1072=DIRECTION('Axis2P3D Direction',(1.,0.,-0.)) ;
#1073=DIRECTION('Axis2P3D XDirection',(0.,6.12323399574E-017,1.)) ;
#1077=DIRECTION('Vector Direction',(0.,0.,1.)) ;
#1084=DIRECTION('Vector Direction',(0.,-1.,0.)) ;
#1096=DIRECTION('Axis2P3D Direction',(0.,-6.12323399574E-017,-1.)) ;
#1097=DIRECTION('Axis2P3D XDirection',(1.,0.,0.)) ;
#1101=DIRECTION('Vector Direction',(1.,0.,0.)) ;
#1113=DIRECTION('Axis2P3D Direction',(-0.,-6.12323399574E-017,-1.)) ;
#1114=DIRECTION('Axis2P3D XDirection',(-1.,0.,0.)) ;
#1118=DIRECTION('Axis2P3D Direction',(-0.,-6.12323399574E-017,-1.)) ;
#1127=DIRECTION('Vector Direction',(-0.342020143326,-0.939692620786,0.)) ;
#1132=DIRECTION('Vector Direction',(0.342020143326,-0.939692620786,0.)) ;
#1139=DIRECTION('Axis2P3D Direction',(-0.,-6.12323399574E-017,-1.)) ;
#1152=DIRECTION('Axis2P3D Direction',(0.939692620786,0.342020143326,-2.09426936884E-017)) ;
#1153=DIRECTION('Axis2P3D XDirection',(0.342020143326,-0.939692620786,5.75395780114E-017)) ;
#1157=DIRECTION('Vector Direction',(0.342020143326,-0.939692620786,0.)) ;
#1164=DIRECTION('Vector Direction',(0.,0.,-1.)) ;
#1176=DIRECTION('Axis2P3D Direction',(-0.,6.12323399574E-017,1.)) ;
#1177=DIRECTION('Axis2P3D XDirection',(0.,-1.,6.12323399574E-017)) ;
#1181=DIRECTION('Vector Direction',(1.,0.,0.)) ;
#1190=DIRECTION('Vector Direction',(0.,1.,0.)) ;
#1197=DIRECTION('Vector Direction',(1.,0.,0.)) ;
#1204=DIRECTION('Vector Direction',(0.,1.,0.)) ;
#1211=DIRECTION('Vector Direction',(1.,0.,0.)) ;
#1218=DIRECTION('Vector Direction',(0.,-1.,0.)) ;
#1223=DIRECTION('Vector Direction',(0.,-1.,0.)) ;
#1230=DIRECTION('Axis2P3D Direction',(-0.,6.12323399574E-017,1.)) ;
#1237=DIRECTION('Vector Direction',(0.342020143326,-0.939692620786,0.)) ;
#1242=DIRECTION('Vector Direction',(0.,1.,0.)) ;
#1249=DIRECTION('Vector Direction',(1.,0.,0.)) ;
#1256=DIRECTION('Vector Direction',(0.,1.,0.)) ;
#1263=DIRECTION('Vector Direction',(-1.,0.,0.)) ;
#1270=DIRECTION('Vector Direction',(0.,-1.,0.)) ;
#1277=DIRECTION('Vector Direction',(1.,0.,0.)) ;
#1284=DIRECTION('Vector Direction',(0.,-1.,0.)) ;
#1289=DIRECTION('Vector Direction',(-0.342020143326,-0.939692620786,0.)) ;
#1296=DIRECTION('Axis2P3D Direction',(-0.,6.12323399574E-017,1.)) ;
#1303=DIRECTION('Axis2P3D Direction',(-0.,6.12323399574E-017,1.)) ;
#1310=DIRECTION('Vector Direction',(0.342020143326,-0.939692620786,0.)) ;
#1315=DIRECTION('Vector Direction',(0.,-1.,0.)) ;
#1322=DIRECTION('Vector Direction',(1.,0.,0.)) ;
#1329=DIRECTION('Vector Direction',(0.,-1.,0.)) ;
#1336=DIRECTION('Vector Direction',(-1.,0.,0.)) ;
#1343=DIRECTION('Vector Direction',(0.,1.,0.)) ;
#1350=DIRECTION('Vector Direction',(1.,0.,0.)) ;
#1357=DIRECTION('Vector Direction',(0.,1.,0.)) ;
#1362=DIRECTION('Vector Direction',(-0.342020143326,-0.939692620786,0.)) ;
#1369=DIRECTION('Axis2P3D Direction',(-0.,6.12323399574E-017,1.)) ;
#1376=DIRECTION('Axis2P3D Direction',(-0.,6.12323399574E-017,1.)) ;
#1381=DIRECTION('Vector Direction',(0.,-1.,0.)) ;
#1388=DIRECTION('Vector Direction',(1.,0.,0.)) ;
#1395=DIRECTION('Vector Direction',(0.,-1.,0.)) ;
#1402=DIRECTION('Vector Direction',(-1.,0.,0.)) ;
#1409=DIRECTION('Vector Direction',(0.,1.,0.)) ;
#1416=DIRECTION('Vector Direction',(1.,0.,0.)) ;
#1423=DIRECTION('Vector Direction',(0.,1.,0.)) ;
#1428=DIRECTION('Vector Direction',(-0.342020143326,-0.939692620786,0.)) ;
#1435=DIRECTION('Axis2P3D Direction',(-0.,6.12323399574E-017,1.)) ;
#1442=DIRECTION('Vector Direction',(0.,-1.,0.)) ;
#1447=DIRECTION('Vector Direction',(0.,-1.,0.)) ;
#1454=DIRECTION('Vector Direction',(1.,0.,0.)) ;
#1461=DIRECTION('Vector Direction',(0.,1.,0.)) ;
#1468=DIRECTION('Vector Direction',(1.,0.,0.)) ;
#1475=DIRECTION('Vector Direction',(0.,1.,0.)) ;
#1482=DIRECTION('Vector Direction',(1.,0.,0.)) ;
#1489=DIRECTION('Vector Direction',(1.,0.,0.)) ;
#1496=DIRECTION('Vector Direction',(0.,1.,0.)) ;
#1503=DIRECTION('Vector Direction',(1.,0.,0.)) ;
#1510=DIRECTION('Vector Direction',(0.,1.,0.)) ;
#1517=DIRECTION('Vector Direction',(1.,0.,0.)) ;
#1585=DIRECTION('Axis2P3D Direction',(1.,0.,0.)) ;
#1586=DIRECTION('Axis2P3D XDirection',(0.,-1.,6.12323399574E-017)) ;
#1590=DIRECTION('Vector Direction',(0.,-1.,0.)) ;
#1597=DIRECTION('Vector Direction',(0.,0.,-1.)) ;
#1609=DIRECTION('Axis2P3D Direction',(0.,6.12323399574E-017,1.)) ;
#1610=DIRECTION('Axis2P3D XDirection',(-1.,0.,0.)) ;
#1614=DIRECTION('Vector Direction',(0.,1.,0.)) ;
#1621=DIRECTION('Vector Direction',(1.,0.,0.)) ;
#1628=DIRECTION('Vector Direction',(0.,1.,0.)) ;
#1635=DIRECTION('Vector Direction',(-1.,0.,0.)) ;
#1642=DIRECTION('Vector Direction',(0.,-1.,0.)) ;
#1649=DIRECTION('Vector Direction',(1.,0.,0.)) ;
#1665=DIRECTION('Axis2P3D Direction',(-1.,0.,-0.)) ;
#1666=DIRECTION('Axis2P3D XDirection',(0.,1.,-6.12323399574E-017)) ;
#1670=DIRECTION('Vector Direction',(0.,0.,-1.)) ;
#1682=DIRECTION('Axis2P3D Direction',(0.939692620786,-0.342020143326,2.09426936884E-017)) ;
#1683=DIRECTION('Axis2P3D XDirection',(-0.342020143326,-0.939692620786,5.75395780114E-017)) ;
#1687=DIRECTION('Vector Direction',(-0.342020143326,-0.939692620786,0.)) ;
#1694=DIRECTION('Vector Direction',(0.,0.,-1.)) ;
#1706=DIRECTION('Vector Direction',(0.,-1.,0.)) ;
#1713=DIRECTION('Axis2P3D Direction',(-0.,-6.12323399574E-017,-1.)) ;
#1725=DIRECTION('Axis2P3D Direction',(1.,0.,0.)) ;
#1726=DIRECTION('Axis2P3D XDirection',(0.,-1.,6.12323399574E-017)) ;
#1730=DIRECTION('Vector Direction',(0.,0.,-1.)) ;
#1742=DIRECTION('Axis2P3D Direction',(1.,-0.,0.)) ;
#1743=DIRECTION('Axis2P3D XDirection',(0.,1.,-6.12323399574E-017)) ;
#1747=DIRECTION('Vector Direction',(0.,6.12323399574E-017,1.)) ;
#1759=DIRECTION('Vector Direction',(0.,-1.,0.)) ;
#1766=DIRECTION('Vector Direction',(0.,0.,1.)) ;
#1773=DIRECTION('Vector Direction',(0.,-1.,0.)) ;
#1780=DIRECTION('Vector Direction',(0.,0.,1.)) ;
#1794=DIRECTION('Axis2P3D Direction',(0.,6.12323399574E-017,1.)) ;
#1795=DIRECTION('Axis2P3D XDirection',(-1.,0.,0.)) ;
#1799=DIRECTION('Vector Direction',(-1.,0.,0.)) ;
#1806=DIRECTION('Vector Direction',(0.,-1.,0.)) ;
#1818=DIRECTION('Axis2P3D Direction',(1.,0.,-0.)) ;
#1819=DIRECTION('Axis2P3D XDirection',(0.,6.12323399574E-017,1.)) ;
#1823=DIRECTION('Vector Direction',(0.,0.,1.)) ;
#1830=DIRECTION('Vector Direction',(0.,1.,0.)) ;
#1837=DIRECTION('Vector Direction',(0.,0.,1.)) ;
#1851=DIRECTION('Axis2P3D Direction',(-1.,-0.,0.)) ;
#1852=DIRECTION('Axis2P3D XDirection',(0.,-6.12323399574E-017,-1.)) ;
#1856=DIRECTION('Vector Direction',(0.,-1.,0.)) ;
#1863=DIRECTION('Vector Direction',(0.,0.,-1.)) ;
#1870=DIRECTION('Vector Direction',(0.,1.,0.)) ;
#1877=DIRECTION('Vector Direction',(0.,0.,1.)) ;
#1891=DIRECTION('Vector Direction',(-1.,0.,0.)) ;
#1898=DIRECTION('Vector Direction',(0.,-1.,0.)) ;
#1910=DIRECTION('Axis2P3D Direction',(0.,1.,-6.12323399574E-017)) ;
#1911=DIRECTION('Axis2P3D XDirection',(0.,6.12323399574E-017,1.)) ;
#1915=DIRECTION('Axis2P3D Direction',(0.,1.,-6.12323399574E-017)) ;
#1924=DIRECTION('Vector Direction',(-1.,0.,0.)) ;
#1931=DIRECTION('Axis2P3D Direction',(0.,1.,-6.12323399574E-017)) ;
#1938=DIRECTION('Vector Direction',(-1.,0.,0.)) ;
#1945=DIRECTION('Vector Direction',(0.,-6.12323399574E-017,-1.)) ;
#1952=DIRECTION('Vector Direction',(1.,0.,0.)) ;
#1959=DIRECTION('Axis2P3D Direction',(0.,1.,-6.12323399574E-017)) ;
#1966=DIRECTION('Vector Direction',(0.514495755428,5.25062983383E-017,0.857492925713)) ;
#1973=DIRECTION('Vector Direction',(0.,-6.12323399574E-017,-1.)) ;
#1978=DIRECTION('Vector Direction',(0.,6.12323399574E-017,1.)) ;
#1983=DIRECTION('Vector Direction',(0.,-6.12323399574E-017,-1.)) ;
#1990=DIRECTION('Vector Direction',(-0.514495755428,5.25062983383E-017,0.857492925713)) ;
#1997=DIRECTION('Axis2P3D Direction',(0.,1.,-6.12323399574E-017)) ;
#2004=DIRECTION('Vector Direction',(-1.,0.,0.)) ;
#2011=DIRECTION('Vector Direction',(0.,-6.12323399574E-017,-1.)) ;
#2018=DIRECTION('Vector Direction',(1.,0.,0.)) ;
#2025=DIRECTION('Axis2P3D Direction',(0.,1.,-6.12323399574E-017)) ;
#2032=DIRECTION('Vector Direction',(-1.,0.,0.)) ;
#2062=DIRECTION('Axis2P3D Direction',(0.,-1.,6.12323399574E-017)) ;
#2063=DIRECTION('Axis2P3D XDirection',(-1.,0.,0.)) ;
#2067=DIRECTION('Vector Direction',(-1.,0.,0.)) ;
#2079=DIRECTION('Vector Direction',(-1.,0.,0.)) ;
#2086=DIRECTION('Vector Direction',(0.,0.,1.)) ;
#2098=DIRECTION('Axis2P3D Direction',(1.,0.,-0.)) ;
#2099=DIRECTION('Axis2P3D XDirection',(0.,6.12323399574E-017,1.)) ;
#2103=DIRECTION('Vector Direction',(0.,1.,0.)) ;
#2110=DIRECTION('Vector Direction',(0.,0.,1.)) ;
#2117=DIRECTION('Vector Direction',(0.,-1.,0.)) ;
#2124=DIRECTION('Vector Direction',(0.,0.,1.)) ;
#2138=DIRECTION('Vector Direction',(0.,0.,1.)) ;
#2145=DIRECTION('Vector Direction',(1.,0.,0.)) ;
#2158=DIRECTION('Axis2P3D Direction',(0.,-1.,6.12323399574E-017)) ;
#2159=DIRECTION('Axis2P3D XDirection',(1.,0.,0.)) ;
#2163=DIRECTION('Vector Direction',(-1.,0.,0.)) ;
#2172=DIRECTION('Axis2P3D Direction',(0.,-1.,6.12323399574E-017)) ;
#2179=DIRECTION('Vector Direction',(-1.,0.,0.)) ;
#2186=DIRECTION('Vector Direction',(0.,0.,-1.)) ;
#2193=DIRECTION('Vector Direction',(-1.,0.,0.)) ;
#2200=DIRECTION('Axis2P3D Direction',(0.,-1.,6.12323399574E-017)) ;
#2207=DIRECTION('Vector Direction',(-0.514495755428,0.,0.857492925713)) ;
#2214=DIRECTION('Vector Direction',(0.,0.,1.)) ;
#2221=DIRECTION('Vector Direction',(1.,0.,0.)) ;
#2228=DIRECTION('Vector Direction',(0.,0.,-1.)) ;
#2235=DIRECTION('Vector Direction',(0.514495755428,0.,0.857492925713)) ;
#2242=DIRECTION('Axis2P3D Direction',(0.,-1.,6.12323399574E-017)) ;
#2249=DIRECTION('Vector Direction',(-1.,0.,0.)) ;
#2256=DIRECTION('Axis2P3D Direction',(0.,-1.,6.12323399574E-017)) ;
#2263=DIRECTION('Vector Direction',(-0.514495755428,0.,0.857492925713)) ;
#2270=DIRECTION('Vector Direction',(0.,0.,-1.)) ;
#2277=DIRECTION('Vector Direction',(1.,0.,0.)) ;
#2284=DIRECTION('Vector Direction',(0.,0.,1.)) ;
#2291=DIRECTION('Vector Direction',(0.514495755428,0.,0.857492925713)) ;
#2298=DIRECTION('Axis2P3D Direction',(0.,-1.,6.12323399574E-017)) ;
#2305=DIRECTION('Vector Direction',(-1.,0.,0.)) ;
#2312=DIRECTION('Axis2P3D Direction',(0.,-1.,6.12323399574E-017)) ;
#2319=DIRECTION('Vector Direction',(-0.514495755428,0.,0.857492925713)) ;
#2326=DIRECTION('Vector Direction',(0.,0.,-1.)) ;
#2333=DIRECTION('Vector Direction',(1.,0.,0.)) ;
#2340=DIRECTION('Vector Direction',(0.,0.,1.)) ;
#2347=DIRECTION('Vector Direction',(0.514495755428,0.,0.857492925713)) ;
#2354=DIRECTION('Axis2P3D Direction',(0.,-1.,6.12323399574E-017)) ;
#2361=DIRECTION('Vector Direction',(-1.,0.,0.)) ;
#2368=DIRECTION('Vector Direction',(0.,0.,-1.)) ;
#2375=DIRECTION('Vector Direction',(-1.,0.,0.)) ;
#2382=DIRECTION('Axis2P3D Direction',(0.,-1.,6.12323399574E-017)) ;
#2389=DIRECTION('Vector Direction',(-1.,0.,0.)) ;
#2396=DIRECTION('Axis2P3D Direction',(0.,-1.,6.12323399574E-017)) ;
#2443=DIRECTION('Vector Direction',(0.,0.,-1.)) ;
#2452=DIRECTION('Vector Direction',(1.,0.,0.)) ;
#2459=DIRECTION('Vector Direction',(0.,0.,1.)) ;
#2466=DIRECTION('Vector Direction',(-1.,0.,0.)) ;
#2477=DIRECTION('Vector Direction',(0.,0.,-1.)) ;
#2486=DIRECTION('Vector Direction',(1.,0.,0.)) ;
#2493=DIRECTION('Vector Direction',(0.,0.,1.)) ;
#2500=DIRECTION('Vector Direction',(-1.,0.,0.)) ;
#2512=DIRECTION('Axis2P3D Direction',(0.,6.12323399574E-017,1.)) ;
#2513=DIRECTION('Axis2P3D XDirection',(-0.939692620786,-0.342020143326,2.09426936884E-017)) ;
#2517=DIRECTION('Vector Direction',(0.,0.,1.)) ;
#2531=DIRECTION('Axis2P3D Direction',(0.,1.,-6.12323399574E-017)) ;
#2532=DIRECTION('Axis2P3D XDirection',(1.,0.,0.)) ;
#2536=DIRECTION('Vector Direction',(0.,0.,-1.)) ;
#2548=DIRECTION('Axis2P3D Direction',(1.,0.,0.)) ;
#2549=DIRECTION('Axis2P3D XDirection',(0.,-1.,6.12323399574E-017)) ;
#2553=DIRECTION('Vector Direction',(0.,0.,-1.)) ;
#2565=DIRECTION('Vector Direction',(0.,0.,-1.)) ;
#2577=DIRECTION('Axis2P3D Direction',(-1.,0.,-0.)) ;
#2578=DIRECTION('Axis2P3D XDirection',(0.,1.,-6.12323399574E-017)) ;
#2582=DIRECTION('Vector Direction',(0.,0.,-1.)) ;
#2601=DIRECTION('Axis2P3D Direction',(0.,6.12323399574E-017,1.)) ;
#2602=DIRECTION('Axis2P3D XDirection',(0.0624999999993,-0.998044963917,6.11126285233E-017)) ;
#2613=DIRECTION('Axis2P3D Direction',(-1.,0.,0.)) ;
#2614=DIRECTION('Axis2P3D XDirection',(0.,6.12323399574E-017,1.)) ;
#2618=DIRECTION('Vector Direction',(0.,1.,0.)) ;
#2623=DIRECTION('Vector Direction',(0.,1.,0.)) ;
#2630=DIRECTION('Vector Direction',(0.,0.,-1.)) ;
#2644=DIRECTION('Axis2P3D Direction',(0.,-1.,6.12323399574E-017)) ;
#2645=DIRECTION('Axis2P3D XDirection',(1.,0.,0.)) ;
#2649=DIRECTION('Vector Direction',(0.,0.,1.)) ;
#2656=DIRECTION('Vector Direction',(1.,0.,0.)) ;
#2668=DIRECTION('Axis2P3D Direction',(1.,0.,0.)) ;
#2669=DIRECTION('Axis2P3D XDirection',(0.,-6.12323399574E-017,-1.)) ;
#2673=DIRECTION('Vector Direction',(0.,1.,0.)) ;
#2680=DIRECTION('Vector Direction',(0.,-6.12323399574E-017,-1.)) ;
#2685=DIRECTION('Vector Direction',(0.,1.,0.)) ;
#2699=DIRECTION('Axis2P3D Direction',(0.,1.,-6.12323399574E-017)) ;
#2708=DIRECTION('Vector Direction',(0.514495755428,5.25062983383E-017,0.857492925713)) ;
#2715=DIRECTION('Vector Direction',(0.,-6.12323399574E-017,-1.)) ;
#2720=DIRECTION('Vector Direction',(-0.514495755428,5.25062983383E-017,0.857492925713)) ;
#2727=DIRECTION('Axis2P3D Direction',(0.,1.,-6.12323399574E-017)) ;
#2734=DIRECTION('Vector Direction',(1.,0.,0.)) ;
#2751=DIRECTION('Axis2P3D Direction',(0.,-1.,6.12323399574E-017)) ;
#2752=DIRECTION('Axis2P3D XDirection',(1.,0.,0.)) ;
#2756=DIRECTION('Vector Direction',(1.,0.,0.)) ;
#2768=DIRECTION('Axis2P3D Direction',(0.,-6.12323399574E-017,-1.)) ;
#2769=DIRECTION('Axis2P3D XDirection',(1.,0.,0.)) ;
#2780=DIRECTION('Vector Direction',(0.,0.,1.)) ;
#2787=DIRECTION('Vector Direction',(1.,0.,0.)) ;
#2794=DIRECTION('Vector Direction',(0.,0.,-1.)) ;
#2801=DIRECTION('Vector Direction',(1.,0.,0.)) ;
#2806=DIRECTION('Vector Direction',(1.,0.,0.)) ;
#2829=DIRECTION('Axis2P3D Direction',(-0.857492925713,3.1503779003E-017,0.514495755428)) ;
#2830=DIRECTION('Axis2P3D XDirection',(0.514495755428,5.25062983383E-017,0.857492925713)) ;
#2834=DIRECTION('Vector Direction',(0.,1.,0.)) ;
#2846=DIRECTION('Axis2P3D Direction',(0.,-1.,6.12323399574E-017)) ;
#2847=DIRECTION('Axis2P3D XDirection',(0.7453559925,4.08215599716E-017,0.666666666667)) ;
#2851=DIRECTION('Vector Direction',(0.,-1.,0.)) ;
#2863=DIRECTION('Axis2P3D Direction',(-0.,-6.12323399574E-017,-1.)) ;
#2864=DIRECTION('Axis2P3D XDirection',(-1.,0.,0.)) ;
#2868=DIRECTION('Vector Direction',(0.,1.,0.)) ;
#2880=DIRECTION('Axis2P3D Direction',(1.,0.,0.)) ;
#2881=DIRECTION('Axis2P3D XDirection',(0.,-6.12323399574E-017,-1.)) ;
#2885=DIRECTION('Vector Direction',(0.,1.,-5.58602779686E-017)) ;
#2897=DIRECTION('Axis2P3D Direction',(-0.,-6.12323399574E-017,-1.)) ;
#2898=DIRECTION('Axis2P3D XDirection',(-1.,0.,0.)) ;
#2902=DIRECTION('Vector Direction',(0.,1.,-5.58602779686E-017)) ;
#2914=DIRECTION('Axis2P3D Direction',(0.,-1.,6.12323399574E-017)) ;
#2915=DIRECTION('Axis2P3D XDirection',(0.808690335212,3.60189808508E-017,0.588234597533)) ;
#2919=DIRECTION('Vector Direction',(0.,-1.,9.68569705209E-017)) ;
#2931=DIRECTION('Vector Direction',(0.,1.,-5.58602779686E-017)) ;
#2943=DIRECTION('Axis2P3D Direction',(0.,-6.12323399574E-017,-1.)) ;
#2944=DIRECTION('Axis2P3D XDirection',(1.,0.,0.)) ;
#2948=DIRECTION('Vector Direction',(0.,-1.,0.)) ;
#2960=DIRECTION('Vector Direction',(0.,1.,0.)) ;
#2965=DIRECTION('Vector Direction',(0.,1.,0.)) ;
#2977=DIRECTION('Vector Direction',(0.,-1.,0.)) ;
#2989=DIRECTION('Axis2P3D Direction',(-0.857492925713,-3.1503779003E-017,-0.514495755428)) ;
#2990=DIRECTION('Axis2P3D XDirection',(-0.514495755428,5.25062983383E-017,0.857492925713)) ;
#3001=DIRECTION('Axis2P3D Direction',(-0.,6.12323399574E-017,1.)) ;
#3002=DIRECTION('Axis2P3D XDirection',(1.,0.,0.)) ;
#3013=DIRECTION('Axis2P3D Direction',(1.,0.,0.)) ;
#3014=DIRECTION('Axis2P3D XDirection',(0.,-6.12323399574E-017,-1.)) ;
#3018=DIRECTION('Vector Direction',(0.,1.,-2.92404418008E-016)) ;
#3027=DIRECTION('Vector Direction',(0.,0.,-1.)) ;
#3034=DIRECTION('Vector Direction',(0.,1.,-2.92356293516E-016)) ;
#3041=DIRECTION('Vector Direction',(0.,0.,-1.)) ;
#3053=DIRECTION('Axis2P3D Direction',(-0.,6.12323399574E-017,1.)) ;
#3054=DIRECTION('Axis2P3D XDirection',(1.,0.,0.)) ;
#3058=DIRECTION('Vector Direction',(0.,1.,-2.92404418008E-016)) ;
#3067=DIRECTION('Vector Direction',(1.,0.,0.)) ;
#3072=DIRECTION('Vector Direction',(1.,0.,0.)) ;
#3084=DIRECTION('Axis2P3D Direction',(-1.,0.,0.)) ;
#3085=DIRECTION('Axis2P3D XDirection',(0.,-1.,6.12323399574E-017)) ;
#3089=DIRECTION('Vector Direction',(0.,-1.,0.)) ;
#3094=DIRECTION('Vector Direction',(0.,0.,1.)) ;
#3107=DIRECTION('Axis2P3D Direction',(-0.,6.12323399574E-017,1.)) ;
#3108=DIRECTION('Axis2P3D XDirection',(1.,0.,0.)) ;
#3112=DIRECTION('Vector Direction',(0.,1.,0.)) ;
#3119=DIRECTION('Vector Direction',(0.,1.,-2.92356293516E-016)) ;
#3126=DIRECTION('Vector Direction',(-1.,0.,0.)) ;
#3140=DIRECTION('Axis2P3D Direction',(0.,-1.,6.12323399574E-017)) ;
#3141=DIRECTION('Axis2P3D XDirection',(1.,0.,0.)) ;
#3145=DIRECTION('Vector Direction',(0.,-5.07530525408E-016,-1.)) ;
#3154=DIRECTION('Vector Direction',(-1.,0.,0.)) ;
#3161=DIRECTION('Vector Direction',(0.,5.07530525408E-016,1.)) ;
#3168=DIRECTION('Vector Direction',(1.,0.,0.)) ;
#3179=DIRECTION('Vector Direction',(0.,0.,1.)) ;
#3191=DIRECTION('Axis2P3D Direction',(-1.,0.,0.)) ;
#3192=DIRECTION('Axis2P3D XDirection',(0.,6.12323399574E-017,1.)) ;
#3196=DIRECTION('Vector Direction',(0.,0.,-1.)) ;
#3208=DIRECTION('Axis2P3D Direction',(0.,-1.,6.12323399574E-017)) ;
#3209=DIRECTION('Axis2P3D XDirection',(1.,0.,0.)) ;
#3213=DIRECTION('Vector Direction',(0.,0.,1.)) ;
#3225=DIRECTION('Axis2P3D Direction',(1.,-0.,0.)) ;
#3226=DIRECTION('Axis2P3D XDirection',(0.,1.,-6.12323399574E-017)) ;
#3238=DIRECTION('Axis2P3D Direction',(-1.,-0.,0.)) ;
#3239=DIRECTION('Axis2P3D XDirection',(0.,-6.12323399574E-017,-1.)) ;
#3243=DIRECTION('Vector Direction',(0.,-1.,0.)) ;
#3248=DIRECTION('Vector Direction',(0.,-1.,0.)) ;
#3260=DIRECTION('Axis2P3D Direction',(0.,6.12323399574E-017,1.)) ;
#3261=DIRECTION('Axis2P3D XDirection',(-1.,0.,0.)) ;
#3265=DIRECTION('Vector Direction',(0.,-1.,0.)) ;
#3277=DIRECTION('Axis2P3D Direction',(1.,0.,-0.)) ;
#3278=DIRECTION('Axis2P3D XDirection',(0.,6.12323399574E-017,1.)) ;
#3282=DIRECTION('Vector Direction',(0.,-1.,0.)) ;
#3294=DIRECTION('Axis2P3D Direction',(0.,-6.12323399574E-017,-1.)) ;
#3295=DIRECTION('Axis2P3D XDirection',(1.,0.,0.)) ;
#3306=DIRECTION('Vector Direction',(0.,-1.,0.)) ;
#3313=DIRECTION('Vector Direction',(-1.,0.,0.)) ;
#3320=DIRECTION('Vector Direction',(0.,-1.,0.)) ;
#3332=DIRECTION('Axis2P3D Direction',(-1.,-0.,0.)) ;
#3333=DIRECTION('Axis2P3D XDirection',(0.,-6.12323399574E-017,-1.)) ;
#3337=DIRECTION('Vector Direction',(0.,0.,1.)) ;
#3344=DIRECTION('Vector Direction',(0.,1.,0.)) ;
#3351=DIRECTION('Vector Direction',(0.,0.,-1.)) ;
#3365=DIRECTION('Axis2P3D Direction',(1.,0.,-0.)) ;
#3366=DIRECTION('Axis2P3D XDirection',(0.,6.12323399574E-017,1.)) ;
#3370=DIRECTION('Vector Direction',(0.,-1.,0.)) ;
#3377=DIRECTION('Vector Direction',(0.,0.,1.)) ;
#3384=DIRECTION('Vector Direction',(0.,1.,0.)) ;
#3391=DIRECTION('Vector Direction',(0.,0.,1.)) ;
#3405=DIRECTION('Vector Direction',(0.,-1.,0.)) ;
#3412=DIRECTION('Vector Direction',(-1.,0.,0.)) ;
#3424=DIRECTION('Axis2P3D Direction',(1.,0.,0.)) ;
#3425=DIRECTION('Axis2P3D XDirection',(0.,-1.,6.12323399574E-017)) ;
#3429=DIRECTION('Vector Direction',(0.,0.,1.)) ;
#3436=DIRECTION('Vector Direction',(0.,-1.,0.)) ;
#3443=DIRECTION('Vector Direction',(0.,0.,1.)) ;
#3457=DIRECTION('Axis2P3D Direction',(1.,-0.,0.)) ;
#3458=DIRECTION('Axis2P3D XDirection',(0.,1.,-6.12323399574E-017)) ;
#3469=DIRECTION('Vector Direction',(0.,-1.,0.)) ;
#3476=DIRECTION('Vector Direction',(0.,0.,-1.)) ;
#3488=DIRECTION('Vector Direction',(0.342020143326,-0.939692620786,0.)) ;
#3495=DIRECTION('Axis2P3D Direction',(-0.,-6.12323399574E-017,-1.)) ;
#3507=DIRECTION('Axis2P3D Direction',(0.939692620786,0.342020143326,-2.09426936884E-017)) ;
#3508=DIRECTION('Axis2P3D XDirection',(0.342020143326,-0.939692620786,5.75395780114E-017)) ;
#3512=DIRECTION('Vector Direction',(0.,0.,-1.)) ;
#3524=DIRECTION('Axis2P3D Direction',(-1.,0.,-0.)) ;
#3525=DIRECTION('Axis2P3D XDirection',(0.,1.,-6.12323399574E-017)) ;
#3529=DIRECTION('Vector Direction',(0.,0.,-1.)) ;
#3536=DIRECTION('Vector Direction',(0.,1.,0.)) ;
#3548=DIRECTION('Axis2P3D Direction',(0.,6.12323399574E-017,1.)) ;
#3549=DIRECTION('Axis2P3D XDirection',(-1.,0.,0.)) ;
#3553=DIRECTION('Vector Direction',(1.,0.,0.)) ;
#3562=DIRECTION('Vector Direction',(0.,-1.,0.)) ;
#3569=DIRECTION('Vector Direction',(-1.,0.,0.)) ;
#3576=DIRECTION('Vector Direction',(0.,1.,0.)) ;
#3583=DIRECTION('Vector Direction',(1.,0.,0.)) ;
#3588=DIRECTION('Vector Direction',(0.,-1.,0.)) ;
#3604=DIRECTION('Axis2P3D Direction',(1.,0.,0.)) ;
#3605=DIRECTION('Axis2P3D XDirection',(0.,-1.,6.12323399574E-017)) ;
#3609=DIRECTION('Vector Direction',(0.,0.,-1.)) ;
#3621=DIRECTION('Axis2P3D Direction',(0.939692620786,-0.342020143326,2.09426936884E-017)) ;
#3622=DIRECTION('Axis2P3D XDirection',(-0.342020143326,-0.939692620786,5.75395780114E-017)) ;
#3626=DIRECTION('Vector Direction',(-0.342020143326,-0.939692620786,0.)) ;
#3633=DIRECTION('Vector Direction',(0.,0.,-1.)) ;
#3645=DIRECTION('Vector Direction',(0.342020143326,-0.939692620786,0.)) ;
#3652=DIRECTION('Axis2P3D Direction',(-0.,-6.12323399574E-017,-1.)) ;
#3659=DIRECTION('Axis2P3D Direction',(-0.,-6.12323399574E-017,-1.)) ;
#3672=DIRECTION('Vector Direction',(0.,0.,1.)) ;
#3679=DIRECTION('Vector Direction',(1.,0.,0.)) ;
#3686=DIRECTION('Vector Direction',(0.,0.,1.)) ;
#3699=DIRECTION('Axis2P3D Direction',(1.,0.,-0.)) ;
#3700=DIRECTION('Axis2P3D XDirection',(0.,6.12323399574E-017,1.)) ;
#3704=DIRECTION('Vector Direction',(0.,-1.,0.)) ;
#3711=DIRECTION('Vector Direction',(0.,0.,1.)) ;
#3718=DIRECTION('Vector Direction',(0.,1.,0.)) ;
#3725=DIRECTION('Vector Direction',(0.,0.,1.)) ;
#3739=DIRECTION('Axis2P3D Direction',(0.,-1.,6.12323399574E-017)) ;
#3740=DIRECTION('Axis2P3D XDirection',(-1.,0.,0.)) ;
#3744=DIRECTION('Vector Direction',(-1.,0.,0.)) ;
#3756=DIRECTION('Vector Direction',(-1.,0.,0.)) ;
#3768=DIRECTION('Vector Direction',(0.,0.,1.)) ;
#3777=DIRECTION('Vector Direction',(1.,0.,0.)) ;
#3784=DIRECTION('Vector Direction',(0.,0.,-1.)) ;
#3789=DIRECTION('Vector Direction',(1.,0.,0.)) ;
#3794=DIRECTION('Vector Direction',(1.,0.,0.)) ;
#3810=DIRECTION('Axis2P3D Direction',(0.,-6.12323399574E-017,-1.)) ;
#3811=DIRECTION('Axis2P3D XDirection',(1.,0.,0.)) ;
#3822=DIRECTION('Vector Direction',(1.,0.,0.)) ;
#3841=DIRECTION('Vector Direction',(0.,-6.12323399574E-017,-1.)) ;
#3848=DIRECTION('Vector Direction',(-0.514495755428,5.25062983383E-017,0.857492925713)) ;
#3855=DIRECTION('Axis2P3D Direction',(0.,1.,-6.12323399574E-017)) ;
#3862=DIRECTION('Vector Direction',(1.,0.,0.)) ;
#3869=DIRECTION('Axis2P3D Direction',(0.,1.,-6.12323399574E-017)) ;
#3876=DIRECTION('Vector Direction',(0.514495755428,5.25062983383E-017,0.857492925713)) ;
#3883=DIRECTION('Vector Direction',(0.,-6.12323399574E-017,-1.)) ;
#3900=DIRECTION('Axis2P3D Direction',(1.,0.,0.)) ;
#3901=DIRECTION('Axis2P3D XDirection',(0.,-6.12323399574E-017,-1.)) ;
#3905=DIRECTION('Vector Direction',(0.,1.,0.)) ;
#3910=DIRECTION('Vector Direction',(0.,1.,0.)) ;
#3917=DIRECTION('Vector Direction',(0.,0.,1.)) ;
#3931=DIRECTION('Axis2P3D Direction',(0.,-1.,6.12323399574E-017)) ;
#3932=DIRECTION('Axis2P3D XDirection',(1.,0.,0.)) ;
#3936=DIRECTION('Vector Direction',(0.,0.,-1.)) ;
#3943=DIRECTION('Vector Direction',(1.,0.,0.)) ;
#3955=DIRECTION('Axis2P3D Direction',(-1.,0.,0.)) ;
#3956=DIRECTION('Axis2P3D XDirection',(0.,6.12323399574E-017,1.)) ;
#3960=DIRECTION('Vector Direction',(0.,1.,0.)) ;
#3965=DIRECTION('Vector Direction',(0.,1.,0.)) ;
#3979=DIRECTION('Axis2P3D Direction',(0.,-6.12323399574E-017,-1.)) ;
#3980=DIRECTION('Axis2P3D XDirection',(-0.0624999999993,-0.998044963917,6.11126285233E-017)) ;
#3991=DIRECTION('Axis2P3D Direction',(0.,1.,-6.12323399574E-017)) ;
#3992=DIRECTION('Axis2P3D XDirection',(1.,0.,0.)) ;
#3996=DIRECTION('Vector Direction',(0.,0.,-1.)) ;
#4008=DIRECTION('Axis2P3D Direction',(-1.,0.,-0.)) ;
#4009=DIRECTION('Axis2P3D XDirection',(0.,1.,-6.12323399574E-017)) ;
#4013=DIRECTION('Vector Direction',(0.,0.,-1.)) ;
#4025=DIRECTION('Vector Direction',(0.,0.,-1.)) ;
#4037=DIRECTION('Axis2P3D Direction',(1.,0.,0.)) ;
#4038=DIRECTION('Axis2P3D XDirection',(0.,-1.,6.12323399574E-017)) ;
#4042=DIRECTION('Vector Direction',(0.,0.,-1.)) ;
#4061=DIRECTION('Axis2P3D Direction',(0.,-6.12323399574E-017,-1.)) ;
#4062=DIRECTION('Axis2P3D XDirection',(0.939692620786,-0.342020143326,2.09426936884E-017)) ;
#4066=DIRECTION('Vector Direction',(0.,0.,-1.)) ;
#4080=DIRECTION('Vector Direction',(0.,-1.,0.)) ;
#4092=DIRECTION('Vector Direction',(0.,1.,-5.58602779686E-017)) ;
#4097=DIRECTION('Vector Direction',(0.,1.,-5.58602779686E-017)) ;
#4109=DIRECTION('Axis2P3D Direction',(0.,-1.,6.12323399574E-017)) ;
#4110=DIRECTION('Axis2P3D XDirection',(0.808690335212,3.60189808508E-017,0.588234597533)) ;
#4114=DIRECTION('Vector Direction',(0.,-1.,9.68569705209E-017)) ;
#4126=DIRECTION('Vector Direction',(0.,1.,-5.58602779686E-017)) ;
#4138=DIRECTION('Axis2P3D Direction',(1.,0.,0.)) ;
#4139=DIRECTION('Axis2P3D XDirection',(0.,-6.12323399574E-017,-1.)) ;
#4143=DIRECTION('Vector Direction',(0.,1.,0.)) ;
#4155=DIRECTION('Vector Direction',(0.,1.,0.)) ;
#4167=DIRECTION('Axis2P3D Direction',(0.,-1.,6.12323399574E-017)) ;
#4168=DIRECTION('Axis2P3D XDirection',(0.7453559925,4.08215599716E-017,0.666666666667)) ;
#4172=DIRECTION('Vector Direction',(0.,-1.,0.)) ;
#4184=DIRECTION('Axis2P3D Direction',(-0.857492925713,-3.1503779003E-017,-0.514495755428)) ;
#4185=DIRECTION('Axis2P3D XDirection',(-0.514495755428,5.25062983383E-017,0.857492925713)) ;
#4196=DIRECTION('Axis2P3D Direction',(-0.,6.12323399574E-017,1.)) ;
#4197=DIRECTION('Axis2P3D XDirection',(1.,0.,0.)) ;
#4208=DIRECTION('Axis2P3D Direction',(-0.857492925713,3.1503779003E-017,0.514495755428)) ;
#4209=DIRECTION('Axis2P3D XDirection',(0.514495755428,5.25062983383E-017,0.857492925713)) ;
#4213=DIRECTION('Vector Direction',(0.,1.,0.)) ;
#4225=DIRECTION('Vector Direction',(0.,-1.,0.)) ;
#4237=DIRECTION('Vector Direction',(0.,1.,0.)) ;
#4249=DIRECTION('Axis2P3D Direction',(1.,0.,-0.)) ;
#4250=DIRECTION('Axis2P3D XDirection',(0.,6.12323399574E-017,1.)) ;
#4254=DIRECTION('Vector Direction',(0.,-1.,0.)) ;
#4261=DIRECTION('Vector Direction',(0.,-1.,0.)) ;
#4268=DIRECTION('Vector Direction',(0.,0.,1.)) ;
#4280=DIRECTION('Axis2P3D Direction',(0.,6.12323399574E-017,1.)) ;
#4281=DIRECTION('Axis2P3D XDirection',(-1.,0.,0.)) ;
#4285=DIRECTION('Vector Direction',(0.,-1.,0.)) ;
#4292=DIRECTION('Vector Direction',(-1.,0.,0.)) ;
#4304=DIRECTION('Axis2P3D Direction',(0.,-6.12323399574E-017,-1.)) ;
#4305=DIRECTION('Axis2P3D XDirection',(1.,0.,0.)) ;
#4309=DIRECTION('Vector Direction',(0.,-1.,0.)) ;
#4316=DIRECTION('Vector Direction',(1.,0.,0.)) ;
#4328=DIRECTION('Axis2P3D Direction',(0.,-1.,6.12323399574E-017)) ;
#4329=DIRECTION('Axis2P3D XDirection',(1.,0.,0.)) ;
#4333=DIRECTION('Vector Direction',(0.,-5.07530525408E-016,-1.)) ;
#4344=DIRECTION('Vector Direction',(0.,0.,1.)) ;
#4353=DIRECTION('Vector Direction',(1.,0.,0.)) ;
#4360=DIRECTION('Vector Direction',(0.,0.,-1.)) ;
#4367=DIRECTION('Vector Direction',(-1.,0.,0.)) ;
#4379=DIRECTION('Axis2P3D Direction',(-1.,-0.,0.)) ;
#4380=DIRECTION('Axis2P3D XDirection',(0.,-6.12323399574E-017,-1.)) ;
#4391=DIRECTION('Axis2P3D Direction',(0.,-1.,6.12323399574E-017)) ;
#4392=DIRECTION('Axis2P3D XDirection',(0.7453559925,4.08215599716E-017,0.666666666667)) ;
#4396=DIRECTION('Vector Direction',(0.,-1.,0.)) ;
#4408=DIRECTION('Axis2P3D Direction',(-0.857492925713,-3.1503779003E-017,-0.514495755428)) ;
#4409=DIRECTION('Axis2P3D XDirection',(-0.514495755428,5.25062983383E-017,0.857492925713)) ;
#4413=DIRECTION('Vector Direction',(0.,1.,0.)) ;
#4425=DIRECTION('Axis2P3D Direction',(1.,0.,0.)) ;
#4426=DIRECTION('Axis2P3D XDirection',(0.,-6.12323399574E-017,-1.)) ;
#4430=DIRECTION('Vector Direction',(0.,0.,1.)) ;
#4437=DIRECTION('Vector Direction',(0.,1.,0.)) ;
#4451=DIRECTION('Axis2P3D Direction',(-0.,6.12323399574E-017,1.)) ;
#4452=DIRECTION('Axis2P3D XDirection',(1.,0.,0.)) ;
#4456=DIRECTION('Vector Direction',(1.,0.,0.)) ;
#4463=DIRECTION('Vector Direction',(0.,1.,0.)) ;
#4475=DIRECTION('Axis2P3D Direction',(-1.,0.,0.)) ;
#4476=DIRECTION('Axis2P3D XDirection',(0.,6.12323399574E-017,1.)) ;
#4480=DIRECTION('Vector Direction',(0.,1.,0.)) ;
#4485=DIRECTION('Vector Direction',(0.,0.,-1.)) ;
#4499=DIRECTION('Axis2P3D Direction',(-0.857492925713,3.1503779003E-017,0.514495755428)) ;
#4500=DIRECTION('Axis2P3D XDirection',(0.514495755428,5.25062983383E-017,0.857492925713)) ;
#4504=DIRECTION('Vector Direction',(0.,1.,0.)) ;
#4523=DIRECTION('Axis2P3D Direction',(0.,-1.,6.12323399574E-017)) ;
#4524=DIRECTION('Axis2P3D XDirection',(0.808690335212,3.60189808508E-017,0.588234597533)) ;
#4535=DIRECTION('Axis2P3D Direction',(-1.,0.,0.)) ;
#4536=DIRECTION('Axis2P3D XDirection',(0.,6.12323399574E-017,1.)) ;
#4540=DIRECTION('Vector Direction',(0.,1.,-2.92356293516E-016)) ;
#4547=DIRECTION('Vector Direction',(0.,0.,-1.)) ;
#4554=DIRECTION('Vector Direction',(0.,1.,-2.92404418008E-016)) ;
#4566=DIRECTION('Axis2P3D Direction',(-0.,6.12323399574E-017,1.)) ;
#4567=DIRECTION('Axis2P3D XDirection',(1.,0.,0.)) ;
#4571=DIRECTION('Vector Direction',(1.,0.,0.)) ;
#4578=DIRECTION('Vector Direction',(0.,1.,-2.92404418008E-016)) ;
#4590=DIRECTION('Axis2P3D Direction',(1.,0.,0.)) ;
#4591=DIRECTION('Axis2P3D XDirection',(0.,-6.12323399574E-017,-1.)) ;
#4595=DIRECTION('Vector Direction',(0.,0.,-1.)) ;
#4602=DIRECTION('Vector Direction',(0.,1.,-2.92356293516E-016)) ;
#4614=DIRECTION('Axis2P3D Direction',(-0.,6.12323399574E-017,1.)) ;
#4615=DIRECTION('Axis2P3D XDirection',(1.,0.,0.)) ;
#4619=DIRECTION('Vector Direction',(0.,-1.,0.)) ;
#4624=DIRECTION('Vector Direction',(0.,1.,0.)) ;
#4638=DIRECTION('Axis2P3D Direction',(0.,-1.,6.12323399574E-017)) ;
#4639=DIRECTION('Axis2P3D XDirection',(1.,0.,0.)) ;
#4650=DIRECTION('Axis2P3D Direction',(-1.,0.,0.)) ;
#4651=DIRECTION('Axis2P3D XDirection',(0.,-1.,6.12323399574E-017)) ;
#4655=DIRECTION('Vector Direction',(0.,0.,1.)) ;
#4668=DIRECTION('Axis2P3D Direction',(0.,-1.,6.12323399574E-017)) ;
#4669=DIRECTION('Axis2P3D XDirection',(1.,0.,0.)) ;
#4673=DIRECTION('Vector Direction',(0.,0.,1.)) ;
#4685=DIRECTION('Axis2P3D Direction',(1.,-0.,0.)) ;
#4686=DIRECTION('Axis2P3D XDirection',(0.,1.,-6.12323399574E-017)) ;
#4698=DIRECTION('Axis2P3D Direction',(0.939692620786,0.342020143326,-2.09426936884E-017)) ;
#4699=DIRECTION('Axis2P3D XDirection',(0.342020143326,-0.939692620786,5.75395780114E-017)) ;
#4710=DIRECTION('Axis2P3D Direction',(1.,0.,0.)) ;
#4711=DIRECTION('Axis2P3D XDirection',(0.,-1.,6.12323399574E-017)) ;
#4715=DIRECTION('Vector Direction',(0.,-1.,0.)) ;
#4722=DIRECTION('Vector Direction',(0.,0.,-1.)) ;
#4734=DIRECTION('Axis2P3D Direction',(0.,1.,-6.12323399574E-017)) ;
#4735=DIRECTION('Axis2P3D XDirection',(1.,0.,0.)) ;
#4739=DIRECTION('Vector Direction',(1.,0.,0.)) ;
#4746=DIRECTION('Vector Direction',(0.,0.,-1.)) ;
#4758=DIRECTION('Axis2P3D Direction',(1.,0.,0.)) ;
#4759=DIRECTION('Axis2P3D XDirection',(0.,-1.,6.12323399574E-017)) ;
#4763=DIRECTION('Vector Direction',(0.,-1.,0.)) ;
#4770=DIRECTION('Vector Direction',(0.,0.,-1.)) ;
#4782=DIRECTION('Axis2P3D Direction',(0.,-1.,6.12323399574E-017)) ;
#4783=DIRECTION('Axis2P3D XDirection',(-1.,0.,0.)) ;
#4787=DIRECTION('Vector Direction',(-1.,0.,0.)) ;
#4794=DIRECTION('Vector Direction',(0.,0.,-1.)) ;
#4806=DIRECTION('Axis2P3D Direction',(-1.,0.,-0.)) ;
#4807=DIRECTION('Axis2P3D XDirection',(0.,1.,-6.12323399574E-017)) ;
#4811=DIRECTION('Vector Direction',(0.,1.,0.)) ;
#4818=DIRECTION('Vector Direction',(0.,0.,-1.)) ;
#4830=DIRECTION('Vector Direction',(1.,0.,0.)) ;
#4837=DIRECTION('Vector Direction',(0.,0.,-1.)) ;
#4849=DIRECTION('Axis2P3D Direction',(-1.,0.,-0.)) ;
#4850=DIRECTION('Axis2P3D XDirection',(0.,1.,-6.12323399574E-017)) ;
#4854=DIRECTION('Vector Direction',(0.,1.,0.)) ;
#4866=DIRECTION('Axis2P3D Direction',(0.939692620786,-0.342020143326,2.09426936884E-017)) ;
#4867=DIRECTION('Axis2P3D XDirection',(-0.342020143326,-0.939692620786,5.75395780114E-017)) ;
#4878=DIRECTION('Axis2P3D Direction',(-1.,-0.,0.)) ;
#4879=DIRECTION('Axis2P3D XDirection',(0.,-6.12323399574E-017,-1.)) ;
#4883=DIRECTION('Vector Direction',(0.,1.,0.)) ;
#4890=DIRECTION('Vector Direction',(0.,0.,1.)) ;
#4904=DIRECTION('Vector Direction',(-1.,0.,0.)) ;
#4911=DIRECTION('Vector Direction',(0.,0.,1.)) ;
#4923=DIRECTION('Axis2P3D Direction',(1.,0.,-0.)) ;
#4924=DIRECTION('Axis2P3D XDirection',(0.,6.12323399574E-017,1.)) ;
#4928=DIRECTION('Vector Direction',(0.,1.,0.)) ;
#4942=DIRECTION('Axis2P3D Direction',(-1.,-0.,0.)) ;
#4943=DIRECTION('Axis2P3D XDirection',(0.,-6.12323399574E-017,-1.)) ;
#4947=DIRECTION('Vector Direction',(0.,1.,0.)) ;
#4954=DIRECTION('Vector Direction',(0.,0.,1.)) ;
#4968=DIRECTION('Vector Direction',(-1.,0.,0.)) ;
#4975=DIRECTION('Vector Direction',(0.,0.,1.)) ;
#4987=DIRECTION('Axis2P3D Direction',(1.,0.,-0.)) ;
#4988=DIRECTION('Axis2P3D XDirection',(0.,6.12323399574E-017,1.)) ;
#4992=DIRECTION('Vector Direction',(0.,1.,0.)) ;
#5006=DIRECTION('Axis2P3D Direction',(0.,-6.12323399574E-017,-1.)) ;
#5007=DIRECTION('Axis2P3D XDirection',(1.,0.,0.)) ;
#5018=DIRECTION('Axis2P3D Direction',(0.,6.12323399574E-017,1.)) ;
#5019=DIRECTION('Axis2P3D XDirection',(-1.,0.,0.)) ;
#5053=DIRECTION('Axis2P3D Direction',(-0.,-6.12323399574E-017,-1.)) ;
#5054=DIRECTION('Axis2P3D XDirection',(-1.,0.,0.)) ;
#5058=DIRECTION('Vector Direction',(-1.,0.,0.)) ;
#5067=DIRECTION('Vector Direction',(0.,1.,-9.33696104804E-017)) ;
#5074=DIRECTION('Vector Direction',(-1.,0.,0.)) ;
#5081=DIRECTION('Vector Direction',(0.,1.,-9.33696104804E-017)) ;
#5093=DIRECTION('Axis2P3D Direction',(-0.,6.12323399574E-017,1.)) ;
#5094=DIRECTION('Axis2P3D XDirection',(1.,0.,0.)) ;
#5098=DIRECTION('Vector Direction',(1.,0.,0.)) ;
#5107=DIRECTION('Vector Direction',(0.,1.,-1.04645469183E-016)) ;
#5114=DIRECTION('Vector Direction',(1.,0.,0.)) ;
#5121=DIRECTION('Vector Direction',(0.,1.,-1.04645469183E-016)) ;
#5133=DIRECTION('Axis2P3D Direction',(0.,-1.,6.12323399574E-017)) ;
#5134=DIRECTION('Axis2P3D XDirection',(-1.,0.,0.)) ;
#5138=DIRECTION('Vector Direction',(0.,0.,-1.)) ;
#5145=DIRECTION('Vector Direction',(-1.,0.,0.)) ;
#5152=DIRECTION('Vector Direction',(0.,0.,-1.)) ;
#5164=DIRECTION('Axis2P3D Direction',(0.,1.,-6.12323399574E-017)) ;
#5165=DIRECTION('Axis2P3D XDirection',(1.,0.,0.)) ;
#5169=DIRECTION('Vector Direction',(0.,0.,-1.)) ;
#5176=DIRECTION('Vector Direction',(1.,0.,0.)) ;
#5183=DIRECTION('Vector Direction',(0.,0.,-1.)) ;
#5195=DIRECTION('Axis2P3D Direction',(0.,-1.,6.12323399574E-017)) ;
#5196=DIRECTION('Axis2P3D XDirection',(1.,0.,0.)) ;
#5200=DIRECTION('Vector Direction',(0.,0.,1.)) ;
#5205=DIRECTION('Vector Direction',(0.,0.,-1.)) ;
#5217=DIRECTION('Axis2P3D Direction',(-0.,6.12323399574E-017,1.)) ;
#5218=DIRECTION('Axis2P3D XDirection',(1.,0.,0.)) ;
#5222=DIRECTION('Vector Direction',(0.,-1.,6.12323399574E-017)) ;
#5227=DIRECTION('Vector Direction',(0.,1.,-6.12323399574E-017)) ;
#5239=DIRECTION('Axis2P3D Direction',(1.,0.,0.)) ;
#5240=DIRECTION('Axis2P3D XDirection',(0.,-6.12323399574E-017,-1.)) ;
#5253=DIRECTION('Axis2P3D Direction',(-1.,0.,0.)) ;
#5254=DIRECTION('Axis2P3D XDirection',(0.,6.12323399574E-017,1.)) ;
#5270=DIRECTION('Vector Direction',(-1.,0.,0.)) ;
#5279=DIRECTION('Vector Direction',(0.,1.,-9.33696104804E-017)) ;
#5286=DIRECTION('Vector Direction',(-1.,0.,0.)) ;
#5293=DIRECTION('Vector Direction',(0.,1.,-9.33696104804E-017)) ;
#5305=DIRECTION('Vector Direction',(1.,0.,0.)) ;
#5314=DIRECTION('Vector Direction',(0.,1.,-1.04645469183E-016)) ;
#5321=DIRECTION('Vector Direction',(1.,0.,0.)) ;
#5328=DIRECTION('Vector Direction',(0.,1.,-1.04645469183E-016)) ;
#5340=DIRECTION('Vector Direction',(0.,0.,-1.)) ;
#5347=DIRECTION('Vector Direction',(-1.,0.,0.)) ;
#5354=DIRECTION('Vector Direction',(0.,0.,-1.)) ;
#5366=DIRECTION('Vector Direction',(0.,0.,-1.)) ;
#5373=DIRECTION('Vector Direction',(1.,0.,0.)) ;
#5380=DIRECTION('Vector Direction',(0.,0.,-1.)) ;
#5392=DIRECTION('Vector Direction',(0.,0.,1.)) ;
#5397=DIRECTION('Vector Direction',(0.,0.,-1.)) ;
#5409=DIRECTION('Vector Direction',(0.,-1.,6.12323399574E-017)) ;
#5414=DIRECTION('Vector Direction',(0.,1.,-6.12323399574E-017)) ;
#5426=DIRECTION('Axis2P3D Direction',(1.,0.,0.)) ;
#5427=DIRECTION('Axis2P3D XDirection',(0.,-6.12323399574E-017,-1.)) ;
#5440=DIRECTION('Axis2P3D Direction',(-1.,0.,0.)) ;
#5441=DIRECTION('Axis2P3D XDirection',(0.,6.12323399574E-017,1.)) ;
#5457=DIRECTION('Vector Direction',(-1.,0.,0.)) ;
#5466=DIRECTION('Vector Direction',(0.,1.,-9.33696104804E-017)) ;
#5473=DIRECTION('Vector Direction',(-1.,0.,0.)) ;
#5480=DIRECTION('Vector Direction',(0.,1.,-9.33696104804E-017)) ;
#5492=DIRECTION('Vector Direction',(1.,0.,0.)) ;
#5501=DIRECTION('Vector Direction',(0.,1.,-1.04645469183E-016)) ;
#5508=DIRECTION('Vector Direction',(1.,0.,0.)) ;
#5515=DIRECTION('Vector Direction',(0.,1.,-1.04645469183E-016)) ;
#5527=DIRECTION('Vector Direction',(0.,0.,-1.)) ;
#5534=DIRECTION('Vector Direction',(-1.,0.,0.)) ;
#5541=DIRECTION('Vector Direction',(0.,0.,-1.)) ;
#5553=DIRECTION('Vector Direction',(0.,0.,-1.)) ;
#5560=DIRECTION('Vector Direction',(1.,0.,0.)) ;
#5567=DIRECTION('Vector Direction',(0.,0.,-1.)) ;
#5579=DIRECTION('Vector Direction',(0.,0.,1.)) ;
#5584=DIRECTION('Vector Direction',(0.,0.,-1.)) ;
#5596=DIRECTION('Vector Direction',(0.,-1.,6.12323399574E-017)) ;
#5601=DIRECTION('Vector Direction',(0.,1.,-6.12323399574E-017)) ;
#5613=DIRECTION('Axis2P3D Direction',(1.,0.,0.)) ;
#5614=DIRECTION('Axis2P3D XDirection',(0.,-6.12323399574E-017,-1.)) ;
#5627=DIRECTION('Axis2P3D Direction',(-1.,0.,0.)) ;
#5628=DIRECTION('Axis2P3D XDirection',(0.,6.12323399574E-017,1.)) ;
#5641=DIRECTION('Axis2P3D Direction',(0.,0.,1.)) ;
#5642=DIRECTION('Axis2P3D XDirection',(1.,0.,0.)) ;
#8=PRODUCT_RELATED_PRODUCT_CATEGORY('part',$,(#5)) ;
#7=PRODUCT_CATEGORY('part','specification') ;
#29=STYLED_ITEM(' ',(#28),#21) ;
#5050=STYLED_ITEM(' ',(#5049),#5042) ;
#5267=STYLED_ITEM(' ',(#5049),#5266) ;
#5454=STYLED_ITEM(' ',(#5049),#5453) ;
#28=PRESENTATION_STYLE_ASSIGNMENT((#27)) ;
#5049=PRESENTATION_STYLE_ASSIGNMENT((#5048)) ;
#27=SURFACE_STYLE_USAGE(.BOTH.,#26) ;
#5048=SURFACE_STYLE_USAGE(.BOTH.,#5047) ;
#26=SURFACE_SIDE_STYLE(' ',(#25)) ;
#5047=SURFACE_SIDE_STYLE(' ',(#5046)) ;
#25=SURFACE_STYLE_FILL_AREA(#24) ;
#5046=SURFACE_STYLE_FILL_AREA(#5045) ;
#24=FILL_AREA_STYLE(' ',(#23)) ;
#5045=FILL_AREA_STYLE(' ',(#5044)) ;
#23=FILL_AREA_STYLE_COLOUR(' ',#22) ;
#5044=FILL_AREA_STYLE_COLOUR(' ',#5043) ;
#38=VECTOR('Line Direction',#37,1.) ;
#47=VECTOR('Line Direction',#46,1.) ;
#54=VECTOR('Line Direction',#53,1.) ;
#61=VECTOR('Line Direction',#60,1.) ;
#78=VECTOR('Line Direction',#77,1.) ;
#87=VECTOR('Line Direction',#86,1.) ;
#92=VECTOR('Line Direction',#91,1.) ;
#99=VECTOR('Line Direction',#98,1.) ;
#106=VECTOR('Line Direction',#105,1.) ;
#125=VECTOR('Line Direction',#124,1.) ;
#132=VECTOR('Line Direction',#131,1.) ;
#139=VECTOR('Line Direction',#138,1.) ;
#157=VECTOR('Line Direction',#156,1.) ;
#164=VECTOR('Line Direction',#163,1.) ;
#171=VECTOR('Line Direction',#170,1.) ;
#188=VECTOR('Line Direction',#187,1.) ;
#197=VECTOR('Line Direction',#196,1.) ;
#204=VECTOR('Line Direction',#203,1.) ;
#211=VECTOR('Line Direction',#210,1.) ;
#222=VECTOR('Line Direction',#221,1.) ;
#239=VECTOR('Line Direction',#238,1.) ;
#248=VECTOR('Line Direction',#247,1.) ;
#253=VECTOR('Line Direction',#252,1.) ;
#258=VECTOR('Line Direction',#257,1.) ;
#288=VECTOR('Line Direction',#287,1.) ;
#297=VECTOR('Line Direction',#296,1.) ;
#304=VECTOR('Line Direction',#303,1.) ;
#311=VECTOR('Line Direction',#310,1.) ;
#318=VECTOR('Line Direction',#317,1.) ;
#325=VECTOR('Line Direction',#324,1.) ;
#332=VECTOR('Line Direction',#331,1.) ;
#339=VECTOR('Line Direction',#338,1.) ;
#346=VECTOR('Line Direction',#345,1.) ;
#353=VECTOR('Line Direction',#352,1.) ;
#360=VECTOR('Line Direction',#359,1.) ;
#367=VECTOR('Line Direction',#366,1.) ;
#374=VECTOR('Line Direction',#373,1.) ;
#381=VECTOR('Line Direction',#380,1.) ;
#388=VECTOR('Line Direction',#387,1.) ;
#395=VECTOR('Line Direction',#394,1.) ;
#402=VECTOR('Line Direction',#401,1.) ;
#409=VECTOR('Line Direction',#408,1.) ;
#416=VECTOR('Line Direction',#415,1.) ;
#423=VECTOR('Line Direction',#422,1.) ;
#430=VECTOR('Line Direction',#429,1.) ;
#437=VECTOR('Line Direction',#436,1.) ;
#444=VECTOR('Line Direction',#443,1.) ;
#451=VECTOR('Line Direction',#450,1.) ;
#458=VECTOR('Line Direction',#457,1.) ;
#465=VECTOR('Line Direction',#464,1.) ;
#472=VECTOR('Line Direction',#471,1.) ;
#479=VECTOR('Line Direction',#478,1.) ;
#486=VECTOR('Line Direction',#485,1.) ;
#493=VECTOR('Line Direction',#492,1.) ;
#500=VECTOR('Line Direction',#499,1.) ;
#507=VECTOR('Line Direction',#506,1.) ;
#514=VECTOR('Line Direction',#513,1.) ;
#521=VECTOR('Line Direction',#520,1.) ;
#528=VECTOR('Line Direction',#527,1.) ;
#535=VECTOR('Line Direction',#534,1.) ;
#542=VECTOR('Line Direction',#541,1.) ;
#549=VECTOR('Line Direction',#548,1.) ;
#556=VECTOR('Line Direction',#555,1.) ;
#563=VECTOR('Line Direction',#562,1.) ;
#568=VECTOR('Line Direction',#567,1.) ;
#575=VECTOR('Line Direction',#574,1.) ;
#582=VECTOR('Line Direction',#581,1.) ;
#589=VECTOR('Line Direction',#588,1.) ;
#596=VECTOR('Line Direction',#595,1.) ;
#603=VECTOR('Line Direction',#602,1.) ;
#610=VECTOR('Line Direction',#609,1.) ;
#617=VECTOR('Line Direction',#616,1.) ;
#624=VECTOR('Line Direction',#623,1.) ;
#631=VECTOR('Line Direction',#630,1.) ;
#638=VECTOR('Line Direction',#637,1.) ;
#645=VECTOR('Line Direction',#644,1.) ;
#652=VECTOR('Line Direction',#651,1.) ;
#659=VECTOR('Line Direction',#658,1.) ;
#666=VECTOR('Line Direction',#665,1.) ;
#673=VECTOR('Line Direction',#672,1.) ;
#680=VECTOR('Line Direction',#679,1.) ;
#753=VECTOR('Line Direction',#752,1.) ;
#760=VECTOR('Line Direction',#759,1.) ;
#767=VECTOR('Line Direction',#766,1.) ;
#774=VECTOR('Line Direction',#773,1.) ;
#779=VECTOR('Line Direction',#778,1.) ;
#784=VECTOR('Line Direction',#783,1.) ;
#791=VECTOR('Line Direction',#790,1.) ;
#798=VECTOR('Line Direction',#797,1.) ;
#805=VECTOR('Line Direction',#804,1.) ;
#812=VECTOR('Line Direction',#811,1.) ;
#819=VECTOR('Line Direction',#818,1.) ;
#826=VECTOR('Line Direction',#825,1.) ;
#833=VECTOR('Line Direction',#832,1.) ;
#838=VECTOR('Line Direction',#837,1.) ;
#845=VECTOR('Line Direction',#844,1.) ;
#852=VECTOR('Line Direction',#851,1.) ;
#857=VECTOR('Line Direction',#856,1.) ;
#864=VECTOR('Line Direction',#863,1.) ;
#871=VECTOR('Line Direction',#870,1.) ;
#878=VECTOR('Line Direction',#877,1.) ;
#885=VECTOR('Line Direction',#884,1.) ;
#892=VECTOR('Line Direction',#891,1.) ;
#899=VECTOR('Line Direction',#898,1.) ;
#906=VECTOR('Line Direction',#905,1.) ;
#911=VECTOR('Line Direction',#910,1.) ;
#918=VECTOR('Line Direction',#917,1.) ;
#925=VECTOR('Line Direction',#924,1.) ;
#930=VECTOR('Line Direction',#929,1.) ;
#937=VECTOR('Line Direction',#936,1.) ;
#944=VECTOR('Line Direction',#943,1.) ;
#949=VECTOR('Line Direction',#948,1.) ;
#956=VECTOR('Line Direction',#955,1.) ;
#1023=VECTOR('Line Direction',#1022,1.) ;
#1030=VECTOR('Line Direction',#1029,1.) ;
#1037=VECTOR('Line Direction',#1036,1.) ;
#1054=VECTOR('Line Direction',#1053,1.) ;
#1061=VECTOR('Line Direction',#1060,1.) ;
#1078=VECTOR('Line Direction',#1077,1.) ;
#1085=VECTOR('Line Direction',#1084,1.) ;
#1102=VECTOR('Line Direction',#1101,1.) ;
#1128=VECTOR('Line Direction',#1127,1.) ;
#1133=VECTOR('Line Direction',#1132,1.) ;
#1158=VECTOR('Line Direction',#1157,1.) ;
#1165=VECTOR('Line Direction',#1164,1.) ;
#1182=VECTOR('Line Direction',#1181,1.) ;
#1191=VECTOR('Line Direction',#1190,1.) ;
#1198=VECTOR('Line Direction',#1197,1.) ;
#1205=VECTOR('Line Direction',#1204,1.) ;
#1212=VECTOR('Line Direction',#1211,1.) ;
#1219=VECTOR('Line Direction',#1218,1.) ;
#1224=VECTOR('Line Direction',#1223,1.) ;
#1238=VECTOR('Line Direction',#1237,1.) ;
#1243=VECTOR('Line Direction',#1242,1.) ;
#1250=VECTOR('Line Direction',#1249,1.) ;
#1257=VECTOR('Line Direction',#1256,1.) ;
#1264=VECTOR('Line Direction',#1263,1.) ;
#1271=VECTOR('Line Direction',#1270,1.) ;
#1278=VECTOR('Line Direction',#1277,1.) ;
#1285=VECTOR('Line Direction',#1284,1.) ;
#1290=VECTOR('Line Direction',#1289,1.) ;
#1311=VECTOR('Line Direction',#1310,1.) ;
#1316=VECTOR('Line Direction',#1315,1.) ;
#1323=VECTOR('Line Direction',#1322,1.) ;
#1330=VECTOR('Line Direction',#1329,1.) ;
#1337=VECTOR('Line Direction',#1336,1.) ;
#1344=VECTOR('Line Direction',#1343,1.) ;
#1351=VECTOR('Line Direction',#1350,1.) ;
#1358=VECTOR('Line Direction',#1357,1.) ;
#1363=VECTOR('Line Direction',#1362,1.) ;
#1382=VECTOR('Line Direction',#1381,1.) ;
#1389=VECTOR('Line Direction',#1388,1.) ;
#1396=VECTOR('Line Direction',#1395,1.) ;
#1403=VECTOR('Line Direction',#1402,1.) ;
#1410=VECTOR('Line Direction',#1409,1.) ;
#1417=VECTOR('Line Direction',#1416,1.) ;
#1424=VECTOR('Line Direction',#1423,1.) ;
#1429=VECTOR('Line Direction',#1428,1.) ;
#1443=VECTOR('Line Direction',#1442,1.) ;
#1448=VECTOR('Line Direction',#1447,1.) ;
#1455=VECTOR('Line Direction',#1454,1.) ;
#1462=VECTOR('Line Direction',#1461,1.) ;
#1469=VECTOR('Line Direction',#1468,1.) ;
#1476=VECTOR('Line Direction',#1475,1.) ;
#1483=VECTOR('Line Direction',#1482,1.) ;
#1490=VECTOR('Line Direction',#1489,1.) ;
#1497=VECTOR('Line Direction',#1496,1.) ;
#1504=VECTOR('Line Direction',#1503,1.) ;
#1511=VECTOR('Line Direction',#1510,1.) ;
#1518=VECTOR('Line Direction',#1517,1.) ;
#1591=VECTOR('Line Direction',#1590,1.) ;
#1598=VECTOR('Line Direction',#1597,1.) ;
#1615=VECTOR('Line Direction',#1614,1.) ;
#1622=VECTOR('Line Direction',#1621,1.) ;
#1629=VECTOR('Line Direction',#1628,1.) ;
#1636=VECTOR('Line Direction',#1635,1.) ;
#1643=VECTOR('Line Direction',#1642,1.) ;
#1650=VECTOR('Line Direction',#1649,1.) ;
#1671=VECTOR('Line Direction',#1670,1.) ;
#1688=VECTOR('Line Direction',#1687,1.) ;
#1695=VECTOR('Line Direction',#1694,1.) ;
#1707=VECTOR('Line Direction',#1706,1.) ;
#1731=VECTOR('Line Direction',#1730,1.) ;
#1748=VECTOR('Line Direction',#1747,1.) ;
#1760=VECTOR('Line Direction',#1759,1.) ;
#1767=VECTOR('Line Direction',#1766,1.) ;
#1774=VECTOR('Line Direction',#1773,1.) ;
#1781=VECTOR('Line Direction',#1780,1.) ;
#1800=VECTOR('Line Direction',#1799,1.) ;
#1807=VECTOR('Line Direction',#1806,1.) ;
#1824=VECTOR('Line Direction',#1823,1.) ;
#1831=VECTOR('Line Direction',#1830,1.) ;
#1838=VECTOR('Line Direction',#1837,1.) ;
#1857=VECTOR('Line Direction',#1856,1.) ;
#1864=VECTOR('Line Direction',#1863,1.) ;
#1871=VECTOR('Line Direction',#1870,1.) ;
#1878=VECTOR('Line Direction',#1877,1.) ;
#1892=VECTOR('Line Direction',#1891,1.) ;
#1899=VECTOR('Line Direction',#1898,1.) ;
#1925=VECTOR('Line Direction',#1924,1.) ;
#1939=VECTOR('Line Direction',#1938,1.) ;
#1946=VECTOR('Line Direction',#1945,1.) ;
#1953=VECTOR('Line Direction',#1952,1.) ;
#1967=VECTOR('Line Direction',#1966,1.) ;
#1974=VECTOR('Line Direction',#1973,1.) ;
#1979=VECTOR('Line Direction',#1978,1.) ;
#1984=VECTOR('Line Direction',#1983,1.) ;
#1991=VECTOR('Line Direction',#1990,1.) ;
#2005=VECTOR('Line Direction',#2004,1.) ;
#2012=VECTOR('Line Direction',#2011,1.) ;
#2019=VECTOR('Line Direction',#2018,1.) ;
#2033=VECTOR('Line Direction',#2032,1.) ;
#2068=VECTOR('Line Direction',#2067,1.) ;
#2080=VECTOR('Line Direction',#2079,1.) ;
#2087=VECTOR('Line Direction',#2086,1.) ;
#2104=VECTOR('Line Direction',#2103,1.) ;
#2111=VECTOR('Line Direction',#2110,1.) ;
#2118=VECTOR('Line Direction',#2117,1.) ;
#2125=VECTOR('Line Direction',#2124,1.) ;
#2139=VECTOR('Line Direction',#2138,1.) ;
#2146=VECTOR('Line Direction',#2145,1.) ;
#2164=VECTOR('Line Direction',#2163,1.) ;
#2180=VECTOR('Line Direction',#2179,1.) ;
#2187=VECTOR('Line Direction',#2186,1.) ;
#2194=VECTOR('Line Direction',#2193,1.) ;
#2208=VECTOR('Line Direction',#2207,1.) ;
#2215=VECTOR('Line Direction',#2214,1.) ;
#2222=VECTOR('Line Direction',#2221,1.) ;
#2229=VECTOR('Line Direction',#2228,1.) ;
#2236=VECTOR('Line Direction',#2235,1.) ;
#2250=VECTOR('Line Direction',#2249,1.) ;
#2264=VECTOR('Line Direction',#2263,1.) ;
#2271=VECTOR('Line Direction',#2270,1.) ;
#2278=VECTOR('Line Direction',#2277,1.) ;
#2285=VECTOR('Line Direction',#2284,1.) ;
#2292=VECTOR('Line Direction',#2291,1.) ;
#2306=VECTOR('Line Direction',#2305,1.) ;
#2320=VECTOR('Line Direction',#2319,1.) ;
#2327=VECTOR('Line Direction',#2326,1.) ;
#2334=VECTOR('Line Direction',#2333,1.) ;
#2341=VECTOR('Line Direction',#2340,1.) ;
#2348=VECTOR('Line Direction',#2347,1.) ;
#2362=VECTOR('Line Direction',#2361,1.) ;
#2369=VECTOR('Line Direction',#2368,1.) ;
#2376=VECTOR('Line Direction',#2375,1.) ;
#2390=VECTOR('Line Direction',#2389,1.) ;
#2444=VECTOR('Line Direction',#2443,1.) ;
#2453=VECTOR('Line Direction',#2452,1.) ;
#2460=VECTOR('Line Direction',#2459,1.) ;
#2467=VECTOR('Line Direction',#2466,1.) ;
#2478=VECTOR('Line Direction',#2477,1.) ;
#2487=VECTOR('Line Direction',#2486,1.) ;
#2494=VECTOR('Line Direction',#2493,1.) ;
#2501=VECTOR('Line Direction',#2500,1.) ;
#2518=VECTOR('Line Direction',#2517,1.) ;
#2537=VECTOR('Line Direction',#2536,1.) ;
#2554=VECTOR('Line Direction',#2553,1.) ;
#2566=VECTOR('Line Direction',#2565,1.) ;
#2583=VECTOR('Line Direction',#2582,1.) ;
#2619=VECTOR('Line Direction',#2618,1.) ;
#2624=VECTOR('Line Direction',#2623,1.) ;
#2631=VECTOR('Line Direction',#2630,1.) ;
#2650=VECTOR('Line Direction',#2649,1.) ;
#2657=VECTOR('Line Direction',#2656,1.) ;
#2674=VECTOR('Line Direction',#2673,1.) ;
#2681=VECTOR('Line Direction',#2680,1.) ;
#2686=VECTOR('Line Direction',#2685,1.) ;
#2709=VECTOR('Line Direction',#2708,1.) ;
#2716=VECTOR('Line Direction',#2715,1.) ;
#2721=VECTOR('Line Direction',#2720,1.) ;
#2735=VECTOR('Line Direction',#2734,1.) ;
#2757=VECTOR('Line Direction',#2756,1.) ;
#2781=VECTOR('Line Direction',#2780,1.) ;
#2788=VECTOR('Line Direction',#2787,1.) ;
#2795=VECTOR('Line Direction',#2794,1.) ;
#2802=VECTOR('Line Direction',#2801,1.) ;
#2807=VECTOR('Line Direction',#2806,1.) ;
#2835=VECTOR('Line Direction',#2834,1.) ;
#2852=VECTOR('Line Direction',#2851,1.) ;
#2869=VECTOR('Line Direction',#2868,1.) ;
#2886=VECTOR('Line Direction',#2885,1.) ;
#2903=VECTOR('Line Direction',#2902,1.) ;
#2920=VECTOR('Line Direction',#2919,1.) ;
#2932=VECTOR('Line Direction',#2931,1.) ;
#2949=VECTOR('Line Direction',#2948,1.) ;
#2961=VECTOR('Line Direction',#2960,1.) ;
#2966=VECTOR('Line Direction',#2965,1.) ;
#2978=VECTOR('Line Direction',#2977,1.) ;
#3019=VECTOR('Line Direction',#3018,1.) ;
#3028=VECTOR('Line Direction',#3027,1.) ;
#3035=VECTOR('Line Direction',#3034,1.) ;
#3042=VECTOR('Line Direction',#3041,1.) ;
#3059=VECTOR('Line Direction',#3058,1.) ;
#3068=VECTOR('Line Direction',#3067,1.) ;
#3073=VECTOR('Line Direction',#3072,1.) ;
#3090=VECTOR('Line Direction',#3089,1.) ;
#3095=VECTOR('Line Direction',#3094,1.) ;
#3113=VECTOR('Line Direction',#3112,1.) ;
#3120=VECTOR('Line Direction',#3119,1.) ;
#3127=VECTOR('Line Direction',#3126,1.) ;
#3146=VECTOR('Line Direction',#3145,1.) ;
#3155=VECTOR('Line Direction',#3154,1.) ;
#3162=VECTOR('Line Direction',#3161,1.) ;
#3169=VECTOR('Line Direction',#3168,1.) ;
#3180=VECTOR('Line Direction',#3179,1.) ;
#3197=VECTOR('Line Direction',#3196,1.) ;
#3214=VECTOR('Line Direction',#3213,1.) ;
#3244=VECTOR('Line Direction',#3243,1.) ;
#3249=VECTOR('Line Direction',#3248,1.) ;
#3266=VECTOR('Line Direction',#3265,1.) ;
#3283=VECTOR('Line Direction',#3282,1.) ;
#3307=VECTOR('Line Direction',#3306,1.) ;
#3314=VECTOR('Line Direction',#3313,1.) ;
#3321=VECTOR('Line Direction',#3320,1.) ;
#3338=VECTOR('Line Direction',#3337,1.) ;
#3345=VECTOR('Line Direction',#3344,1.) ;
#3352=VECTOR('Line Direction',#3351,1.) ;
#3371=VECTOR('Line Direction',#3370,1.) ;
#3378=VECTOR('Line Direction',#3377,1.) ;
#3385=VECTOR('Line Direction',#3384,1.) ;
#3392=VECTOR('Line Direction',#3391,1.) ;
#3406=VECTOR('Line Direction',#3405,1.) ;
#3413=VECTOR('Line Direction',#3412,1.) ;
#3430=VECTOR('Line Direction',#3429,1.) ;
#3437=VECTOR('Line Direction',#3436,1.) ;
#3444=VECTOR('Line Direction',#3443,1.) ;
#3470=VECTOR('Line Direction',#3469,1.) ;
#3477=VECTOR('Line Direction',#3476,1.) ;
#3489=VECTOR('Line Direction',#3488,1.) ;
#3513=VECTOR('Line Direction',#3512,1.) ;
#3530=VECTOR('Line Direction',#3529,1.) ;
#3537=VECTOR('Line Direction',#3536,1.) ;
#3554=VECTOR('Line Direction',#3553,1.) ;
#3563=VECTOR('Line Direction',#3562,1.) ;
#3570=VECTOR('Line Direction',#3569,1.) ;
#3577=VECTOR('Line Direction',#3576,1.) ;
#3584=VECTOR('Line Direction',#3583,1.) ;
#3589=VECTOR('Line Direction',#3588,1.) ;
#3610=VECTOR('Line Direction',#3609,1.) ;
#3627=VECTOR('Line Direction',#3626,1.) ;
#3634=VECTOR('Line Direction',#3633,1.) ;
#3646=VECTOR('Line Direction',#3645,1.) ;
#3673=VECTOR('Line Direction',#3672,1.) ;
#3680=VECTOR('Line Direction',#3679,1.) ;
#3687=VECTOR('Line Direction',#3686,1.) ;
#3705=VECTOR('Line Direction',#3704,1.) ;
#3712=VECTOR('Line Direction',#3711,1.) ;
#3719=VECTOR('Line Direction',#3718,1.) ;
#3726=VECTOR('Line Direction',#3725,1.) ;
#3745=VECTOR('Line Direction',#3744,1.) ;
#3757=VECTOR('Line Direction',#3756,1.) ;
#3769=VECTOR('Line Direction',#3768,1.) ;
#3778=VECTOR('Line Direction',#3777,1.) ;
#3785=VECTOR('Line Direction',#3784,1.) ;
#3790=VECTOR('Line Direction',#3789,1.) ;
#3795=VECTOR('Line Direction',#3794,1.) ;
#3823=VECTOR('Line Direction',#3822,1.) ;
#3842=VECTOR('Line Direction',#3841,1.) ;
#3849=VECTOR('Line Direction',#3848,1.) ;
#3863=VECTOR('Line Direction',#3862,1.) ;
#3877=VECTOR('Line Direction',#3876,1.) ;
#3884=VECTOR('Line Direction',#3883,1.) ;
#3906=VECTOR('Line Direction',#3905,1.) ;
#3911=VECTOR('Line Direction',#3910,1.) ;
#3918=VECTOR('Line Direction',#3917,1.) ;
#3937=VECTOR('Line Direction',#3936,1.) ;
#3944=VECTOR('Line Direction',#3943,1.) ;
#3961=VECTOR('Line Direction',#3960,1.) ;
#3966=VECTOR('Line Direction',#3965,1.) ;
#3997=VECTOR('Line Direction',#3996,1.) ;
#4014=VECTOR('Line Direction',#4013,1.) ;
#4026=VECTOR('Line Direction',#4025,1.) ;
#4043=VECTOR('Line Direction',#4042,1.) ;
#4067=VECTOR('Line Direction',#4066,1.) ;
#4081=VECTOR('Line Direction',#4080,1.) ;
#4093=VECTOR('Line Direction',#4092,1.) ;
#4098=VECTOR('Line Direction',#4097,1.) ;
#4115=VECTOR('Line Direction',#4114,1.) ;
#4127=VECTOR('Line Direction',#4126,1.) ;
#4144=VECTOR('Line Direction',#4143,1.) ;
#4156=VECTOR('Line Direction',#4155,1.) ;
#4173=VECTOR('Line Direction',#4172,1.) ;
#4214=VECTOR('Line Direction',#4213,1.) ;
#4226=VECTOR('Line Direction',#4225,1.) ;
#4238=VECTOR('Line Direction',#4237,1.) ;
#4255=VECTOR('Line Direction',#4254,1.) ;
#4262=VECTOR('Line Direction',#4261,1.) ;
#4269=VECTOR('Line Direction',#4268,1.) ;
#4286=VECTOR('Line Direction',#4285,1.) ;
#4293=VECTOR('Line Direction',#4292,1.) ;
#4310=VECTOR('Line Direction',#4309,1.) ;
#4317=VECTOR('Line Direction',#4316,1.) ;
#4334=VECTOR('Line Direction',#4333,1.) ;
#4345=VECTOR('Line Direction',#4344,1.) ;
#4354=VECTOR('Line Direction',#4353,1.) ;
#4361=VECTOR('Line Direction',#4360,1.) ;
#4368=VECTOR('Line Direction',#4367,1.) ;
#4397=VECTOR('Line Direction',#4396,1.) ;
#4414=VECTOR('Line Direction',#4413,1.) ;
#4431=VECTOR('Line Direction',#4430,1.) ;
#4438=VECTOR('Line Direction',#4437,1.) ;
#4457=VECTOR('Line Direction',#4456,1.) ;
#4464=VECTOR('Line Direction',#4463,1.) ;
#4481=VECTOR('Line Direction',#4480,1.) ;
#4486=VECTOR('Line Direction',#4485,1.) ;
#4505=VECTOR('Line Direction',#4504,1.) ;
#4541=VECTOR('Line Direction',#4540,1.) ;
#4548=VECTOR('Line Direction',#4547,1.) ;
#4555=VECTOR('Line Direction',#4554,1.) ;
#4572=VECTOR('Line Direction',#4571,1.) ;
#4579=VECTOR('Line Direction',#4578,1.) ;
#4596=VECTOR('Line Direction',#4595,1.) ;
#4603=VECTOR('Line Direction',#4602,1.) ;
#4620=VECTOR('Line Direction',#4619,1.) ;
#4625=VECTOR('Line Direction',#4624,1.) ;
#4656=VECTOR('Line Direction',#4655,1.) ;
#4674=VECTOR('Line Direction',#4673,1.) ;
#4716=VECTOR('Line Direction',#4715,1.) ;
#4723=VECTOR('Line Direction',#4722,1.) ;
#4740=VECTOR('Line Direction',#4739,1.) ;
#4747=VECTOR('Line Direction',#4746,1.) ;
#4764=VECTOR('Line Direction',#4763,1.) ;
#4771=VECTOR('Line Direction',#4770,1.) ;
#4788=VECTOR('Line Direction',#4787,1.) ;
#4795=VECTOR('Line Direction',#4794,1.) ;
#4812=VECTOR('Line Direction',#4811,1.) ;
#4819=VECTOR('Line Direction',#4818,1.) ;
#4831=VECTOR('Line Direction',#4830,1.) ;
#4838=VECTOR('Line Direction',#4837,1.) ;
#4855=VECTOR('Line Direction',#4854,1.) ;
#4884=VECTOR('Line Direction',#4883,1.) ;
#4891=VECTOR('Line Direction',#4890,1.) ;
#4905=VECTOR('Line Direction',#4904,1.) ;
#4912=VECTOR('Line Direction',#4911,1.) ;
#4929=VECTOR('Line Direction',#4928,1.) ;
#4948=VECTOR('Line Direction',#4947,1.) ;
#4955=VECTOR('Line Direction',#4954,1.) ;
#4969=VECTOR('Line Direction',#4968,1.) ;
#4976=VECTOR('Line Direction',#4975,1.) ;
#4993=VECTOR('Line Direction',#4992,1.) ;
#5059=VECTOR('Line Direction',#5058,1.) ;
#5068=VECTOR('Line Direction',#5067,1.) ;
#5075=VECTOR('Line Direction',#5074,1.) ;
#5082=VECTOR('Line Direction',#5081,1.) ;
#5099=VECTOR('Line Direction',#5098,1.) ;
#5108=VECTOR('Line Direction',#5107,1.) ;
#5115=VECTOR('Line Direction',#5114,1.) ;
#5122=VECTOR('Line Direction',#5121,1.) ;
#5139=VECTOR('Line Direction',#5138,1.) ;
#5146=VECTOR('Line Direction',#5145,1.) ;
#5153=VECTOR('Line Direction',#5152,1.) ;
#5170=VECTOR('Line Direction',#5169,1.) ;
#5177=VECTOR('Line Direction',#5176,1.) ;
#5184=VECTOR('Line Direction',#5183,1.) ;
#5201=VECTOR('Line Direction',#5200,1.) ;
#5206=VECTOR('Line Direction',#5205,1.) ;
#5223=VECTOR('Line Direction',#5222,1.) ;
#5228=VECTOR('Line Direction',#5227,1.) ;
#5271=VECTOR('Line Direction',#5270,1.) ;
#5280=VECTOR('Line Direction',#5279,1.) ;
#5287=VECTOR('Line Direction',#5286,1.) ;
#5294=VECTOR('Line Direction',#5293,1.) ;
#5306=VECTOR('Line Direction',#5305,1.) ;
#5315=VECTOR('Line Direction',#5314,1.) ;
#5322=VECTOR('Line Direction',#5321,1.) ;
#5329=VECTOR('Line Direction',#5328,1.) ;
#5341=VECTOR('Line Direction',#5340,1.) ;
#5348=VECTOR('Line Direction',#5347,1.) ;
#5355=VECTOR('Line Direction',#5354,1.) ;
#5367=VECTOR('Line Direction',#5366,1.) ;
#5374=VECTOR('Line Direction',#5373,1.) ;
#5381=VECTOR('Line Direction',#5380,1.) ;
#5393=VECTOR('Line Direction',#5392,1.) ;
#5398=VECTOR('Line Direction',#5397,1.) ;
#5410=VECTOR('Line Direction',#5409,1.) ;
#5415=VECTOR('Line Direction',#5414,1.) ;
#5458=VECTOR('Line Direction',#5457,1.) ;
#5467=VECTOR('Line Direction',#5466,1.) ;
#5474=VECTOR('Line Direction',#5473,1.) ;
#5481=VECTOR('Line Direction',#5480,1.) ;
#5493=VECTOR('Line Direction',#5492,1.) ;
#5502=VECTOR('Line Direction',#5501,1.) ;
#5509=VECTOR('Line Direction',#5508,1.) ;
#5516=VECTOR('Line Direction',#5515,1.) ;
#5528=VECTOR('Line Direction',#5527,1.) ;
#5535=VECTOR('Line Direction',#5534,1.) ;
#5542=VECTOR('Line Direction',#5541,1.) ;
#5554=VECTOR('Line Direction',#5553,1.) ;
#5561=VECTOR('Line Direction',#5560,1.) ;
#5568=VECTOR('Line Direction',#5567,1.) ;
#5580=VECTOR('Line Direction',#5579,1.) ;
#5585=VECTOR('Line Direction',#5584,1.) ;
#5597=VECTOR('Line Direction',#5596,1.) ;
#5602=VECTOR('Line Direction',#5601,1.) ;
#15=UNCERTAINTY_MEASURE_WITH_UNIT(LENGTH_MEASURE(0.005),#12,'distance_accuracy_value','CONFUSED CURVE UNCERTAINTY') ;
#5041=SHAPE_REPRESENTATION_RELATIONSHIP(' ',' ',#19,#5040) ;
#65=ORIENTED_EDGE('',*,*,#44,.T.) ;
#66=ORIENTED_EDGE('',*,*,#51,.T.) ;
#67=ORIENTED_EDGE('',*,*,#58,.F.) ;
#68=ORIENTED_EDGE('',*,*,#63,.T.) ;
#110=ORIENTED_EDGE('',*,*,#84,.T.) ;
#111=ORIENTED_EDGE('',*,*,#89,.T.) ;
#112=ORIENTED_EDGE('',*,*,#44,.F.) ;
#113=ORIENTED_EDGE('',*,*,#96,.T.) ;
#114=ORIENTED_EDGE('',*,*,#103,.T.) ;
#115=ORIENTED_EDGE('',*,*,#108,.T.) ;
#143=ORIENTED_EDGE('',*,*,#89,.F.) ;
#144=ORIENTED_EDGE('',*,*,#129,.T.) ;
#145=ORIENTED_EDGE('',*,*,#136,.F.) ;
#146=ORIENTED_EDGE('',*,*,#141,.F.) ;
#147=ORIENTED_EDGE('',*,*,#51,.F.) ;
#175=ORIENTED_EDGE('',*,*,#58,.T.) ;
#176=ORIENTED_EDGE('',*,*,#161,.F.) ;
#177=ORIENTED_EDGE('',*,*,#168,.F.) ;
#178=ORIENTED_EDGE('',*,*,#173,.T.) ;
#215=ORIENTED_EDGE('',*,*,#194,.T.) ;
#216=ORIENTED_EDGE('',*,*,#201,.T.) ;
#217=ORIENTED_EDGE('',*,*,#208,.T.) ;
#218=ORIENTED_EDGE('',*,*,#213,.T.) ;
#226=ORIENTED_EDGE('',*,*,#63,.F.) ;
#227=ORIENTED_EDGE('',*,*,#173,.F.) ;
#228=ORIENTED_EDGE('',*,*,#224,.F.) ;
#229=ORIENTED_EDGE('',*,*,#96,.F.) ;
#262=ORIENTED_EDGE('',*,*,#245,.T.) ;
#263=ORIENTED_EDGE('',*,*,#250,.F.) ;
#264=ORIENTED_EDGE('',*,*,#108,.F.) ;
#265=ORIENTED_EDGE('',*,*,#255,.T.) ;
#266=ORIENTED_EDGE('',*,*,#260,.F.) ;
#275=ORIENTED_EDGE('',*,*,#168,.T.) ;
#276=ORIENTED_EDGE('',*,*,#255,.F.) ;
#277=ORIENTED_EDGE('',*,*,#103,.F.) ;
#278=ORIENTED_EDGE('',*,*,#224,.T.) ;
#684=ORIENTED_EDGE('',*,*,#294,.F.) ;
#685=ORIENTED_EDGE('',*,*,#301,.T.) ;
#686=ORIENTED_EDGE('',*,*,#308,.T.) ;
#687=ORIENTED_EDGE('',*,*,#315,.T.) ;
#688=ORIENTED_EDGE('',*,*,#322,.F.) ;
#689=ORIENTED_EDGE('',*,*,#329,.T.) ;
#690=ORIENTED_EDGE('',*,*,#336,.T.) ;
#691=ORIENTED_EDGE('',*,*,#343,.T.) ;
#692=ORIENTED_EDGE('',*,*,#350,.F.) ;
#693=ORIENTED_EDGE('',*,*,#357,.T.) ;
#694=ORIENTED_EDGE('',*,*,#364,.T.) ;
#695=ORIENTED_EDGE('',*,*,#371,.F.) ;
#696=ORIENTED_EDGE('',*,*,#378,.F.) ;
#697=ORIENTED_EDGE('',*,*,#385,.T.) ;
#698=ORIENTED_EDGE('',*,*,#392,.T.) ;
#699=ORIENTED_EDGE('',*,*,#399,.F.) ;
#700=ORIENTED_EDGE('',*,*,#406,.F.) ;
#701=ORIENTED_EDGE('',*,*,#413,.T.) ;
#702=ORIENTED_EDGE('',*,*,#420,.T.) ;
#703=ORIENTED_EDGE('',*,*,#427,.F.) ;
#704=ORIENTED_EDGE('',*,*,#434,.T.) ;
#705=ORIENTED_EDGE('',*,*,#441,.T.) ;
#706=ORIENTED_EDGE('',*,*,#448,.F.) ;
#707=ORIENTED_EDGE('',*,*,#455,.F.) ;
#708=ORIENTED_EDGE('',*,*,#462,.F.) ;
#709=ORIENTED_EDGE('',*,*,#469,.F.) ;
#710=ORIENTED_EDGE('',*,*,#476,.T.) ;
#711=ORIENTED_EDGE('',*,*,#483,.F.) ;
#712=ORIENTED_EDGE('',*,*,#490,.T.) ;
#713=ORIENTED_EDGE('',*,*,#497,.F.) ;
#714=ORIENTED_EDGE('',*,*,#504,.F.) ;
#715=ORIENTED_EDGE('',*,*,#511,.F.) ;
#716=ORIENTED_EDGE('',*,*,#518,.F.) ;
#717=ORIENTED_EDGE('',*,*,#525,.F.) ;
#718=ORIENTED_EDGE('',*,*,#532,.T.) ;
#719=ORIENTED_EDGE('',*,*,#539,.F.) ;
#720=ORIENTED_EDGE('',*,*,#546,.T.) ;
#721=ORIENTED_EDGE('',*,*,#553,.F.) ;
#722=ORIENTED_EDGE('',*,*,#560,.F.) ;
#723=ORIENTED_EDGE('',*,*,#565,.F.) ;
#724=ORIENTED_EDGE('',*,*,#129,.F.) ;
#725=ORIENTED_EDGE('',*,*,#84,.F.) ;
#726=ORIENTED_EDGE('',*,*,#250,.T.) ;
#727=ORIENTED_EDGE('',*,*,#572,.F.) ;
#728=ORIENTED_EDGE('',*,*,#579,.T.) ;
#729=ORIENTED_EDGE('',*,*,#586,.F.) ;
#730=ORIENTED_EDGE('',*,*,#593,.F.) ;
#731=ORIENTED_EDGE('',*,*,#600,.F.) ;
#732=ORIENTED_EDGE('',*,*,#607,.F.) ;
#733=ORIENTED_EDGE('',*,*,#614,.T.) ;
#734=ORIENTED_EDGE('',*,*,#621,.T.) ;
#735=ORIENTED_EDGE('',*,*,#628,.T.) ;
#736=ORIENTED_EDGE('',*,*,#635,.F.) ;
#737=ORIENTED_EDGE('',*,*,#642,.T.) ;
#738=ORIENTED_EDGE('',*,*,#649,.T.) ;
#739=ORIENTED_EDGE('',*,*,#656,.T.) ;
#740=ORIENTED_EDGE('',*,*,#663,.F.) ;
#741=ORIENTED_EDGE('',*,*,#670,.T.) ;
#742=ORIENTED_EDGE('',*,*,#677,.T.) ;
#743=ORIENTED_EDGE('',*,*,#682,.T.) ;
#960=ORIENTED_EDGE('',*,*,#757,.T.) ;
#961=ORIENTED_EDGE('',*,*,#600,.T.) ;
#962=ORIENTED_EDGE('',*,*,#764,.T.) ;
#963=ORIENTED_EDGE('',*,*,#771,.F.) ;
#964=ORIENTED_EDGE('',*,*,#776,.F.) ;
#965=ORIENTED_EDGE('',*,*,#572,.T.) ;
#966=ORIENTED_EDGE('',*,*,#245,.F.) ;
#967=ORIENTED_EDGE('',*,*,#781,.F.) ;
#968=ORIENTED_EDGE('',*,*,#136,.T.) ;
#969=ORIENTED_EDGE('',*,*,#565,.T.) ;
#970=ORIENTED_EDGE('',*,*,#788,.T.) ;
#971=ORIENTED_EDGE('',*,*,#795,.F.) ;
#972=ORIENTED_EDGE('',*,*,#802,.F.) ;
#973=ORIENTED_EDGE('',*,*,#809,.T.) ;
#974=ORIENTED_EDGE('',*,*,#816,.T.) ;
#975=ORIENTED_EDGE('',*,*,#823,.T.) ;
#976=ORIENTED_EDGE('',*,*,#830,.F.) ;
#977=ORIENTED_EDGE('',*,*,#835,.F.) ;
#978=ORIENTED_EDGE('',*,*,#539,.T.) ;
#979=ORIENTED_EDGE('',*,*,#842,.F.) ;
#980=ORIENTED_EDGE('',*,*,#849,.F.) ;
#981=ORIENTED_EDGE('',*,*,#854,.T.) ;
#982=ORIENTED_EDGE('',*,*,#511,.T.) ;
#983=ORIENTED_EDGE('',*,*,#861,.T.) ;
#984=ORIENTED_EDGE('',*,*,#868,.F.) ;
#985=ORIENTED_EDGE('',*,*,#875,.F.) ;
#986=ORIENTED_EDGE('',*,*,#882,.T.) ;
#987=ORIENTED_EDGE('',*,*,#889,.T.) ;
#988=ORIENTED_EDGE('',*,*,#896,.T.) ;
#989=ORIENTED_EDGE('',*,*,#903,.F.) ;
#990=ORIENTED_EDGE('',*,*,#908,.F.) ;
#991=ORIENTED_EDGE('',*,*,#483,.T.) ;
#992=ORIENTED_EDGE('',*,*,#915,.F.) ;
#993=ORIENTED_EDGE('',*,*,#922,.F.) ;
#994=ORIENTED_EDGE('',*,*,#927,.T.) ;
#995=ORIENTED_EDGE('',*,*,#455,.T.) ;
#996=ORIENTED_EDGE('',*,*,#934,.T.) ;
#997=ORIENTED_EDGE('',*,*,#941,.F.) ;
#998=ORIENTED_EDGE('',*,*,#946,.F.) ;
#999=ORIENTED_EDGE('',*,*,#427,.T.) ;
#1000=ORIENTED_EDGE('',*,*,#953,.F.) ;
#1001=ORIENTED_EDGE('',*,*,#958,.F.) ;
#1010=ORIENTED_EDGE('',*,*,#161,.T.) ;
#1011=ORIENTED_EDGE('',*,*,#141,.T.) ;
#1012=ORIENTED_EDGE('',*,*,#781,.T.) ;
#1013=ORIENTED_EDGE('',*,*,#260,.T.) ;
#1041=ORIENTED_EDGE('',*,*,#1027,.F.) ;
#1042=ORIENTED_EDGE('',*,*,#1034,.T.) ;
#1043=ORIENTED_EDGE('',*,*,#1039,.T.) ;
#1044=ORIENTED_EDGE('',*,*,#194,.F.) ;
#1065=ORIENTED_EDGE('',*,*,#1039,.F.) ;
#1066=ORIENTED_EDGE('',*,*,#1058,.T.) ;
#1067=ORIENTED_EDGE('',*,*,#1063,.T.) ;
#1068=ORIENTED_EDGE('',*,*,#201,.F.) ;
#1089=ORIENTED_EDGE('',*,*,#1063,.F.) ;
#1090=ORIENTED_EDGE('',*,*,#1082,.T.) ;
#1091=ORIENTED_EDGE('',*,*,#1087,.T.) ;
#1092=ORIENTED_EDGE('',*,*,#208,.F.) ;
#1106=ORIENTED_EDGE('',*,*,#1087,.F.) ;
#1107=ORIENTED_EDGE('',*,*,#1104,.T.) ;
#1108=ORIENTED_EDGE('',*,*,#1027,.T.) ;
#1109=ORIENTED_EDGE('',*,*,#213,.F.) ;
#1144=ORIENTED_EDGE('',*,*,#1125,.F.) ;
#1145=ORIENTED_EDGE('',*,*,#1130,.F.) ;
#1146=ORIENTED_EDGE('',*,*,#682,.F.) ;
#1147=ORIENTED_EDGE('',*,*,#1137,.T.) ;
#1148=ORIENTED_EDGE('',*,*,#1142,.F.) ;
#1169=ORIENTED_EDGE('',*,*,#677,.F.) ;
#1170=ORIENTED_EDGE('',*,*,#1162,.T.) ;
#1171=ORIENTED_EDGE('',*,*,#1167,.T.) ;
#1172=ORIENTED_EDGE('',*,*,#1137,.F.) ;
#1522=ORIENTED_EDGE('',*,*,#1188,.T.) ;
#1523=ORIENTED_EDGE('',*,*,#1195,.T.) ;
#1524=ORIENTED_EDGE('',*,*,#1202,.F.) ;
#1525=ORIENTED_EDGE('',*,*,#1209,.F.) ;
#1526=ORIENTED_EDGE('',*,*,#1216,.T.) ;
#1527=ORIENTED_EDGE('',*,*,#1221,.F.) ;
#1528=ORIENTED_EDGE('',*,*,#413,.F.) ;
#1529=ORIENTED_EDGE('',*,*,#1228,.T.) ;
#1530=ORIENTED_EDGE('',*,*,#1235,.T.) ;
#1531=ORIENTED_EDGE('',*,*,#1240,.T.) ;
#1532=ORIENTED_EDGE('',*,*,#385,.F.) ;
#1533=ORIENTED_EDGE('',*,*,#1247,.T.) ;
#1534=ORIENTED_EDGE('',*,*,#1254,.T.) ;
#1535=ORIENTED_EDGE('',*,*,#1261,.T.) ;
#1536=ORIENTED_EDGE('',*,*,#1268,.T.) ;
#1537=ORIENTED_EDGE('',*,*,#1275,.T.) ;
#1538=ORIENTED_EDGE('',*,*,#1282,.T.) ;
#1539=ORIENTED_EDGE('',*,*,#1287,.T.) ;
#1540=ORIENTED_EDGE('',*,*,#357,.F.) ;
#1541=ORIENTED_EDGE('',*,*,#1294,.T.) ;
#1542=ORIENTED_EDGE('',*,*,#1301,.F.) ;
#1543=ORIENTED_EDGE('',*,*,#1308,.F.) ;
#1544=ORIENTED_EDGE('',*,*,#1313,.F.) ;
#1545=ORIENTED_EDGE('',*,*,#329,.F.) ;
#1546=ORIENTED_EDGE('',*,*,#1320,.F.) ;
#1547=ORIENTED_EDGE('',*,*,#1327,.F.) ;
#1548=ORIENTED_EDGE('',*,*,#1334,.F.) ;
#1549=ORIENTED_EDGE('',*,*,#1341,.F.) ;
#1550=ORIENTED_EDGE('',*,*,#1348,.F.) ;
#1551=ORIENTED_EDGE('',*,*,#1355,.F.) ;
#1552=ORIENTED_EDGE('',*,*,#1360,.F.) ;
#1553=ORIENTED_EDGE('',*,*,#301,.F.) ;
#1554=ORIENTED_EDGE('',*,*,#1367,.F.) ;
#1555=ORIENTED_EDGE('',*,*,#1374,.F.) ;
#1556=ORIENTED_EDGE('',*,*,#1379,.F.) ;
#1557=ORIENTED_EDGE('',*,*,#1162,.F.) ;
#1558=ORIENTED_EDGE('',*,*,#670,.F.) ;
#1559=ORIENTED_EDGE('',*,*,#1386,.F.) ;
#1560=ORIENTED_EDGE('',*,*,#1393,.F.) ;
#1561=ORIENTED_EDGE('',*,*,#1400,.F.) ;
#1562=ORIENTED_EDGE('',*,*,#1407,.F.) ;
#1563=ORIENTED_EDGE('',*,*,#1414,.F.) ;
#1564=ORIENTED_EDGE('',*,*,#1421,.F.) ;
#1565=ORIENTED_EDGE('',*,*,#1426,.F.) ;
#1566=ORIENTED_EDGE('',*,*,#642,.F.) ;
#1567=ORIENTED_EDGE('',*,*,#1433,.F.) ;
#1568=ORIENTED_EDGE('',*,*,#1440,.F.) ;
#1569=ORIENTED_EDGE('',*,*,#1445,.F.) ;
#1570=ORIENTED_EDGE('',*,*,#614,.F.) ;
#1571=ORIENTED_EDGE('',*,*,#1452,.T.) ;
#1572=ORIENTED_EDGE('',*,*,#1459,.T.) ;
#1573=ORIENTED_EDGE('',*,*,#1466,.T.) ;
#1574=ORIENTED_EDGE('',*,*,#1473,.T.) ;
#1575=ORIENTED_EDGE('',*,*,#1480,.F.) ;
#1576=ORIENTED_EDGE('',*,*,#1487,.T.) ;
#1577=ORIENTED_EDGE('',*,*,#1494,.T.) ;
#1578=ORIENTED_EDGE('',*,*,#1501,.T.) ;
#1579=ORIENTED_EDGE('',*,*,#1508,.T.) ;
#1580=ORIENTED_EDGE('',*,*,#1515,.F.) ;
#1581=ORIENTED_EDGE('',*,*,#1520,.T.) ;
#1602=ORIENTED_EDGE('',*,*,#1595,.T.) ;
#1603=ORIENTED_EDGE('',*,*,#1600,.F.) ;
#1604=ORIENTED_EDGE('',*,*,#1386,.T.) ;
#1605=ORIENTED_EDGE('',*,*,#663,.T.) ;
#1654=ORIENTED_EDGE('',*,*,#1595,.F.) ;
#1655=ORIENTED_EDGE('',*,*,#656,.F.) ;
#1656=ORIENTED_EDGE('',*,*,#1619,.F.) ;
#1657=ORIENTED_EDGE('',*,*,#1626,.F.) ;
#1658=ORIENTED_EDGE('',*,*,#1633,.F.) ;
#1659=ORIENTED_EDGE('',*,*,#1640,.F.) ;
#1660=ORIENTED_EDGE('',*,*,#1647,.F.) ;
#1661=ORIENTED_EDGE('',*,*,#1652,.F.) ;
#1675=ORIENTED_EDGE('',*,*,#1619,.T.) ;
#1676=ORIENTED_EDGE('',*,*,#649,.F.) ;
#1677=ORIENTED_EDGE('',*,*,#1426,.T.) ;
#1678=ORIENTED_EDGE('',*,*,#1673,.T.) ;
#1699=ORIENTED_EDGE('',*,*,#1692,.T.) ;
#1700=ORIENTED_EDGE('',*,*,#1697,.F.) ;
#1701=ORIENTED_EDGE('',*,*,#1433,.T.) ;
#1702=ORIENTED_EDGE('',*,*,#635,.T.) ;
#1718=ORIENTED_EDGE('',*,*,#628,.F.) ;
#1719=ORIENTED_EDGE('',*,*,#1711,.T.) ;
#1720=ORIENTED_EDGE('',*,*,#1716,.F.) ;
#1721=ORIENTED_EDGE('',*,*,#1692,.F.) ;
#1735=ORIENTED_EDGE('',*,*,#621,.F.) ;
#1736=ORIENTED_EDGE('',*,*,#1445,.T.) ;
#1737=ORIENTED_EDGE('',*,*,#1733,.T.) ;
#1738=ORIENTED_EDGE('',*,*,#1711,.F.) ;
#1752=ORIENTED_EDGE('',*,*,#1452,.F.) ;
#1753=ORIENTED_EDGE('',*,*,#607,.T.) ;
#1754=ORIENTED_EDGE('',*,*,#757,.F.) ;
#1755=ORIENTED_EDGE('',*,*,#1750,.T.) ;
#1785=ORIENTED_EDGE('',*,*,#593,.T.) ;
#1786=ORIENTED_EDGE('',*,*,#1764,.T.) ;
#1787=ORIENTED_EDGE('',*,*,#1771,.F.) ;
#1788=ORIENTED_EDGE('',*,*,#1778,.T.) ;
#1789=ORIENTED_EDGE('',*,*,#1783,.F.) ;
#1790=ORIENTED_EDGE('',*,*,#764,.F.) ;
#1811=ORIENTED_EDGE('',*,*,#1804,.T.) ;
#1812=ORIENTED_EDGE('',*,*,#1764,.F.) ;
#1813=ORIENTED_EDGE('',*,*,#586,.T.) ;
#1814=ORIENTED_EDGE('',*,*,#1809,.T.) ;
#1842=ORIENTED_EDGE('',*,*,#776,.T.) ;
#1843=ORIENTED_EDGE('',*,*,#1828,.T.) ;
#1844=ORIENTED_EDGE('',*,*,#1835,.T.) ;
#1845=ORIENTED_EDGE('',*,*,#1840,.T.) ;
#1846=ORIENTED_EDGE('',*,*,#1809,.F.) ;
#1847=ORIENTED_EDGE('',*,*,#579,.F.) ;
#1882=ORIENTED_EDGE('',*,*,#788,.F.) ;
#1883=ORIENTED_EDGE('',*,*,#560,.T.) ;
#1884=ORIENTED_EDGE('',*,*,#1861,.T.) ;
#1885=ORIENTED_EDGE('',*,*,#1868,.T.) ;
#1886=ORIENTED_EDGE('',*,*,#1875,.F.) ;
#1887=ORIENTED_EDGE('',*,*,#1880,.F.) ;
#1903=ORIENTED_EDGE('',*,*,#1896,.T.) ;
#1904=ORIENTED_EDGE('',*,*,#1861,.F.) ;
#1905=ORIENTED_EDGE('',*,*,#553,.T.) ;
#1906=ORIENTED_EDGE('',*,*,#1901,.T.) ;
#2037=ORIENTED_EDGE('',*,*,#1922,.F.) ;
#2038=ORIENTED_EDGE('',*,*,#1929,.F.) ;
#2039=ORIENTED_EDGE('',*,*,#1936,.F.) ;
#2040=ORIENTED_EDGE('',*,*,#1943,.F.) ;
#2041=ORIENTED_EDGE('',*,*,#1950,.F.) ;
#2042=ORIENTED_EDGE('',*,*,#1957,.F.) ;
#2043=ORIENTED_EDGE('',*,*,#1964,.F.) ;
#2044=ORIENTED_EDGE('',*,*,#1971,.F.) ;
#2045=ORIENTED_EDGE('',*,*,#1976,.F.) ;
#2046=ORIENTED_EDGE('',*,*,#1459,.F.) ;
#2047=ORIENTED_EDGE('',*,*,#1750,.F.) ;
#2048=ORIENTED_EDGE('',*,*,#958,.T.) ;
#2049=ORIENTED_EDGE('',*,*,#1981,.T.) ;
#2050=ORIENTED_EDGE('',*,*,#1216,.F.) ;
#2051=ORIENTED_EDGE('',*,*,#1988,.T.) ;
#2052=ORIENTED_EDGE('',*,*,#1995,.F.) ;
#2053=ORIENTED_EDGE('',*,*,#2002,.F.) ;
#2054=ORIENTED_EDGE('',*,*,#2009,.F.) ;
#2055=ORIENTED_EDGE('',*,*,#2016,.F.) ;
#2056=ORIENTED_EDGE('',*,*,#2023,.F.) ;
#2057=ORIENTED_EDGE('',*,*,#2030,.F.) ;
#2058=ORIENTED_EDGE('',*,*,#2035,.F.) ;
#2072=ORIENTED_EDGE('',*,*,#771,.T.) ;
#2073=ORIENTED_EDGE('',*,*,#1783,.T.) ;
#2074=ORIENTED_EDGE('',*,*,#2070,.F.) ;
#2075=ORIENTED_EDGE('',*,*,#1828,.F.) ;
#2091=ORIENTED_EDGE('',*,*,#795,.T.) ;
#2092=ORIENTED_EDGE('',*,*,#1880,.T.) ;
#2093=ORIENTED_EDGE('',*,*,#2084,.F.) ;
#2094=ORIENTED_EDGE('',*,*,#2089,.F.) ;
#2129=ORIENTED_EDGE('',*,*,#802,.T.) ;
#2130=ORIENTED_EDGE('',*,*,#2089,.T.) ;
#2131=ORIENTED_EDGE('',*,*,#2108,.T.) ;
#2132=ORIENTED_EDGE('',*,*,#2115,.T.) ;
#2133=ORIENTED_EDGE('',*,*,#2122,.F.) ;
#2134=ORIENTED_EDGE('',*,*,#2127,.F.) ;
#2150=ORIENTED_EDGE('',*,*,#2143,.F.) ;
#2151=ORIENTED_EDGE('',*,*,#816,.F.) ;
#2152=ORIENTED_EDGE('',*,*,#809,.F.) ;
#2153=ORIENTED_EDGE('',*,*,#2127,.T.) ;
#2154=ORIENTED_EDGE('',*,*,#2148,.F.) ;
#2401=ORIENTED_EDGE('',*,*,#2170,.F.) ;
#2402=ORIENTED_EDGE('',*,*,#2177,.F.) ;
#2403=ORIENTED_EDGE('',*,*,#2184,.F.) ;
#2404=ORIENTED_EDGE('',*,*,#2191,.F.) ;
#2405=ORIENTED_EDGE('',*,*,#2198,.T.) ;
#2406=ORIENTED_EDGE('',*,*,#2205,.T.) ;
#2407=ORIENTED_EDGE('',*,*,#2212,.T.) ;
#2408=ORIENTED_EDGE('',*,*,#2219,.T.) ;
#2409=ORIENTED_EDGE('',*,*,#2226,.F.) ;
#2410=ORIENTED_EDGE('',*,*,#2233,.T.) ;
#2411=ORIENTED_EDGE('',*,*,#2240,.F.) ;
#2412=ORIENTED_EDGE('',*,*,#2247,.T.) ;
#2413=ORIENTED_EDGE('',*,*,#2254,.T.) ;
#2414=ORIENTED_EDGE('',*,*,#2261,.T.) ;
#2415=ORIENTED_EDGE('',*,*,#2268,.T.) ;
#2416=ORIENTED_EDGE('',*,*,#2275,.F.) ;
#2417=ORIENTED_EDGE('',*,*,#2282,.F.) ;
#2418=ORIENTED_EDGE('',*,*,#2289,.F.) ;
#2419=ORIENTED_EDGE('',*,*,#2296,.F.) ;
#2420=ORIENTED_EDGE('',*,*,#2303,.T.) ;
#2421=ORIENTED_EDGE('',*,*,#2310,.T.) ;
#2422=ORIENTED_EDGE('',*,*,#2317,.T.) ;
#2423=ORIENTED_EDGE('',*,*,#2324,.T.) ;
#2424=ORIENTED_EDGE('',*,*,#2331,.F.) ;
#2425=ORIENTED_EDGE('',*,*,#2338,.F.) ;
#2426=ORIENTED_EDGE('',*,*,#2345,.F.) ;
#2427=ORIENTED_EDGE('',*,*,#2352,.F.) ;
#2428=ORIENTED_EDGE('',*,*,#2359,.T.) ;
#2429=ORIENTED_EDGE('',*,*,#2366,.T.) ;
#2430=ORIENTED_EDGE('',*,*,#2373,.T.) ;
#2431=ORIENTED_EDGE('',*,*,#2380,.F.) ;
#2432=ORIENTED_EDGE('',*,*,#2387,.F.) ;
#2433=ORIENTED_EDGE('',*,*,#2394,.F.) ;
#2434=ORIENTED_EDGE('',*,*,#2399,.F.) ;
#2437=ORIENTED_EDGE('',*,*,#1104,.F.) ;
#2438=ORIENTED_EDGE('',*,*,#1082,.F.) ;
#2439=ORIENTED_EDGE('',*,*,#1058,.F.) ;
#2440=ORIENTED_EDGE('',*,*,#1034,.F.) ;
#2471=ORIENTED_EDGE('',*,*,#2450,.F.) ;
#2472=ORIENTED_EDGE('',*,*,#2457,.F.) ;
#2473=ORIENTED_EDGE('',*,*,#2464,.F.) ;
#2474=ORIENTED_EDGE('',*,*,#2469,.F.) ;
#2505=ORIENTED_EDGE('',*,*,#2484,.F.) ;
#2506=ORIENTED_EDGE('',*,*,#2491,.F.) ;
#2507=ORIENTED_EDGE('',*,*,#2498,.F.) ;
#2508=ORIENTED_EDGE('',*,*,#2503,.F.) ;
#2522=ORIENTED_EDGE('',*,*,#1374,.T.) ;
#2523=ORIENTED_EDGE('',*,*,#2520,.T.) ;
#2524=ORIENTED_EDGE('',*,*,#1125,.T.) ;
#2525=ORIENTED_EDGE('',*,*,#1142,.T.) ;
#2526=ORIENTED_EDGE('',*,*,#1167,.F.) ;
#2527=ORIENTED_EDGE('',*,*,#1379,.T.) ;
#2541=ORIENTED_EDGE('',*,*,#1652,.T.) ;
#2542=ORIENTED_EDGE('',*,*,#2539,.F.) ;
#2543=ORIENTED_EDGE('',*,*,#1393,.T.) ;
#2544=ORIENTED_EDGE('',*,*,#1600,.T.) ;
#2558=ORIENTED_EDGE('',*,*,#1647,.T.) ;
#2559=ORIENTED_EDGE('',*,*,#2556,.F.) ;
#2560=ORIENTED_EDGE('',*,*,#1400,.T.) ;
#2561=ORIENTED_EDGE('',*,*,#2539,.T.) ;
#2570=ORIENTED_EDGE('',*,*,#1640,.T.) ;
#2571=ORIENTED_EDGE('',*,*,#2568,.F.) ;
#2572=ORIENTED_EDGE('',*,*,#1407,.T.) ;
#2573=ORIENTED_EDGE('',*,*,#2556,.T.) ;
#2587=ORIENTED_EDGE('',*,*,#1633,.T.) ;
#2588=ORIENTED_EDGE('',*,*,#2585,.F.) ;
#2589=ORIENTED_EDGE('',*,*,#1414,.T.) ;
#2590=ORIENTED_EDGE('',*,*,#2568,.T.) ;
#2594=ORIENTED_EDGE('',*,*,#1626,.T.) ;
#2595=ORIENTED_EDGE('',*,*,#1673,.F.) ;
#2596=ORIENTED_EDGE('',*,*,#1421,.T.) ;
#2597=ORIENTED_EDGE('',*,*,#2585,.T.) ;
#2606=ORIENTED_EDGE('',*,*,#1716,.T.) ;
#2607=ORIENTED_EDGE('',*,*,#1733,.F.) ;
#2608=ORIENTED_EDGE('',*,*,#1440,.T.) ;
#2609=ORIENTED_EDGE('',*,*,#1697,.T.) ;
#2635=ORIENTED_EDGE('',*,*,#1976,.T.) ;
#2636=ORIENTED_EDGE('',*,*,#2621,.T.) ;
#2637=ORIENTED_EDGE('',*,*,#2345,.T.) ;
#2638=ORIENTED_EDGE('',*,*,#2628,.F.) ;
#2639=ORIENTED_EDGE('',*,*,#2633,.F.) ;
#2640=ORIENTED_EDGE('',*,*,#1466,.F.) ;
#2661=ORIENTED_EDGE('',*,*,#2654,.T.) ;
#2662=ORIENTED_EDGE('',*,*,#1473,.F.) ;
#2663=ORIENTED_EDGE('',*,*,#2633,.T.) ;
#2664=ORIENTED_EDGE('',*,*,#2659,.T.) ;
#2690=ORIENTED_EDGE('',*,*,#2678,.F.) ;
#2691=ORIENTED_EDGE('',*,*,#2683,.T.) ;
#2692=ORIENTED_EDGE('',*,*,#1480,.T.) ;
#2693=ORIENTED_EDGE('',*,*,#2654,.F.) ;
#2694=ORIENTED_EDGE('',*,*,#2688,.T.) ;
#2695=ORIENTED_EDGE('',*,*,#2331,.T.) ;
#2739=ORIENTED_EDGE('',*,*,#2706,.F.) ;
#2740=ORIENTED_EDGE('',*,*,#2713,.F.) ;
#2741=ORIENTED_EDGE('',*,*,#2718,.F.) ;
#2742=ORIENTED_EDGE('',*,*,#1494,.F.) ;
#2743=ORIENTED_EDGE('',*,*,#1487,.F.) ;
#2744=ORIENTED_EDGE('',*,*,#2683,.F.) ;
#2745=ORIENTED_EDGE('',*,*,#2725,.F.) ;
#2746=ORIENTED_EDGE('',*,*,#2732,.F.) ;
#2747=ORIENTED_EDGE('',*,*,#2737,.F.) ;
#2761=ORIENTED_EDGE('',*,*,#1771,.T.) ;
#2762=ORIENTED_EDGE('',*,*,#1804,.F.) ;
#2763=ORIENTED_EDGE('',*,*,#1840,.F.) ;
#2764=ORIENTED_EDGE('',*,*,#2759,.F.) ;
#2773=ORIENTED_EDGE('',*,*,#1835,.F.) ;
#2774=ORIENTED_EDGE('',*,*,#2070,.T.) ;
#2775=ORIENTED_EDGE('',*,*,#1778,.F.) ;
#2776=ORIENTED_EDGE('',*,*,#2759,.T.) ;
#2811=ORIENTED_EDGE('',*,*,#2785,.F.) ;
#2812=ORIENTED_EDGE('',*,*,#2792,.F.) ;
#2813=ORIENTED_EDGE('',*,*,#2799,.F.) ;
#2814=ORIENTED_EDGE('',*,*,#2804,.F.) ;
#2815=ORIENTED_EDGE('',*,*,#2115,.F.) ;
#2816=ORIENTED_EDGE('',*,*,#2809,.F.) ;
#2817=ORIENTED_EDGE('',*,*,#1868,.F.) ;
#2818=ORIENTED_EDGE('',*,*,#1896,.F.) ;
#2822=ORIENTED_EDGE('',*,*,#2108,.F.) ;
#2823=ORIENTED_EDGE('',*,*,#2084,.T.) ;
#2824=ORIENTED_EDGE('',*,*,#1875,.T.) ;
#2825=ORIENTED_EDGE('',*,*,#2809,.T.) ;
#2839=ORIENTED_EDGE('',*,*,#2352,.T.) ;
#2840=ORIENTED_EDGE('',*,*,#2621,.F.) ;
#2841=ORIENTED_EDGE('',*,*,#1971,.T.) ;
#2842=ORIENTED_EDGE('',*,*,#2837,.T.) ;
#2856=ORIENTED_EDGE('',*,*,#2359,.F.) ;
#2857=ORIENTED_EDGE('',*,*,#2837,.F.) ;
#2858=ORIENTED_EDGE('',*,*,#1964,.T.) ;
#2859=ORIENTED_EDGE('',*,*,#2854,.T.) ;
#2873=ORIENTED_EDGE('',*,*,#2854,.F.) ;
#2874=ORIENTED_EDGE('',*,*,#1957,.T.) ;
#2875=ORIENTED_EDGE('',*,*,#2871,.T.) ;
#2876=ORIENTED_EDGE('',*,*,#2366,.F.) ;
#2890=ORIENTED_EDGE('',*,*,#2871,.F.) ;
#2891=ORIENTED_EDGE('',*,*,#1950,.T.) ;
#2892=ORIENTED_EDGE('',*,*,#2888,.T.) ;
#2893=ORIENTED_EDGE('',*,*,#2373,.F.) ;
#2907=ORIENTED_EDGE('',*,*,#2380,.T.) ;
#2908=ORIENTED_EDGE('',*,*,#2888,.F.) ;
#2909=ORIENTED_EDGE('',*,*,#1943,.T.) ;
#2910=ORIENTED_EDGE('',*,*,#2905,.T.) ;
#2924=ORIENTED_EDGE('',*,*,#2905,.F.) ;
#2925=ORIENTED_EDGE('',*,*,#1936,.T.) ;
#2926=ORIENTED_EDGE('',*,*,#2922,.T.) ;
#2927=ORIENTED_EDGE('',*,*,#2387,.T.) ;
#2936=ORIENTED_EDGE('',*,*,#2394,.T.) ;
#2937=ORIENTED_EDGE('',*,*,#2922,.F.) ;
#2938=ORIENTED_EDGE('',*,*,#1929,.T.) ;
#2939=ORIENTED_EDGE('',*,*,#2934,.T.) ;
#2953=ORIENTED_EDGE('',*,*,#2148,.T.) ;
#2954=ORIENTED_EDGE('',*,*,#2122,.T.) ;
#2955=ORIENTED_EDGE('',*,*,#2804,.T.) ;
#2956=ORIENTED_EDGE('',*,*,#2951,.F.) ;
#2970=ORIENTED_EDGE('',*,*,#2737,.T.) ;
#2971=ORIENTED_EDGE('',*,*,#2963,.T.) ;
#2972=ORIENTED_EDGE('',*,*,#2310,.F.) ;
#2973=ORIENTED_EDGE('',*,*,#2968,.F.) ;
#2982=ORIENTED_EDGE('',*,*,#2317,.F.) ;
#2983=ORIENTED_EDGE('',*,*,#2963,.F.) ;
#2984=ORIENTED_EDGE('',*,*,#2732,.T.) ;
#2985=ORIENTED_EDGE('',*,*,#2980,.T.) ;
#2994=ORIENTED_EDGE('',*,*,#2980,.F.) ;
#2995=ORIENTED_EDGE('',*,*,#2725,.T.) ;
#2996=ORIENTED_EDGE('',*,*,#2678,.T.) ;
#2997=ORIENTED_EDGE('',*,*,#2324,.F.) ;
#3006=ORIENTED_EDGE('',*,*,#2659,.F.) ;
#3007=ORIENTED_EDGE('',*,*,#2628,.T.) ;
#3008=ORIENTED_EDGE('',*,*,#2338,.T.) ;
#3009=ORIENTED_EDGE('',*,*,#2688,.F.) ;
#3046=ORIENTED_EDGE('',*,*,#3025,.T.) ;
#3047=ORIENTED_EDGE('',*,*,#3032,.F.) ;
#3048=ORIENTED_EDGE('',*,*,#3039,.F.) ;
#3049=ORIENTED_EDGE('',*,*,#3044,.T.) ;
#3077=ORIENTED_EDGE('',*,*,#3065,.T.) ;
#3078=ORIENTED_EDGE('',*,*,#3070,.F.) ;
#3079=ORIENTED_EDGE('',*,*,#3025,.F.) ;
#3080=ORIENTED_EDGE('',*,*,#3075,.T.) ;
#3099=ORIENTED_EDGE('',*,*,#915,.T.) ;
#3100=ORIENTED_EDGE('',*,*,#476,.F.) ;
#3101=ORIENTED_EDGE('',*,*,#3092,.T.) ;
#3102=ORIENTED_EDGE('',*,*,#3032,.T.) ;
#3103=ORIENTED_EDGE('',*,*,#3097,.F.) ;
#3131=ORIENTED_EDGE('',*,*,#469,.T.) ;
#3132=ORIENTED_EDGE('',*,*,#3117,.F.) ;
#3133=ORIENTED_EDGE('',*,*,#3124,.F.) ;
#3134=ORIENTED_EDGE('',*,*,#3129,.T.) ;
#3135=ORIENTED_EDGE('',*,*,#3039,.T.) ;
#3136=ORIENTED_EDGE('',*,*,#3092,.F.) ;
#3173=ORIENTED_EDGE('',*,*,#3152,.T.) ;
#3174=ORIENTED_EDGE('',*,*,#3159,.T.) ;
#3175=ORIENTED_EDGE('',*,*,#3166,.T.) ;
#3176=ORIENTED_EDGE('',*,*,#3171,.T.) ;
#3184=ORIENTED_EDGE('',*,*,#3182,.F.) ;
#3185=ORIENTED_EDGE('',*,*,#3075,.F.) ;
#3186=ORIENTED_EDGE('',*,*,#3044,.F.) ;
#3187=ORIENTED_EDGE('',*,*,#3129,.F.) ;
#3201=ORIENTED_EDGE('',*,*,#3124,.T.) ;
#3202=ORIENTED_EDGE('',*,*,#3199,.T.) ;
#3203=ORIENTED_EDGE('',*,*,#3065,.F.) ;
#3204=ORIENTED_EDGE('',*,*,#3182,.T.) ;
#3218=ORIENTED_EDGE('',*,*,#3070,.T.) ;
#3219=ORIENTED_EDGE('',*,*,#3216,.T.) ;
#3220=ORIENTED_EDGE('',*,*,#922,.T.) ;
#3221=ORIENTED_EDGE('',*,*,#3097,.T.) ;
#3230=ORIENTED_EDGE('',*,*,#3216,.F.) ;
#3231=ORIENTED_EDGE('',*,*,#3199,.F.) ;
#3232=ORIENTED_EDGE('',*,*,#3117,.T.) ;
#3233=ORIENTED_EDGE('',*,*,#462,.T.) ;
#3234=ORIENTED_EDGE('',*,*,#927,.F.) ;
#3253=ORIENTED_EDGE('',*,*,#3246,.F.) ;
#3254=ORIENTED_EDGE('',*,*,#2484,.T.) ;
#3255=ORIENTED_EDGE('',*,*,#3251,.T.) ;
#3256=ORIENTED_EDGE('',*,*,#3152,.F.) ;
#3270=ORIENTED_EDGE('',*,*,#3251,.F.) ;
#3271=ORIENTED_EDGE('',*,*,#2503,.T.) ;
#3272=ORIENTED_EDGE('',*,*,#3268,.T.) ;
#3273=ORIENTED_EDGE('',*,*,#3159,.F.) ;
#3287=ORIENTED_EDGE('',*,*,#3268,.F.) ;
#3288=ORIENTED_EDGE('',*,*,#2498,.T.) ;
#3289=ORIENTED_EDGE('',*,*,#3285,.T.) ;
#3290=ORIENTED_EDGE('',*,*,#3166,.F.) ;
#3299=ORIENTED_EDGE('',*,*,#3285,.F.) ;
#3300=ORIENTED_EDGE('',*,*,#2491,.T.) ;
#3301=ORIENTED_EDGE('',*,*,#3246,.T.) ;
#3302=ORIENTED_EDGE('',*,*,#3171,.F.) ;
#3325=ORIENTED_EDGE('',*,*,#497,.T.) ;
#3326=ORIENTED_EDGE('',*,*,#3311,.T.) ;
#3327=ORIENTED_EDGE('',*,*,#3318,.T.) ;
#3328=ORIENTED_EDGE('',*,*,#3323,.F.) ;
#3356=ORIENTED_EDGE('',*,*,#3342,.T.) ;
#3357=ORIENTED_EDGE('',*,*,#3349,.T.) ;
#3358=ORIENTED_EDGE('',*,*,#3354,.F.) ;
#3359=ORIENTED_EDGE('',*,*,#3311,.F.) ;
#3360=ORIENTED_EDGE('',*,*,#490,.F.) ;
#3361=ORIENTED_EDGE('',*,*,#908,.T.) ;
#3396=ORIENTED_EDGE('',*,*,#448,.T.) ;
#3397=ORIENTED_EDGE('',*,*,#3375,.T.) ;
#3398=ORIENTED_EDGE('',*,*,#3382,.F.) ;
#3399=ORIENTED_EDGE('',*,*,#3389,.F.) ;
#3400=ORIENTED_EDGE('',*,*,#3394,.F.) ;
#3401=ORIENTED_EDGE('',*,*,#934,.F.) ;
#3417=ORIENTED_EDGE('',*,*,#3375,.F.) ;
#3418=ORIENTED_EDGE('',*,*,#441,.F.) ;
#3419=ORIENTED_EDGE('',*,*,#3410,.T.) ;
#3420=ORIENTED_EDGE('',*,*,#3415,.F.) ;
#3448=ORIENTED_EDGE('',*,*,#946,.T.) ;
#3449=ORIENTED_EDGE('',*,*,#3434,.T.) ;
#3450=ORIENTED_EDGE('',*,*,#3441,.F.) ;
#3451=ORIENTED_EDGE('',*,*,#3446,.T.) ;
#3452=ORIENTED_EDGE('',*,*,#3410,.F.) ;
#3453=ORIENTED_EDGE('',*,*,#434,.F.) ;
#3462=ORIENTED_EDGE('',*,*,#420,.F.) ;
#3463=ORIENTED_EDGE('',*,*,#1221,.T.) ;
#3464=ORIENTED_EDGE('',*,*,#1981,.F.) ;
#3465=ORIENTED_EDGE('',*,*,#953,.T.) ;
#3481=ORIENTED_EDGE('',*,*,#3474,.T.) ;
#3482=ORIENTED_EDGE('',*,*,#3479,.F.) ;
#3483=ORIENTED_EDGE('',*,*,#1228,.F.) ;
#3484=ORIENTED_EDGE('',*,*,#406,.T.) ;
#3500=ORIENTED_EDGE('',*,*,#3493,.T.) ;
#3501=ORIENTED_EDGE('',*,*,#3498,.T.) ;
#3502=ORIENTED_EDGE('',*,*,#3474,.F.) ;
#3503=ORIENTED_EDGE('',*,*,#399,.T.) ;
#3517=ORIENTED_EDGE('',*,*,#392,.F.) ;
#3518=ORIENTED_EDGE('',*,*,#1240,.F.) ;
#3519=ORIENTED_EDGE('',*,*,#3515,.T.) ;
#3520=ORIENTED_EDGE('',*,*,#3493,.F.) ;
#3541=ORIENTED_EDGE('',*,*,#3534,.F.) ;
#3542=ORIENTED_EDGE('',*,*,#1247,.F.) ;
#3543=ORIENTED_EDGE('',*,*,#378,.T.) ;
#3544=ORIENTED_EDGE('',*,*,#3539,.F.) ;
#3593=ORIENTED_EDGE('',*,*,#3560,.T.) ;
#3594=ORIENTED_EDGE('',*,*,#3567,.T.) ;
#3595=ORIENTED_EDGE('',*,*,#3574,.T.) ;
#3596=ORIENTED_EDGE('',*,*,#3581,.T.) ;
#3597=ORIENTED_EDGE('',*,*,#3586,.T.) ;
#3598=ORIENTED_EDGE('',*,*,#3539,.T.) ;
#3599=ORIENTED_EDGE('',*,*,#371,.T.) ;
#3600=ORIENTED_EDGE('',*,*,#3591,.T.) ;
#3614=ORIENTED_EDGE('',*,*,#364,.F.) ;
#3615=ORIENTED_EDGE('',*,*,#1287,.F.) ;
#3616=ORIENTED_EDGE('',*,*,#3612,.T.) ;
#3617=ORIENTED_EDGE('',*,*,#3591,.F.) ;
#3638=ORIENTED_EDGE('',*,*,#3631,.T.) ;
#3639=ORIENTED_EDGE('',*,*,#3636,.F.) ;
#3640=ORIENTED_EDGE('',*,*,#1294,.F.) ;
#3641=ORIENTED_EDGE('',*,*,#350,.T.) ;
#3664=ORIENTED_EDGE('',*,*,#3650,.T.) ;
#3665=ORIENTED_EDGE('',*,*,#3657,.F.) ;
#3666=ORIENTED_EDGE('',*,*,#3662,.F.) ;
#3667=ORIENTED_EDGE('',*,*,#3631,.F.) ;
#3668=ORIENTED_EDGE('',*,*,#343,.F.) ;
#3691=ORIENTED_EDGE('',*,*,#882,.F.) ;
#3692=ORIENTED_EDGE('',*,*,#3677,.T.) ;
#3693=ORIENTED_EDGE('',*,*,#3684,.F.) ;
#3694=ORIENTED_EDGE('',*,*,#3689,.F.) ;
#3695=ORIENTED_EDGE('',*,*,#889,.F.) ;
#3730=ORIENTED_EDGE('',*,*,#3689,.T.) ;
#3731=ORIENTED_EDGE('',*,*,#3709,.T.) ;
#3732=ORIENTED_EDGE('',*,*,#3716,.F.) ;
#3733=ORIENTED_EDGE('',*,*,#3723,.F.) ;
#3734=ORIENTED_EDGE('',*,*,#3728,.F.) ;
#3735=ORIENTED_EDGE('',*,*,#896,.F.) ;
#3749=ORIENTED_EDGE('',*,*,#903,.T.) ;
#3750=ORIENTED_EDGE('',*,*,#3728,.T.) ;
#3751=ORIENTED_EDGE('',*,*,#3747,.T.) ;
#3752=ORIENTED_EDGE('',*,*,#3342,.F.) ;
#3761=ORIENTED_EDGE('',*,*,#941,.T.) ;
#3762=ORIENTED_EDGE('',*,*,#3394,.T.) ;
#3763=ORIENTED_EDGE('',*,*,#3759,.T.) ;
#3764=ORIENTED_EDGE('',*,*,#3434,.F.) ;
#3799=ORIENTED_EDGE('',*,*,#3775,.T.) ;
#3800=ORIENTED_EDGE('',*,*,#3782,.F.) ;
#3801=ORIENTED_EDGE('',*,*,#3787,.T.) ;
#3802=ORIENTED_EDGE('',*,*,#3318,.F.) ;
#3803=ORIENTED_EDGE('',*,*,#3354,.T.) ;
#3804=ORIENTED_EDGE('',*,*,#3792,.T.) ;
#3805=ORIENTED_EDGE('',*,*,#3716,.T.) ;
#3806=ORIENTED_EDGE('',*,*,#3797,.F.) ;
#3815=ORIENTED_EDGE('',*,*,#3792,.F.) ;
#3816=ORIENTED_EDGE('',*,*,#3349,.F.) ;
#3817=ORIENTED_EDGE('',*,*,#3747,.F.) ;
#3818=ORIENTED_EDGE('',*,*,#3723,.T.) ;
#3827=ORIENTED_EDGE('',*,*,#3825,.T.) ;
#3828=ORIENTED_EDGE('',*,*,#3382,.T.) ;
#3829=ORIENTED_EDGE('',*,*,#3415,.T.) ;
#3830=ORIENTED_EDGE('',*,*,#3446,.F.) ;
#3834=ORIENTED_EDGE('',*,*,#3825,.F.) ;
#3835=ORIENTED_EDGE('',*,*,#3441,.T.) ;
#3836=ORIENTED_EDGE('',*,*,#3759,.F.) ;
#3837=ORIENTED_EDGE('',*,*,#3389,.T.) ;
#3888=ORIENTED_EDGE('',*,*,#1520,.F.) ;
#3889=ORIENTED_EDGE('',*,*,#3846,.F.) ;
#3890=ORIENTED_EDGE('',*,*,#3853,.F.) ;
#3891=ORIENTED_EDGE('',*,*,#3860,.F.) ;
#3892=ORIENTED_EDGE('',*,*,#3867,.F.) ;
#3893=ORIENTED_EDGE('',*,*,#3874,.F.) ;
#3894=ORIENTED_EDGE('',*,*,#3881,.F.) ;
#3895=ORIENTED_EDGE('',*,*,#3886,.T.) ;
#3896=ORIENTED_EDGE('',*,*,#1188,.F.) ;
#3922=ORIENTED_EDGE('',*,*,#3886,.F.) ;
#3923=ORIENTED_EDGE('',*,*,#3908,.T.) ;
#3924=ORIENTED_EDGE('',*,*,#2233,.F.) ;
#3925=ORIENTED_EDGE('',*,*,#3915,.F.) ;
#3926=ORIENTED_EDGE('',*,*,#3920,.T.) ;
#3927=ORIENTED_EDGE('',*,*,#1195,.F.) ;
#3948=ORIENTED_EDGE('',*,*,#3941,.F.) ;
#3949=ORIENTED_EDGE('',*,*,#1202,.T.) ;
#3950=ORIENTED_EDGE('',*,*,#3920,.F.) ;
#3951=ORIENTED_EDGE('',*,*,#3946,.T.) ;
#3970=ORIENTED_EDGE('',*,*,#3963,.F.) ;
#3971=ORIENTED_EDGE('',*,*,#1988,.F.) ;
#3972=ORIENTED_EDGE('',*,*,#1209,.T.) ;
#3973=ORIENTED_EDGE('',*,*,#3941,.T.) ;
#3974=ORIENTED_EDGE('',*,*,#3968,.T.) ;
#3975=ORIENTED_EDGE('',*,*,#2219,.F.) ;
#3984=ORIENTED_EDGE('',*,*,#3515,.F.) ;
#3985=ORIENTED_EDGE('',*,*,#1235,.F.) ;
#3986=ORIENTED_EDGE('',*,*,#3479,.T.) ;
#3987=ORIENTED_EDGE('',*,*,#3498,.F.) ;
#4001=ORIENTED_EDGE('',*,*,#3999,.F.) ;
#4002=ORIENTED_EDGE('',*,*,#1254,.F.) ;
#4003=ORIENTED_EDGE('',*,*,#3534,.T.) ;
#4004=ORIENTED_EDGE('',*,*,#3586,.F.) ;
#4018=ORIENTED_EDGE('',*,*,#4016,.F.) ;
#4019=ORIENTED_EDGE('',*,*,#1261,.F.) ;
#4020=ORIENTED_EDGE('',*,*,#3999,.T.) ;
#4021=ORIENTED_EDGE('',*,*,#3581,.F.) ;
#4030=ORIENTED_EDGE('',*,*,#4028,.F.) ;
#4031=ORIENTED_EDGE('',*,*,#1268,.F.) ;
#4032=ORIENTED_EDGE('',*,*,#4016,.T.) ;
#4033=ORIENTED_EDGE('',*,*,#3574,.F.) ;
#4047=ORIENTED_EDGE('',*,*,#4045,.F.) ;
#4048=ORIENTED_EDGE('',*,*,#1275,.F.) ;
#4049=ORIENTED_EDGE('',*,*,#4028,.T.) ;
#4050=ORIENTED_EDGE('',*,*,#3567,.F.) ;
#4054=ORIENTED_EDGE('',*,*,#3612,.F.) ;
#4055=ORIENTED_EDGE('',*,*,#1282,.F.) ;
#4056=ORIENTED_EDGE('',*,*,#4045,.T.) ;
#4057=ORIENTED_EDGE('',*,*,#3560,.F.) ;
#4071=ORIENTED_EDGE('',*,*,#3657,.T.) ;
#4072=ORIENTED_EDGE('',*,*,#4069,.F.) ;
#4073=ORIENTED_EDGE('',*,*,#1308,.T.) ;
#4074=ORIENTED_EDGE('',*,*,#1301,.T.) ;
#4075=ORIENTED_EDGE('',*,*,#3636,.T.) ;
#4076=ORIENTED_EDGE('',*,*,#3662,.T.) ;
#4085=ORIENTED_EDGE('',*,*,#3797,.T.) ;
#4086=ORIENTED_EDGE('',*,*,#3709,.F.) ;
#4087=ORIENTED_EDGE('',*,*,#3684,.T.) ;
#4088=ORIENTED_EDGE('',*,*,#4083,.T.) ;
#4102=ORIENTED_EDGE('',*,*,#2035,.T.) ;
#4103=ORIENTED_EDGE('',*,*,#4095,.T.) ;
#4104=ORIENTED_EDGE('',*,*,#2170,.T.) ;
#4105=ORIENTED_EDGE('',*,*,#4100,.F.) ;
#4119=ORIENTED_EDGE('',*,*,#4095,.F.) ;
#4120=ORIENTED_EDGE('',*,*,#2030,.T.) ;
#4121=ORIENTED_EDGE('',*,*,#4117,.T.) ;
#4122=ORIENTED_EDGE('',*,*,#2177,.T.) ;
#4131=ORIENTED_EDGE('',*,*,#2184,.T.) ;
#4132=ORIENTED_EDGE('',*,*,#4117,.F.) ;
#4133=ORIENTED_EDGE('',*,*,#2023,.T.) ;
#4134=ORIENTED_EDGE('',*,*,#4129,.T.) ;
#4148=ORIENTED_EDGE('',*,*,#2191,.T.) ;
#4149=ORIENTED_EDGE('',*,*,#4129,.F.) ;
#4150=ORIENTED_EDGE('',*,*,#2016,.T.) ;
#4151=ORIENTED_EDGE('',*,*,#4146,.T.) ;
#4160=ORIENTED_EDGE('',*,*,#4146,.F.) ;
#4161=ORIENTED_EDGE('',*,*,#2009,.T.) ;
#4162=ORIENTED_EDGE('',*,*,#4158,.T.) ;
#4163=ORIENTED_EDGE('',*,*,#2198,.F.) ;
#4177=ORIENTED_EDGE('',*,*,#2205,.F.) ;
#4178=ORIENTED_EDGE('',*,*,#4158,.F.) ;
#4179=ORIENTED_EDGE('',*,*,#2002,.T.) ;
#4180=ORIENTED_EDGE('',*,*,#4175,.T.) ;
#4189=ORIENTED_EDGE('',*,*,#4175,.F.) ;
#4190=ORIENTED_EDGE('',*,*,#1995,.T.) ;
#4191=ORIENTED_EDGE('',*,*,#3963,.T.) ;
#4192=ORIENTED_EDGE('',*,*,#2212,.F.) ;
#4201=ORIENTED_EDGE('',*,*,#3946,.F.) ;
#4202=ORIENTED_EDGE('',*,*,#3915,.T.) ;
#4203=ORIENTED_EDGE('',*,*,#2226,.T.) ;
#4204=ORIENTED_EDGE('',*,*,#3968,.F.) ;
#4218=ORIENTED_EDGE('',*,*,#2240,.T.) ;
#4219=ORIENTED_EDGE('',*,*,#3908,.F.) ;
#4220=ORIENTED_EDGE('',*,*,#3881,.T.) ;
#4221=ORIENTED_EDGE('',*,*,#4216,.T.) ;
#4230=ORIENTED_EDGE('',*,*,#2247,.F.) ;
#4231=ORIENTED_EDGE('',*,*,#4216,.F.) ;
#4232=ORIENTED_EDGE('',*,*,#3874,.T.) ;
#4233=ORIENTED_EDGE('',*,*,#4228,.T.) ;
#4242=ORIENTED_EDGE('',*,*,#2254,.F.) ;
#4243=ORIENTED_EDGE('',*,*,#4228,.F.) ;
#4244=ORIENTED_EDGE('',*,*,#3867,.T.) ;
#4245=ORIENTED_EDGE('',*,*,#4240,.T.) ;
#4273=ORIENTED_EDGE('',*,*,#4259,.F.) ;
#4274=ORIENTED_EDGE('',*,*,#2464,.T.) ;
#4275=ORIENTED_EDGE('',*,*,#4266,.T.) ;
#4276=ORIENTED_EDGE('',*,*,#4271,.F.) ;
#4297=ORIENTED_EDGE('',*,*,#4290,.F.) ;
#4298=ORIENTED_EDGE('',*,*,#2469,.T.) ;
#4299=ORIENTED_EDGE('',*,*,#4259,.T.) ;
#4300=ORIENTED_EDGE('',*,*,#4295,.F.) ;
#4321=ORIENTED_EDGE('',*,*,#4266,.F.) ;
#4322=ORIENTED_EDGE('',*,*,#2457,.T.) ;
#4323=ORIENTED_EDGE('',*,*,#4314,.T.) ;
#4324=ORIENTED_EDGE('',*,*,#4319,.F.) ;
#4338=ORIENTED_EDGE('',*,*,#4336,.T.) ;
#4339=ORIENTED_EDGE('',*,*,#4295,.T.) ;
#4340=ORIENTED_EDGE('',*,*,#4271,.T.) ;
#4341=ORIENTED_EDGE('',*,*,#4319,.T.) ;
#4372=ORIENTED_EDGE('',*,*,#4351,.F.) ;
#4373=ORIENTED_EDGE('',*,*,#4358,.F.) ;
#4374=ORIENTED_EDGE('',*,*,#4365,.F.) ;
#4375=ORIENTED_EDGE('',*,*,#4370,.F.) ;
#4384=ORIENTED_EDGE('',*,*,#4314,.F.) ;
#4385=ORIENTED_EDGE('',*,*,#2450,.T.) ;
#4386=ORIENTED_EDGE('',*,*,#4290,.T.) ;
#4387=ORIENTED_EDGE('',*,*,#4336,.F.) ;
#4401=ORIENTED_EDGE('',*,*,#2261,.F.) ;
#4402=ORIENTED_EDGE('',*,*,#4240,.F.) ;
#4403=ORIENTED_EDGE('',*,*,#3860,.T.) ;
#4404=ORIENTED_EDGE('',*,*,#4399,.T.) ;
#4418=ORIENTED_EDGE('',*,*,#4399,.F.) ;
#4419=ORIENTED_EDGE('',*,*,#3853,.T.) ;
#4420=ORIENTED_EDGE('',*,*,#4416,.T.) ;
#4421=ORIENTED_EDGE('',*,*,#2268,.F.) ;
#4442=ORIENTED_EDGE('',*,*,#4416,.F.) ;
#4443=ORIENTED_EDGE('',*,*,#3846,.T.) ;
#4444=ORIENTED_EDGE('',*,*,#1515,.T.) ;
#4445=ORIENTED_EDGE('',*,*,#4435,.F.) ;
#4446=ORIENTED_EDGE('',*,*,#4440,.T.) ;
#4447=ORIENTED_EDGE('',*,*,#2275,.T.) ;
#4468=ORIENTED_EDGE('',*,*,#4461,.F.) ;
#4469=ORIENTED_EDGE('',*,*,#4466,.T.) ;
#4470=ORIENTED_EDGE('',*,*,#2282,.T.) ;
#4471=ORIENTED_EDGE('',*,*,#4440,.F.) ;
#4490=ORIENTED_EDGE('',*,*,#2718,.T.) ;
#4491=ORIENTED_EDGE('',*,*,#4483,.T.) ;
#4492=ORIENTED_EDGE('',*,*,#2289,.T.) ;
#4493=ORIENTED_EDGE('',*,*,#4466,.F.) ;
#4494=ORIENTED_EDGE('',*,*,#4488,.F.) ;
#4495=ORIENTED_EDGE('',*,*,#1501,.F.) ;
#4509=ORIENTED_EDGE('',*,*,#2296,.T.) ;
#4510=ORIENTED_EDGE('',*,*,#4483,.F.) ;
#4511=ORIENTED_EDGE('',*,*,#2713,.T.) ;
#4512=ORIENTED_EDGE('',*,*,#4507,.T.) ;
#4516=ORIENTED_EDGE('',*,*,#2303,.F.) ;
#4517=ORIENTED_EDGE('',*,*,#4507,.F.) ;
#4518=ORIENTED_EDGE('',*,*,#2706,.T.) ;
#4519=ORIENTED_EDGE('',*,*,#2968,.T.) ;
#4528=ORIENTED_EDGE('',*,*,#2934,.F.) ;
#4529=ORIENTED_EDGE('',*,*,#1922,.T.) ;
#4530=ORIENTED_EDGE('',*,*,#4100,.T.) ;
#4531=ORIENTED_EDGE('',*,*,#2399,.T.) ;
#4559=ORIENTED_EDGE('',*,*,#4545,.T.) ;
#4560=ORIENTED_EDGE('',*,*,#4552,.T.) ;
#4561=ORIENTED_EDGE('',*,*,#4557,.F.) ;
#4562=ORIENTED_EDGE('',*,*,#4351,.T.) ;
#4583=ORIENTED_EDGE('',*,*,#4557,.T.) ;
#4584=ORIENTED_EDGE('',*,*,#4576,.F.) ;
#4585=ORIENTED_EDGE('',*,*,#4581,.F.) ;
#4586=ORIENTED_EDGE('',*,*,#4358,.T.) ;
#4607=ORIENTED_EDGE('',*,*,#4581,.T.) ;
#4608=ORIENTED_EDGE('',*,*,#4600,.F.) ;
#4609=ORIENTED_EDGE('',*,*,#4605,.F.) ;
#4610=ORIENTED_EDGE('',*,*,#4365,.T.) ;
#4629=ORIENTED_EDGE('',*,*,#525,.T.) ;
#4630=ORIENTED_EDGE('',*,*,#4622,.T.) ;
#4631=ORIENTED_EDGE('',*,*,#4545,.F.) ;
#4632=ORIENTED_EDGE('',*,*,#4370,.T.) ;
#4633=ORIENTED_EDGE('',*,*,#4605,.T.) ;
#4634=ORIENTED_EDGE('',*,*,#4627,.T.) ;
#4643=ORIENTED_EDGE('',*,*,#4435,.T.) ;
#4644=ORIENTED_EDGE('',*,*,#1508,.F.) ;
#4645=ORIENTED_EDGE('',*,*,#4488,.T.) ;
#4646=ORIENTED_EDGE('',*,*,#4461,.T.) ;
#4660=ORIENTED_EDGE('',*,*,#4622,.F.) ;
#4661=ORIENTED_EDGE('',*,*,#518,.T.) ;
#4662=ORIENTED_EDGE('',*,*,#854,.F.) ;
#4663=ORIENTED_EDGE('',*,*,#4658,.F.) ;
#4664=ORIENTED_EDGE('',*,*,#4552,.F.) ;
#4678=ORIENTED_EDGE('',*,*,#4576,.T.) ;
#4679=ORIENTED_EDGE('',*,*,#4658,.T.) ;
#4680=ORIENTED_EDGE('',*,*,#849,.T.) ;
#4681=ORIENTED_EDGE('',*,*,#4676,.T.) ;
#4690=ORIENTED_EDGE('',*,*,#842,.T.) ;
#4691=ORIENTED_EDGE('',*,*,#532,.F.) ;
#4692=ORIENTED_EDGE('',*,*,#4627,.F.) ;
#4693=ORIENTED_EDGE('',*,*,#4600,.T.) ;
#4694=ORIENTED_EDGE('',*,*,#4676,.F.) ;
#4703=ORIENTED_EDGE('',*,*,#336,.F.) ;
#4704=ORIENTED_EDGE('',*,*,#1313,.T.) ;
#4705=ORIENTED_EDGE('',*,*,#4069,.T.) ;
#4706=ORIENTED_EDGE('',*,*,#3650,.F.) ;
#4727=ORIENTED_EDGE('',*,*,#4720,.T.) ;
#4728=ORIENTED_EDGE('',*,*,#4725,.F.) ;
#4729=ORIENTED_EDGE('',*,*,#1320,.T.) ;
#4730=ORIENTED_EDGE('',*,*,#322,.T.) ;
#4751=ORIENTED_EDGE('',*,*,#4744,.T.) ;
#4752=ORIENTED_EDGE('',*,*,#4749,.F.) ;
#4753=ORIENTED_EDGE('',*,*,#1327,.T.) ;
#4754=ORIENTED_EDGE('',*,*,#4725,.T.) ;
#4775=ORIENTED_EDGE('',*,*,#4768,.T.) ;
#4776=ORIENTED_EDGE('',*,*,#4773,.F.) ;
#4777=ORIENTED_EDGE('',*,*,#1334,.T.) ;
#4778=ORIENTED_EDGE('',*,*,#4749,.T.) ;
#4799=ORIENTED_EDGE('',*,*,#4792,.T.) ;
#4800=ORIENTED_EDGE('',*,*,#4797,.F.) ;
#4801=ORIENTED_EDGE('',*,*,#1341,.T.) ;
#4802=ORIENTED_EDGE('',*,*,#4773,.T.) ;
#4823=ORIENTED_EDGE('',*,*,#4816,.T.) ;
#4824=ORIENTED_EDGE('',*,*,#4821,.F.) ;
#4825=ORIENTED_EDGE('',*,*,#1348,.T.) ;
#4826=ORIENTED_EDGE('',*,*,#4797,.T.) ;
#4842=ORIENTED_EDGE('',*,*,#4835,.T.) ;
#4843=ORIENTED_EDGE('',*,*,#4840,.F.) ;
#4844=ORIENTED_EDGE('',*,*,#1355,.T.) ;
#4845=ORIENTED_EDGE('',*,*,#4821,.T.) ;
#4859=ORIENTED_EDGE('',*,*,#4857,.T.) ;
#4860=ORIENTED_EDGE('',*,*,#308,.F.) ;
#4861=ORIENTED_EDGE('',*,*,#1360,.T.) ;
#4862=ORIENTED_EDGE('',*,*,#4840,.T.) ;
#4871=ORIENTED_EDGE('',*,*,#1130,.T.) ;
#4872=ORIENTED_EDGE('',*,*,#2520,.F.) ;
#4873=ORIENTED_EDGE('',*,*,#1367,.T.) ;
#4874=ORIENTED_EDGE('',*,*,#294,.T.) ;
#4895=ORIENTED_EDGE('',*,*,#823,.F.) ;
#4896=ORIENTED_EDGE('',*,*,#2143,.T.) ;
#4897=ORIENTED_EDGE('',*,*,#2951,.T.) ;
#4898=ORIENTED_EDGE('',*,*,#2799,.T.) ;
#4899=ORIENTED_EDGE('',*,*,#4888,.F.) ;
#4900=ORIENTED_EDGE('',*,*,#4893,.F.) ;
#4916=ORIENTED_EDGE('',*,*,#830,.T.) ;
#4917=ORIENTED_EDGE('',*,*,#4893,.T.) ;
#4918=ORIENTED_EDGE('',*,*,#4909,.F.) ;
#4919=ORIENTED_EDGE('',*,*,#4914,.F.) ;
#4933=ORIENTED_EDGE('',*,*,#835,.T.) ;
#4934=ORIENTED_EDGE('',*,*,#4914,.T.) ;
#4935=ORIENTED_EDGE('',*,*,#4931,.T.) ;
#4936=ORIENTED_EDGE('',*,*,#2785,.T.) ;
#4937=ORIENTED_EDGE('',*,*,#1901,.F.) ;
#4938=ORIENTED_EDGE('',*,*,#546,.F.) ;
#4959=ORIENTED_EDGE('',*,*,#861,.F.) ;
#4960=ORIENTED_EDGE('',*,*,#504,.T.) ;
#4961=ORIENTED_EDGE('',*,*,#3323,.T.) ;
#4962=ORIENTED_EDGE('',*,*,#3787,.F.) ;
#4963=ORIENTED_EDGE('',*,*,#4952,.F.) ;
#4964=ORIENTED_EDGE('',*,*,#4957,.F.) ;
#4980=ORIENTED_EDGE('',*,*,#868,.T.) ;
#4981=ORIENTED_EDGE('',*,*,#4957,.T.) ;
#4982=ORIENTED_EDGE('',*,*,#4973,.F.) ;
#4983=ORIENTED_EDGE('',*,*,#4978,.F.) ;
#4997=ORIENTED_EDGE('',*,*,#875,.T.) ;
#4998=ORIENTED_EDGE('',*,*,#4978,.T.) ;
#4999=ORIENTED_EDGE('',*,*,#4995,.T.) ;
#5000=ORIENTED_EDGE('',*,*,#3775,.F.) ;
#5001=ORIENTED_EDGE('',*,*,#4083,.F.) ;
#5002=ORIENTED_EDGE('',*,*,#3677,.F.) ;
#5011=ORIENTED_EDGE('',*,*,#4931,.F.) ;
#5012=ORIENTED_EDGE('',*,*,#4909,.T.) ;
#5013=ORIENTED_EDGE('',*,*,#4888,.T.) ;
#5014=ORIENTED_EDGE('',*,*,#2792,.T.) ;
#5023=ORIENTED_EDGE('',*,*,#4720,.F.) ;
#5024=ORIENTED_EDGE('',*,*,#315,.F.) ;
#5025=ORIENTED_EDGE('',*,*,#4857,.F.) ;
#5026=ORIENTED_EDGE('',*,*,#4835,.F.) ;
#5027=ORIENTED_EDGE('',*,*,#4816,.F.) ;
#5028=ORIENTED_EDGE('',*,*,#4792,.F.) ;
#5029=ORIENTED_EDGE('',*,*,#4768,.F.) ;
#5030=ORIENTED_EDGE('',*,*,#4744,.F.) ;
#5034=ORIENTED_EDGE('',*,*,#4995,.F.) ;
#5035=ORIENTED_EDGE('',*,*,#4973,.T.) ;
#5036=ORIENTED_EDGE('',*,*,#4952,.T.) ;
#5037=ORIENTED_EDGE('',*,*,#3782,.T.) ;
#5086=ORIENTED_EDGE('',*,*,#5065,.T.) ;
#5087=ORIENTED_EDGE('',*,*,#5072,.F.) ;
#5088=ORIENTED_EDGE('',*,*,#5079,.F.) ;
#5089=ORIENTED_EDGE('',*,*,#5084,.T.) ;
#5126=ORIENTED_EDGE('',*,*,#5105,.T.) ;
#5127=ORIENTED_EDGE('',*,*,#5112,.F.) ;
#5128=ORIENTED_EDGE('',*,*,#5119,.F.) ;
#5129=ORIENTED_EDGE('',*,*,#5124,.T.) ;
#5157=ORIENTED_EDGE('',*,*,#5065,.F.) ;
#5158=ORIENTED_EDGE('',*,*,#5143,.T.) ;
#5159=ORIENTED_EDGE('',*,*,#5150,.T.) ;
#5160=ORIENTED_EDGE('',*,*,#5155,.F.) ;
#5188=ORIENTED_EDGE('',*,*,#5105,.F.) ;
#5189=ORIENTED_EDGE('',*,*,#5174,.T.) ;
#5190=ORIENTED_EDGE('',*,*,#5181,.T.) ;
#5191=ORIENTED_EDGE('',*,*,#5186,.F.) ;
#5210=ORIENTED_EDGE('',*,*,#5203,.T.) ;
#5211=ORIENTED_EDGE('',*,*,#5079,.T.) ;
#5212=ORIENTED_EDGE('',*,*,#5208,.T.) ;
#5213=ORIENTED_EDGE('',*,*,#5119,.T.) ;
#5232=ORIENTED_EDGE('',*,*,#5181,.F.) ;
#5233=ORIENTED_EDGE('',*,*,#5225,.F.) ;
#5234=ORIENTED_EDGE('',*,*,#5150,.F.) ;
#5235=ORIENTED_EDGE('',*,*,#5230,.F.) ;
#5244=ORIENTED_EDGE('',*,*,#5155,.T.) ;
#5245=ORIENTED_EDGE('',*,*,#5225,.T.) ;
#5246=ORIENTED_EDGE('',*,*,#5174,.F.) ;
#5247=ORIENTED_EDGE('',*,*,#5124,.F.) ;
#5248=ORIENTED_EDGE('',*,*,#5208,.F.) ;
#5249=ORIENTED_EDGE('',*,*,#5072,.T.) ;
#5258=ORIENTED_EDGE('',*,*,#5186,.T.) ;
#5259=ORIENTED_EDGE('',*,*,#5230,.T.) ;
#5260=ORIENTED_EDGE('',*,*,#5143,.F.) ;
#5261=ORIENTED_EDGE('',*,*,#5084,.F.) ;
#5262=ORIENTED_EDGE('',*,*,#5203,.F.) ;
#5263=ORIENTED_EDGE('',*,*,#5112,.T.) ;
#5298=ORIENTED_EDGE('',*,*,#5277,.T.) ;
#5299=ORIENTED_EDGE('',*,*,#5284,.F.) ;
#5300=ORIENTED_EDGE('',*,*,#5291,.F.) ;
#5301=ORIENTED_EDGE('',*,*,#5296,.T.) ;
#5333=ORIENTED_EDGE('',*,*,#5312,.T.) ;
#5334=ORIENTED_EDGE('',*,*,#5319,.F.) ;
#5335=ORIENTED_EDGE('',*,*,#5326,.F.) ;
#5336=ORIENTED_EDGE('',*,*,#5331,.T.) ;
#5359=ORIENTED_EDGE('',*,*,#5277,.F.) ;
#5360=ORIENTED_EDGE('',*,*,#5345,.T.) ;
#5361=ORIENTED_EDGE('',*,*,#5352,.T.) ;
#5362=ORIENTED_EDGE('',*,*,#5357,.F.) ;
#5385=ORIENTED_EDGE('',*,*,#5312,.F.) ;
#5386=ORIENTED_EDGE('',*,*,#5371,.T.) ;
#5387=ORIENTED_EDGE('',*,*,#5378,.T.) ;
#5388=ORIENTED_EDGE('',*,*,#5383,.F.) ;
#5402=ORIENTED_EDGE('',*,*,#5395,.T.) ;
#5403=ORIENTED_EDGE('',*,*,#5291,.T.) ;
#5404=ORIENTED_EDGE('',*,*,#5400,.T.) ;
#5405=ORIENTED_EDGE('',*,*,#5326,.T.) ;
#5419=ORIENTED_EDGE('',*,*,#5378,.F.) ;
#5420=ORIENTED_EDGE('',*,*,#5412,.F.) ;
#5421=ORIENTED_EDGE('',*,*,#5352,.F.) ;
#5422=ORIENTED_EDGE('',*,*,#5417,.F.) ;
#5431=ORIENTED_EDGE('',*,*,#5357,.T.) ;
#5432=ORIENTED_EDGE('',*,*,#5412,.T.) ;
#5433=ORIENTED_EDGE('',*,*,#5371,.F.) ;
#5434=ORIENTED_EDGE('',*,*,#5331,.F.) ;
#5435=ORIENTED_EDGE('',*,*,#5400,.F.) ;
#5436=ORIENTED_EDGE('',*,*,#5284,.T.) ;
#5445=ORIENTED_EDGE('',*,*,#5383,.T.) ;
#5446=ORIENTED_EDGE('',*,*,#5417,.T.) ;
#5447=ORIENTED_EDGE('',*,*,#5345,.F.) ;
#5448=ORIENTED_EDGE('',*,*,#5296,.F.) ;
#5449=ORIENTED_EDGE('',*,*,#5395,.F.) ;
#5450=ORIENTED_EDGE('',*,*,#5319,.T.) ;
#5485=ORIENTED_EDGE('',*,*,#5464,.T.) ;
#5486=ORIENTED_EDGE('',*,*,#5471,.F.) ;
#5487=ORIENTED_EDGE('',*,*,#5478,.F.) ;
#5488=ORIENTED_EDGE('',*,*,#5483,.T.) ;
#5520=ORIENTED_EDGE('',*,*,#5499,.T.) ;
#5521=ORIENTED_EDGE('',*,*,#5506,.F.) ;
#5522=ORIENTED_EDGE('',*,*,#5513,.F.) ;
#5523=ORIENTED_EDGE('',*,*,#5518,.T.) ;
#5546=ORIENTED_EDGE('',*,*,#5464,.F.) ;
#5547=ORIENTED_EDGE('',*,*,#5532,.T.) ;
#5548=ORIENTED_EDGE('',*,*,#5539,.T.) ;
#5549=ORIENTED_EDGE('',*,*,#5544,.F.) ;
#5572=ORIENTED_EDGE('',*,*,#5499,.F.) ;
#5573=ORIENTED_EDGE('',*,*,#5558,.T.) ;
#5574=ORIENTED_EDGE('',*,*,#5565,.T.) ;
#5575=ORIENTED_EDGE('',*,*,#5570,.F.) ;
#5589=ORIENTED_EDGE('',*,*,#5582,.T.) ;
#5590=ORIENTED_EDGE('',*,*,#5478,.T.) ;
#5591=ORIENTED_EDGE('',*,*,#5587,.T.) ;
#5592=ORIENTED_EDGE('',*,*,#5513,.T.) ;
#5606=ORIENTED_EDGE('',*,*,#5565,.F.) ;
#5607=ORIENTED_EDGE('',*,*,#5599,.F.) ;
#5608=ORIENTED_EDGE('',*,*,#5539,.F.) ;
#5609=ORIENTED_EDGE('',*,*,#5604,.F.) ;
#5618=ORIENTED_EDGE('',*,*,#5544,.T.) ;
#5619=ORIENTED_EDGE('',*,*,#5599,.T.) ;
#5620=ORIENTED_EDGE('',*,*,#5558,.F.) ;
#5621=ORIENTED_EDGE('',*,*,#5518,.F.) ;
#5622=ORIENTED_EDGE('',*,*,#5587,.F.) ;
#5623=ORIENTED_EDGE('',*,*,#5471,.T.) ;
#5632=ORIENTED_EDGE('',*,*,#5570,.T.) ;
#5633=ORIENTED_EDGE('',*,*,#5604,.T.) ;
#5634=ORIENTED_EDGE('',*,*,#5532,.F.) ;
#5635=ORIENTED_EDGE('',*,*,#5483,.F.) ;
#5636=ORIENTED_EDGE('',*,*,#5582,.F.) ;
#5637=ORIENTED_EDGE('',*,*,#5506,.T.) ;
#230=FACE_BOUND('',#225,.T.) ;
#2441=FACE_BOUND('',#2436,.T.) ;
#2475=FACE_BOUND('',#2470,.T.) ;
#2509=FACE_BOUND('',#2504,.T.) ;
#3188=FACE_BOUND('',#3183,.T.) ;
#4376=FACE_BOUND('',#4371,.T.) ;
#30=CLOSED_SHELL('Closed Shell',(#70,#117,#149,#180,#231,#268,#280,#745,#1003,#1015,#1046,#1070,#1094,#1111,#1150,#1174,#1583,#1607,#1663,#1680,#1704,#1723,#1740,#1757,#1792,#1816,#1849,#1889,#1908,#2060,#2077,#2096,#2136,#2156,#2510,#2529,#2546,#2563,#2575,#2592,#2599,#2611,#2642,#2666,#2697,#2749,#2766,#2778,#2820,#2827,#2844,#2861,#2878,#2895,#2912,#2929,#2941,#2958,#2975,#2987,#2999,#3011,#3051,#3082,#3105,#3138,#3189,#3206,#3223,#3236,#3258,#3275,#3292,#3304,#3330,#3363,#3403,#3422,#3455,#3467,#3486,#3505,#3522,#3546,#3602,#3619,#3643,#3670,#3697,#3737,#3754,#3766,#3808,#3820,#3832,#3839,#3898,#3929,#3953,#3977,#3989,#4006,#4023,#4035,#4052,#4059,#4078,#4090,#4107,#4124,#4136,#4153,#4165,#4182,#4194,#4206,#4223,#4235,#4247,#4278,#4302,#4326,#4377,#4389,#4406,#4423,#4449,#4473,#4497,#4514,#4521,#4533,#4564,#4588,#4612,#4636,#4648,#4666,#4683,#4696,#4708,#4732,#4756,#4780,#4804,#4828,#4847,#4864,#4876,#4902,#4921,#4940,#4966,#4985,#5004,#5016,#5032,#5039)) ;
#5051=CLOSED_SHELL('Closed Shell',(#5091,#5131,#5162,#5193,#5215,#5237,#5251,#5265)) ;
#5268=CLOSED_SHELL('Closed Shell',(#5303,#5338,#5364,#5390,#5407,#5424,#5438,#5452)) ;
#5455=CLOSED_SHELL('Closed Shell',(#5490,#5525,#5551,#5577,#5594,#5611,#5625,#5639)) ;
#5040=ADVANCED_BREP_SHAPE_REPRESENTATION('NONE',(#21,#5042,#5266,#5453),#16) ;
#70=ADVANCED_FACE('HOUSING',(#69),#35,.T.) ;
#117=ADVANCED_FACE('HOUSING',(#116),#75,.F.) ;
#149=ADVANCED_FACE('HOUSING',(#148),#122,.T.) ;
#180=ADVANCED_FACE('HOUSING',(#179),#154,.T.) ;
#231=ADVANCED_FACE('HOUSING',(#219,#230),#185,.T.) ;
#268=ADVANCED_FACE('HOUSING',(#267),#236,.T.) ;
#280=ADVANCED_FACE('HOUSING',(#279),#273,.T.) ;
#745=ADVANCED_FACE('HOUSING',(#744),#285,.F.) ;
#1003=ADVANCED_FACE('HOUSING',(#1002),#750,.T.) ;
#1015=ADVANCED_FACE('HOUSING',(#1014),#1008,.F.) ;
#1046=ADVANCED_FACE('HOUSING',(#1045),#1020,.T.) ;
#1070=ADVANCED_FACE('HOUSING',(#1069),#1051,.F.) ;
#1094=ADVANCED_FACE('HOUSING',(#1093),#1075,.T.) ;
#1111=ADVANCED_FACE('HOUSING',(#1110),#1099,.F.) ;
#1150=ADVANCED_FACE('HOUSING',(#1149),#1116,.F.) ;
#1174=ADVANCED_FACE('HOUSING',(#1173),#1155,.T.) ;
#1583=ADVANCED_FACE('HOUSING',(#1582),#1179,.T.) ;
#1607=ADVANCED_FACE('HOUSING',(#1606),#1588,.F.) ;
#1663=ADVANCED_FACE('HOUSING',(#1662),#1612,.T.) ;
#1680=ADVANCED_FACE('HOUSING',(#1679),#1668,.F.) ;
#1704=ADVANCED_FACE('HOUSING',(#1703),#1685,.F.) ;
#1723=ADVANCED_FACE('HOUSING',(#1722),#1116,.F.) ;
#1740=ADVANCED_FACE('HOUSING',(#1739),#1728,.T.) ;
#1757=ADVANCED_FACE('HOUSING',(#1756),#1745,.F.) ;
#1792=ADVANCED_FACE('HOUSING',(#1791),#1728,.T.) ;
#1816=ADVANCED_FACE('HOUSING',(#1815),#1797,.F.) ;
#1849=ADVANCED_FACE('HOUSING',(#1848),#1821,.F.) ;
#1889=ADVANCED_FACE('HOUSING',(#1888),#1854,.F.) ;
#1908=ADVANCED_FACE('HOUSING',(#1907),#1797,.F.) ;
#2060=ADVANCED_FACE('HOUSING',(#2059),#1913,.F.) ;
#2077=ADVANCED_FACE('HOUSING',(#2076),#2065,.F.) ;
#2096=ADVANCED_FACE('HOUSING',(#2095),#2065,.F.) ;
#2136=ADVANCED_FACE('HOUSING',(#2135),#2101,.F.) ;
#2156=ADVANCED_FACE('HOUSING',(#2155),#285,.F.) ;
#2510=ADVANCED_FACE('HOUSING',(#2435,#2441,#2475,#2509),#2161,.T.) ;
#2529=ADVANCED_FACE('HOUSING',(#2528),#2515,.F.) ;
#2546=ADVANCED_FACE('HOUSING',(#2545),#2534,.F.) ;
#2563=ADVANCED_FACE('HOUSING',(#2562),#2551,.F.) ;
#2575=ADVANCED_FACE('HOUSING',(#2574),#2065,.F.) ;
#2592=ADVANCED_FACE('HOUSING',(#2591),#2580,.F.) ;
#2599=ADVANCED_FACE('HOUSING',(#2598),#2534,.F.) ;
#2611=ADVANCED_FACE('HOUSING',(#2610),#2604,.F.) ;
#2642=ADVANCED_FACE('HOUSING',(#2641),#2616,.F.) ;
#2666=ADVANCED_FACE('HOUSING',(#2665),#2647,.T.) ;
#2697=ADVANCED_FACE('HOUSING',(#2696),#2671,.F.) ;
#2749=ADVANCED_FACE('HOUSING',(#2748),#1913,.F.) ;
#2766=ADVANCED_FACE('HOUSING',(#2765),#2754,.F.) ;
#2778=ADVANCED_FACE('HOUSING',(#2777),#2771,.T.) ;
#2820=ADVANCED_FACE('HOUSING',(#2819),#2754,.F.) ;
#2827=ADVANCED_FACE('HOUSING',(#2826),#2771,.T.) ;
#2844=ADVANCED_FACE('HOUSING',(#2843),#2832,.F.) ;
#2861=ADVANCED_FACE('HOUSING',(#2860),#2849,.F.) ;
#2878=ADVANCED_FACE('HOUSING',(#2877),#2866,.T.) ;
#2895=ADVANCED_FACE('HOUSING',(#2894),#2883,.T.) ;
#2912=ADVANCED_FACE('HOUSING',(#2911),#2900,.F.) ;
#2929=ADVANCED_FACE('HOUSING',(#2928),#2917,.T.) ;
#2941=ADVANCED_FACE('HOUSING',(#2940),#2900,.F.) ;
#2958=ADVANCED_FACE('HOUSING',(#2957),#2946,.F.) ;
#2975=ADVANCED_FACE('HOUSING',(#2974),#2866,.T.) ;
#2987=ADVANCED_FACE('HOUSING',(#2986),#2849,.F.) ;
#2999=ADVANCED_FACE('HOUSING',(#2998),#2992,.T.) ;
#3011=ADVANCED_FACE('HOUSING',(#3010),#3004,.F.) ;
#3051=ADVANCED_FACE('HOUSING',(#3050),#3016,.T.) ;
#3082=ADVANCED_FACE('HOUSING',(#3081),#3056,.T.) ;
#3105=ADVANCED_FACE('HOUSING',(#3104),#3087,.F.) ;
#3138=ADVANCED_FACE('HOUSING',(#3137),#3110,.F.) ;
#3189=ADVANCED_FACE('HOUSING',(#3177,#3188),#3143,.T.) ;
#3206=ADVANCED_FACE('HOUSING',(#3205),#3194,.T.) ;
#3223=ADVANCED_FACE('HOUSING',(#3222),#3211,.F.) ;
#3236=ADVANCED_FACE('HOUSING',(#3235),#3228,.F.) ;
#3258=ADVANCED_FACE('HOUSING',(#3257),#3241,.T.) ;
#3275=ADVANCED_FACE('HOUSING',(#3274),#3263,.F.) ;
#3292=ADVANCED_FACE('HOUSING',(#3291),#3280,.T.) ;
#3304=ADVANCED_FACE('HOUSING',(#3303),#3297,.F.) ;
#3330=ADVANCED_FACE('HOUSING',(#3329),#1797,.F.) ;
#3363=ADVANCED_FACE('HOUSING',(#3362),#3335,.T.) ;
#3403=ADVANCED_FACE('HOUSING',(#3402),#3368,.T.) ;
#3422=ADVANCED_FACE('HOUSING',(#3421),#1797,.F.) ;
#3455=ADVANCED_FACE('HOUSING',(#3454),#3427,.F.) ;
#3467=ADVANCED_FACE('HOUSING',(#3466),#3460,.T.) ;
#3486=ADVANCED_FACE('HOUSING',(#3485),#3427,.F.) ;
#3505=ADVANCED_FACE('HOUSING',(#3504),#1116,.F.) ;
#3522=ADVANCED_FACE('HOUSING',(#3521),#3510,.T.) ;
#3546=ADVANCED_FACE('HOUSING',(#3545),#3527,.T.) ;
#3602=ADVANCED_FACE('HOUSING',(#3601),#3551,.T.) ;
#3619=ADVANCED_FACE('HOUSING',(#3618),#3607,.T.) ;
#3643=ADVANCED_FACE('HOUSING',(#3642),#3624,.F.) ;
#3670=ADVANCED_FACE('HOUSING',(#3669),#1116,.F.) ;
#3697=ADVANCED_FACE('HOUSING',(#3696),#285,.F.) ;
#3737=ADVANCED_FACE('HOUSING',(#3736),#3702,.T.) ;
#3754=ADVANCED_FACE('HOUSING',(#3753),#3742,.F.) ;
#3766=ADVANCED_FACE('HOUSING',(#3765),#3742,.F.) ;
#3808=ADVANCED_FACE('HOUSING',(#3807),#2754,.F.) ;
#3820=ADVANCED_FACE('HOUSING',(#3819),#3813,.T.) ;
#3832=ADVANCED_FACE('HOUSING',(#3831),#2754,.F.) ;
#3839=ADVANCED_FACE('HOUSING',(#3838),#3813,.T.) ;
#3898=ADVANCED_FACE('HOUSING',(#3897),#1913,.F.) ;
#3929=ADVANCED_FACE('HOUSING',(#3928),#3903,.T.) ;
#3953=ADVANCED_FACE('HOUSING',(#3952),#3934,.T.) ;
#3977=ADVANCED_FACE('HOUSING',(#3976),#3958,.T.) ;
#3989=ADVANCED_FACE('HOUSING',(#3988),#3982,.F.) ;
#4006=ADVANCED_FACE('HOUSING',(#4005),#3994,.F.) ;
#4023=ADVANCED_FACE('HOUSING',(#4022),#4011,.T.) ;
#4035=ADVANCED_FACE('HOUSING',(#4034),#3742,.F.) ;
#4052=ADVANCED_FACE('HOUSING',(#4051),#4040,.T.) ;
#4059=ADVANCED_FACE('HOUSING',(#4058),#3994,.F.) ;
#4078=ADVANCED_FACE('HOUSING',(#4077),#4064,.F.) ;
#4090=ADVANCED_FACE('HOUSING',(#4089),#2946,.F.) ;
#4107=ADVANCED_FACE('HOUSING',(#4106),#2900,.F.) ;
#4124=ADVANCED_FACE('HOUSING',(#4123),#4112,.T.) ;
#4136=ADVANCED_FACE('HOUSING',(#4135),#2900,.F.) ;
#4153=ADVANCED_FACE('HOUSING',(#4152),#4141,.F.) ;
#4165=ADVANCED_FACE('HOUSING',(#4164),#2866,.T.) ;
#4182=ADVANCED_FACE('HOUSING',(#4181),#4170,.F.) ;
#4194=ADVANCED_FACE('HOUSING',(#4193),#4187,.T.) ;
#4206=ADVANCED_FACE('HOUSING',(#4205),#4199,.F.) ;
#4223=ADVANCED_FACE('HOUSING',(#4222),#4211,.F.) ;
#4235=ADVANCED_FACE('HOUSING',(#4234),#4170,.F.) ;
#4247=ADVANCED_FACE('HOUSING',(#4246),#2866,.T.) ;
#4278=ADVANCED_FACE('HOUSING',(#4277),#4252,.T.) ;
#4302=ADVANCED_FACE('HOUSING',(#4301),#4283,.F.) ;
#4326=ADVANCED_FACE('HOUSING',(#4325),#4307,.F.) ;
#4377=ADVANCED_FACE('HOUSING',(#4342,#4376),#4331,.T.) ;
#4389=ADVANCED_FACE('HOUSING',(#4388),#4382,.T.) ;
#4406=ADVANCED_FACE('HOUSING',(#4405),#4394,.F.) ;
#4423=ADVANCED_FACE('HOUSING',(#4422),#4411,.T.) ;
#4449=ADVANCED_FACE('HOUSING',(#4448),#4428,.F.) ;
#4473=ADVANCED_FACE('HOUSING',(#4472),#4454,.F.) ;
#4497=ADVANCED_FACE('HOUSING',(#4496),#4478,.F.) ;
#4514=ADVANCED_FACE('HOUSING',(#4513),#4502,.F.) ;
#4521=ADVANCED_FACE('HOUSING',(#4520),#4394,.F.) ;
#4533=ADVANCED_FACE('HOUSING',(#4532),#4526,.T.) ;
#4564=ADVANCED_FACE('HOUSING',(#4563),#4538,.T.) ;
#4588=ADVANCED_FACE('HOUSING',(#4587),#4569,.T.) ;
#4612=ADVANCED_FACE('HOUSING',(#4611),#4593,.T.) ;
#4636=ADVANCED_FACE('HOUSING',(#4635),#4617,.F.) ;
#4648=ADVANCED_FACE('HOUSING',(#4647),#4641,.T.) ;
#4666=ADVANCED_FACE('HOUSING',(#4665),#4653,.T.) ;
#4683=ADVANCED_FACE('HOUSING',(#4682),#4671,.F.) ;
#4696=ADVANCED_FACE('HOUSING',(#4695),#4688,.T.) ;
#4708=ADVANCED_FACE('HOUSING',(#4707),#4701,.T.) ;
#4732=ADVANCED_FACE('HOUSING',(#4731),#4713,.F.) ;
#4756=ADVANCED_FACE('HOUSING',(#4755),#4737,.F.) ;
#4780=ADVANCED_FACE('HOUSING',(#4779),#4761,.F.) ;
#4804=ADVANCED_FACE('HOUSING',(#4803),#4785,.F.) ;
#4828=ADVANCED_FACE('HOUSING',(#4827),#4809,.F.) ;
#4847=ADVANCED_FACE('HOUSING',(#4846),#4737,.F.) ;
#4864=ADVANCED_FACE('HOUSING',(#4863),#4852,.F.) ;
#4876=ADVANCED_FACE('HOUSING',(#4875),#4869,.F.) ;
#4902=ADVANCED_FACE('HOUSING',(#4901),#4881,.F.) ;
#4921=ADVANCED_FACE('HOUSING',(#4920),#4785,.F.) ;
#4940=ADVANCED_FACE('HOUSING',(#4939),#4926,.F.) ;
#4966=ADVANCED_FACE('HOUSING',(#4965),#4945,.F.) ;
#4985=ADVANCED_FACE('HOUSING',(#4984),#4785,.F.) ;
#5004=ADVANCED_FACE('HOUSING',(#5003),#4990,.F.) ;
#5016=ADVANCED_FACE('HOUSING',(#5015),#5009,.T.) ;
#5032=ADVANCED_FACE('HOUSING',(#5031),#5021,.T.) ;
#5039=ADVANCED_FACE('HOUSING',(#5038),#5009,.T.) ;
#5091=ADVANCED_FACE('19682 L\X2\00F6\X0\tstift 90\X2\00B0\X0\',(#5090),#5056,.F.) ;
#5131=ADVANCED_FACE('19682 L\X2\00F6\X0\tstift 90\X2\00B0\X0\',(#5130),#5096,.F.) ;
#5162=ADVANCED_FACE('19682 L\X2\00F6\X0\tstift 90\X2\00B0\X0\',(#5161),#5136,.F.) ;
#5193=ADVANCED_FACE('19682 L\X2\00F6\X0\tstift 90\X2\00B0\X0\',(#5192),#5167,.F.) ;
#5215=ADVANCED_FACE('19682 L\X2\00F6\X0\tstift 90\X2\00B0\X0\',(#5214),#5198,.T.) ;
#5237=ADVANCED_FACE('19682 L\X2\00F6\X0\tstift 90\X2\00B0\X0\',(#5236),#5220,.F.) ;
#5251=ADVANCED_FACE('19682 L\X2\00F6\X0\tstift 90\X2\00B0\X0\',(#5250),#5242,.F.) ;
#5265=ADVANCED_FACE('19682 L\X2\00F6\X0\tstift 90\X2\00B0\X0\',(#5264),#5256,.F.) ;
#5303=ADVANCED_FACE('19682 L\X2\00F6\X0\tstift 90\X2\00B0\X0\',(#5302),#5056,.F.) ;
#5338=ADVANCED_FACE('19682 L\X2\00F6\X0\tstift 90\X2\00B0\X0\',(#5337),#5096,.F.) ;
#5364=ADVANCED_FACE('19682 L\X2\00F6\X0\tstift 90\X2\00B0\X0\',(#5363),#5136,.F.) ;
#5390=ADVANCED_FACE('19682 L\X2\00F6\X0\tstift 90\X2\00B0\X0\',(#5389),#5167,.F.) ;
#5407=ADVANCED_FACE('19682 L\X2\00F6\X0\tstift 90\X2\00B0\X0\',(#5406),#5198,.T.) ;
#5424=ADVANCED_FACE('19682 L\X2\00F6\X0\tstift 90\X2\00B0\X0\',(#5423),#5220,.F.) ;
#5438=ADVANCED_FACE('19682 L\X2\00F6\X0\tstift 90\X2\00B0\X0\',(#5437),#5429,.F.) ;
#5452=ADVANCED_FACE('19682 L\X2\00F6\X0\tstift 90\X2\00B0\X0\',(#5451),#5443,.F.) ;
#5490=ADVANCED_FACE('19682 L\X2\00F6\X0\tstift 90\X2\00B0\X0\',(#5489),#5056,.F.) ;
#5525=ADVANCED_FACE('19682 L\X2\00F6\X0\tstift 90\X2\00B0\X0\',(#5524),#5096,.F.) ;
#5551=ADVANCED_FACE('19682 L\X2\00F6\X0\tstift 90\X2\00B0\X0\',(#5550),#5136,.F.) ;
#5577=ADVANCED_FACE('19682 L\X2\00F6\X0\tstift 90\X2\00B0\X0\',(#5576),#5167,.F.) ;
#5594=ADVANCED_FACE('19682 L\X2\00F6\X0\tstift 90\X2\00B0\X0\',(#5593),#5198,.T.) ;
#5611=ADVANCED_FACE('19682 L\X2\00F6\X0\tstift 90\X2\00B0\X0\',(#5610),#5220,.F.) ;
#5625=ADVANCED_FACE('19682 L\X2\00F6\X0\tstift 90\X2\00B0\X0\',(#5624),#5616,.F.) ;
#5639=ADVANCED_FACE('19682 L\X2\00F6\X0\tstift 90\X2\00B0\X0\',(#5638),#5630,.F.) ;
#4=APPLICATION_PROTOCOL_DEFINITION('international standard','automotive_design',2001,#1) ;
#21=MANIFOLD_SOLID_BREP('HOUSING',#30) ;
#5042=MANIFOLD_SOLID_BREP('19682 L\X2\00F6\X0\tstift 90\X2\00B0\X0\.1',#5051) ;
#5266=MANIFOLD_SOLID_BREP('19682 L\X2\00F6\X0\tstift 90\X2\00B0\X0\.2',#5268) ;
#5453=MANIFOLD_SOLID_BREP('19682 L\X2\00F6\X0\tstift 90\X2\00B0\X0\.3',#5455) ;
#1120=CIRCLE('generated circle',#1119,0.4) ;
#1141=CIRCLE('generated circle',#1140,0.4) ;
#1232=CIRCLE('generated circle',#1231,0.4) ;
#1298=CIRCLE('generated circle',#1297,0.4) ;
#1305=CIRCLE('generated circle',#1304,0.4) ;
#1371=CIRCLE('generated circle',#1370,0.4) ;
#1378=CIRCLE('generated circle',#1377,0.4) ;
#1437=CIRCLE('generated circle',#1436,0.4) ;
#1715=CIRCLE('generated circle',#1714,0.4) ;
#1917=CIRCLE('generated circle',#1916,1.70000201318) ;
#1933=CIRCLE('generated circle',#1932,1.70000201318) ;
#1961=CIRCLE('generated circle',#1960,1.8) ;
#1999=CIRCLE('generated circle',#1998,1.8) ;
#2027=CIRCLE('generated circle',#2026,1.70000201318) ;
#2174=CIRCLE('generated circle',#2173,1.70000201318) ;
#2202=CIRCLE('generated circle',#2201,1.8) ;
#2244=CIRCLE('generated circle',#2243,1.8) ;
#2258=CIRCLE('generated circle',#2257,1.8) ;
#2300=CIRCLE('generated circle',#2299,1.8) ;
#2314=CIRCLE('generated circle',#2313,1.8) ;
#2356=CIRCLE('generated circle',#2355,1.8) ;
#2384=CIRCLE('generated circle',#2383,1.70000201318) ;
#2398=CIRCLE('generated circle',#2397,1.70000201318) ;
#2701=CIRCLE('generated circle',#2700,1.8) ;
#2729=CIRCLE('generated circle',#2728,1.8) ;
#3497=CIRCLE('generated circle',#3496,0.4) ;
#3654=CIRCLE('generated circle',#3653,0.4) ;
#3661=CIRCLE('generated circle',#3660,0.4) ;
#3857=CIRCLE('generated circle',#3856,1.8) ;
#3871=CIRCLE('generated circle',#3870,1.8) ;
#22=COLOUR_RGB('Colour',0.862745098039,0.435294117647,0.196078431373) ;
#5043=COLOUR_RGB('Colour',0.823529411765,0.823529411765,1.) ;
#5644=CONSTRUCTIVE_GEOMETRY_REPRESENTATION('supplemental geometry',(#5643),#16) ;
#5645=CONSTRUCTIVE_GEOMETRY_REPRESENTATION_RELATIONSHIP('supplemental geometry','',#19,#5644) ;
#2515=CYLINDRICAL_SURFACE('generated cylinder',#2514,0.4) ;
#2604=CYLINDRICAL_SURFACE('generated cylinder',#2603,0.4) ;
#2849=CYLINDRICAL_SURFACE('generated cylinder',#2848,1.8) ;
#2917=CYLINDRICAL_SURFACE('generated cylinder',#2916,1.70000201318) ;
#3982=CYLINDRICAL_SURFACE('generated cylinder',#3981,0.4) ;
#4064=CYLINDRICAL_SURFACE('generated cylinder',#4063,0.4) ;
#4112=CYLINDRICAL_SURFACE('generated cylinder',#4111,1.70000201318) ;
#4170=CYLINDRICAL_SURFACE('generated cylinder',#4169,1.8) ;
#4394=CYLINDRICAL_SURFACE('generated cylinder',#4393,1.8) ;
#4526=CYLINDRICAL_SURFACE('generated cylinder',#4525,1.70000201318) ;
#44=EDGE_CURVE('',#41,#43,#39,.T.) ;
#51=EDGE_CURVE('',#43,#50,#48,.T.) ;
#58=EDGE_CURVE('',#57,#50,#55,.T.) ;
#63=EDGE_CURVE('',#57,#41,#62,.T.) ;
#84=EDGE_CURVE('',#81,#83,#79,.T.) ;
#89=EDGE_CURVE('',#83,#43,#88,.T.) ;
#96=EDGE_CURVE('',#41,#95,#93,.T.) ;
#103=EDGE_CURVE('',#95,#102,#100,.T.) ;
#108=EDGE_CURVE('',#102,#81,#107,.T.) ;
#129=EDGE_CURVE('',#83,#128,#126,.T.) ;
#136=EDGE_CURVE('',#135,#128,#133,.T.) ;
#141=EDGE_CURVE('',#50,#135,#140,.F.) ;
#161=EDGE_CURVE('',#160,#50,#158,.T.) ;
#168=EDGE_CURVE('',#167,#160,#165,.T.) ;
#173=EDGE_CURVE('',#167,#57,#172,.T.) ;
#194=EDGE_CURVE('',#191,#193,#189,.T.) ;
#201=EDGE_CURVE('',#193,#200,#198,.F.) ;
#208=EDGE_CURVE('',#200,#207,#205,.T.) ;
#213=EDGE_CURVE('',#207,#191,#212,.F.) ;
#224=EDGE_CURVE('',#95,#167,#223,.T.) ;
#245=EDGE_CURVE('',#242,#244,#240,.T.) ;
#250=EDGE_CURVE('',#81,#244,#249,.T.) ;
#255=EDGE_CURVE('',#102,#160,#254,.F.) ;
#260=EDGE_CURVE('',#242,#160,#259,.T.) ;
#294=EDGE_CURVE('',#291,#293,#289,.T.) ;
#301=EDGE_CURVE('',#291,#300,#298,.T.) ;
#308=EDGE_CURVE('',#300,#307,#305,.T.) ;
#315=EDGE_CURVE('',#307,#314,#312,.T.) ;
#322=EDGE_CURVE('',#321,#314,#319,.T.) ;
#329=EDGE_CURVE('',#321,#328,#326,.T.) ;
#336=EDGE_CURVE('',#328,#335,#333,.T.) ;
#343=EDGE_CURVE('',#335,#342,#340,.T.) ;
#350=EDGE_CURVE('',#349,#342,#347,.T.) ;
#357=EDGE_CURVE('',#349,#356,#354,.T.) ;
#364=EDGE_CURVE('',#356,#363,#361,.T.) ;
#371=EDGE_CURVE('',#370,#363,#368,.F.) ;
#378=EDGE_CURVE('',#377,#370,#375,.T.) ;
#385=EDGE_CURVE('',#377,#384,#382,.T.) ;
#392=EDGE_CURVE('',#384,#391,#389,.T.) ;
#399=EDGE_CURVE('',#398,#391,#396,.F.) ;
#406=EDGE_CURVE('',#405,#398,#403,.T.) ;
#413=EDGE_CURVE('',#405,#412,#410,.T.) ;
#420=EDGE_CURVE('',#412,#419,#417,.T.) ;
#427=EDGE_CURVE('',#426,#419,#424,.T.) ;
#434=EDGE_CURVE('',#426,#433,#431,.T.) ;
#441=EDGE_CURVE('',#433,#440,#438,.T.) ;
#448=EDGE_CURVE('',#447,#440,#445,.T.) ;
#455=EDGE_CURVE('',#454,#447,#452,.T.) ;
#462=EDGE_CURVE('',#461,#454,#459,.T.) ;
#469=EDGE_CURVE('',#468,#461,#466,.T.) ;
#476=EDGE_CURVE('',#468,#475,#473,.T.) ;
#483=EDGE_CURVE('',#482,#475,#480,.T.) ;
#490=EDGE_CURVE('',#482,#489,#487,.T.) ;
#497=EDGE_CURVE('',#496,#489,#494,.F.) ;
#504=EDGE_CURVE('',#503,#496,#501,.T.) ;
#511=EDGE_CURVE('',#510,#503,#508,.T.) ;
#518=EDGE_CURVE('',#517,#510,#515,.T.) ;
#525=EDGE_CURVE('',#524,#517,#522,.T.) ;
#532=EDGE_CURVE('',#524,#531,#529,.T.) ;
#539=EDGE_CURVE('',#538,#531,#536,.T.) ;
#546=EDGE_CURVE('',#538,#545,#543,.T.) ;
#553=EDGE_CURVE('',#552,#545,#550,.F.) ;
#560=EDGE_CURVE('',#559,#552,#557,.T.) ;
#565=EDGE_CURVE('',#128,#559,#564,.T.) ;
#572=EDGE_CURVE('',#571,#244,#569,.T.) ;
#579=EDGE_CURVE('',#571,#578,#576,.T.) ;
#586=EDGE_CURVE('',#585,#578,#583,.F.) ;
#593=EDGE_CURVE('',#592,#585,#590,.T.) ;
#600=EDGE_CURVE('',#599,#592,#597,.T.) ;
#607=EDGE_CURVE('',#606,#599,#604,.T.) ;
#614=EDGE_CURVE('',#606,#613,#611,.T.) ;
#621=EDGE_CURVE('',#613,#620,#618,.T.) ;
#628=EDGE_CURVE('',#620,#627,#625,.T.) ;
#635=EDGE_CURVE('',#634,#627,#632,.T.) ;
#642=EDGE_CURVE('',#634,#641,#639,.T.) ;
#649=EDGE_CURVE('',#641,#648,#646,.T.) ;
#656=EDGE_CURVE('',#648,#655,#653,.T.) ;
#663=EDGE_CURVE('',#662,#655,#660,.T.) ;
#670=EDGE_CURVE('',#662,#669,#667,.T.) ;
#677=EDGE_CURVE('',#669,#676,#674,.T.) ;
#682=EDGE_CURVE('',#676,#293,#681,.T.) ;
#757=EDGE_CURVE('',#756,#599,#754,.T.) ;
#764=EDGE_CURVE('',#592,#763,#761,.T.) ;
#771=EDGE_CURVE('',#770,#763,#768,.T.) ;
#776=EDGE_CURVE('',#571,#770,#775,.T.) ;
#781=EDGE_CURVE('',#135,#242,#780,.F.) ;
#788=EDGE_CURVE('',#559,#787,#785,.T.) ;
#795=EDGE_CURVE('',#794,#787,#792,.T.) ;
#802=EDGE_CURVE('',#801,#794,#799,.T.) ;
#809=EDGE_CURVE('',#801,#808,#806,.T.) ;
#816=EDGE_CURVE('',#808,#815,#813,.T.) ;
#823=EDGE_CURVE('',#815,#822,#820,.T.) ;
#830=EDGE_CURVE('',#829,#822,#827,.T.) ;
#835=EDGE_CURVE('',#538,#829,#834,.T.) ;
#842=EDGE_CURVE('',#841,#531,#839,.T.) ;
#849=EDGE_CURVE('',#848,#841,#846,.F.) ;
#854=EDGE_CURVE('',#848,#510,#853,.T.) ;
#861=EDGE_CURVE('',#503,#860,#858,.T.) ;
#868=EDGE_CURVE('',#867,#860,#865,.T.) ;
#875=EDGE_CURVE('',#874,#867,#872,.T.) ;
#882=EDGE_CURVE('',#874,#881,#879,.T.) ;
#889=EDGE_CURVE('',#881,#888,#886,.T.) ;
#896=EDGE_CURVE('',#888,#895,#893,.T.) ;
#903=EDGE_CURVE('',#902,#895,#900,.T.) ;
#908=EDGE_CURVE('',#482,#902,#907,.T.) ;
#915=EDGE_CURVE('',#914,#475,#912,.T.) ;
#922=EDGE_CURVE('',#921,#914,#919,.F.) ;
#927=EDGE_CURVE('',#921,#454,#926,.T.) ;
#934=EDGE_CURVE('',#447,#933,#931,.T.) ;
#941=EDGE_CURVE('',#940,#933,#938,.T.) ;
#946=EDGE_CURVE('',#426,#940,#945,.T.) ;
#953=EDGE_CURVE('',#952,#419,#950,.T.) ;
#958=EDGE_CURVE('',#756,#952,#957,.T.) ;
#1027=EDGE_CURVE('',#1026,#191,#1024,.T.) ;
#1034=EDGE_CURVE('',#1026,#1033,#1031,.T.) ;
#1039=EDGE_CURVE('',#1033,#193,#1038,.T.) ;
#1058=EDGE_CURVE('',#1033,#1057,#1055,.F.) ;
#1063=EDGE_CURVE('',#1057,#200,#1062,.T.) ;
#1082=EDGE_CURVE('',#1057,#1081,#1079,.T.) ;
#1087=EDGE_CURVE('',#1081,#207,#1086,.T.) ;
#1104=EDGE_CURVE('',#1081,#1026,#1103,.F.) ;
#1125=EDGE_CURVE('',#1122,#1124,#1120,.T.) ;
#1130=EDGE_CURVE('',#293,#1122,#1129,.T.) ;
#1137=EDGE_CURVE('',#676,#1136,#1134,.T.) ;
#1142=EDGE_CURVE('',#1124,#1136,#1141,.T.) ;
#1162=EDGE_CURVE('',#669,#1161,#1159,.T.) ;
#1167=EDGE_CURVE('',#1161,#1136,#1166,.T.) ;
#1188=EDGE_CURVE('',#1185,#1187,#1183,.T.) ;
#1195=EDGE_CURVE('',#1187,#1194,#1192,.T.) ;
#1202=EDGE_CURVE('',#1201,#1194,#1199,.F.) ;
#1209=EDGE_CURVE('',#1208,#1201,#1206,.T.) ;
#1216=EDGE_CURVE('',#1208,#1215,#1213,.T.) ;
#1221=EDGE_CURVE('',#412,#1215,#1220,.T.) ;
#1228=EDGE_CURVE('',#405,#1227,#1225,.T.) ;
#1235=EDGE_CURVE('',#1227,#1234,#1232,.F.) ;
#1240=EDGE_CURVE('',#1234,#384,#1239,.F.) ;
#1247=EDGE_CURVE('',#377,#1246,#1244,.F.) ;
#1254=EDGE_CURVE('',#1246,#1253,#1251,.T.) ;
#1261=EDGE_CURVE('',#1253,#1260,#1258,.F.) ;
#1268=EDGE_CURVE('',#1260,#1267,#1265,.T.) ;
#1275=EDGE_CURVE('',#1267,#1274,#1272,.F.) ;
#1282=EDGE_CURVE('',#1274,#1281,#1279,.T.) ;
#1287=EDGE_CURVE('',#1281,#356,#1286,.F.) ;
#1294=EDGE_CURVE('',#349,#1293,#1291,.T.) ;
#1301=EDGE_CURVE('',#1300,#1293,#1298,.T.) ;
#1308=EDGE_CURVE('',#1307,#1300,#1305,.T.) ;
#1313=EDGE_CURVE('',#328,#1307,#1312,.T.) ;
#1320=EDGE_CURVE('',#1319,#321,#1317,.F.) ;
#1327=EDGE_CURVE('',#1326,#1319,#1324,.F.) ;
#1334=EDGE_CURVE('',#1333,#1326,#1331,.F.) ;
#1341=EDGE_CURVE('',#1340,#1333,#1338,.F.) ;
#1348=EDGE_CURVE('',#1347,#1340,#1345,.F.) ;
#1355=EDGE_CURVE('',#1354,#1347,#1352,.F.) ;
#1360=EDGE_CURVE('',#300,#1354,#1359,.F.) ;
#1367=EDGE_CURVE('',#1366,#291,#1364,.F.) ;
#1374=EDGE_CURVE('',#1373,#1366,#1371,.T.) ;
#1379=EDGE_CURVE('',#1161,#1373,#1378,.T.) ;
#1386=EDGE_CURVE('',#1385,#662,#1383,.F.) ;
#1393=EDGE_CURVE('',#1392,#1385,#1390,.F.) ;
#1400=EDGE_CURVE('',#1399,#1392,#1397,.F.) ;
#1407=EDGE_CURVE('',#1406,#1399,#1404,.F.) ;
#1414=EDGE_CURVE('',#1413,#1406,#1411,.F.) ;
#1421=EDGE_CURVE('',#1420,#1413,#1418,.F.) ;
#1426=EDGE_CURVE('',#641,#1420,#1425,.F.) ;
#1433=EDGE_CURVE('',#1432,#634,#1430,.F.) ;
#1440=EDGE_CURVE('',#1439,#1432,#1437,.T.) ;
#1445=EDGE_CURVE('',#613,#1439,#1444,.T.) ;
#1452=EDGE_CURVE('',#606,#1451,#1449,.T.) ;
#1459=EDGE_CURVE('',#1451,#1458,#1456,.T.) ;
#1466=EDGE_CURVE('',#1458,#1465,#1463,.T.) ;
#1473=EDGE_CURVE('',#1465,#1472,#1470,.T.) ;
#1480=EDGE_CURVE('',#1479,#1472,#1477,.T.) ;
#1487=EDGE_CURVE('',#1479,#1486,#1484,.T.) ;
#1494=EDGE_CURVE('',#1486,#1493,#1491,.T.) ;
#1501=EDGE_CURVE('',#1493,#1500,#1498,.T.) ;
#1508=EDGE_CURVE('',#1500,#1507,#1505,.T.) ;
#1515=EDGE_CURVE('',#1514,#1507,#1512,.T.) ;
#1520=EDGE_CURVE('',#1514,#1185,#1519,.T.) ;
#1595=EDGE_CURVE('',#655,#1594,#1592,.T.) ;
#1600=EDGE_CURVE('',#1385,#1594,#1599,.T.) ;
#1619=EDGE_CURVE('',#1618,#648,#1616,.T.) ;
#1626=EDGE_CURVE('',#1625,#1618,#1623,.T.) ;
#1633=EDGE_CURVE('',#1632,#1625,#1630,.T.) ;
#1640=EDGE_CURVE('',#1639,#1632,#1637,.T.) ;
#1647=EDGE_CURVE('',#1646,#1639,#1644,.T.) ;
#1652=EDGE_CURVE('',#1594,#1646,#1651,.T.) ;
#1673=EDGE_CURVE('',#1420,#1618,#1672,.T.) ;
#1692=EDGE_CURVE('',#627,#1691,#1689,.T.) ;
#1697=EDGE_CURVE('',#1432,#1691,#1696,.T.) ;
#1711=EDGE_CURVE('',#620,#1710,#1708,.T.) ;
#1716=EDGE_CURVE('',#1691,#1710,#1715,.T.) ;
#1733=EDGE_CURVE('',#1439,#1710,#1732,.T.) ;
#1750=EDGE_CURVE('',#756,#1451,#1749,.T.) ;
#1764=EDGE_CURVE('',#585,#1763,#1761,.T.) ;
#1771=EDGE_CURVE('',#1770,#1763,#1768,.T.) ;
#1778=EDGE_CURVE('',#1770,#1777,#1775,.T.) ;
#1783=EDGE_CURVE('',#763,#1777,#1782,.T.) ;
#1804=EDGE_CURVE('',#1803,#1763,#1801,.T.) ;
#1809=EDGE_CURVE('',#578,#1803,#1808,.T.) ;
#1828=EDGE_CURVE('',#770,#1827,#1825,.T.) ;
#1835=EDGE_CURVE('',#1827,#1834,#1832,.T.) ;
#1840=EDGE_CURVE('',#1834,#1803,#1839,.T.) ;
#1861=EDGE_CURVE('',#552,#1860,#1858,.T.) ;
#1868=EDGE_CURVE('',#1860,#1867,#1865,.T.) ;
#1875=EDGE_CURVE('',#1874,#1867,#1872,.T.) ;
#1880=EDGE_CURVE('',#787,#1874,#1879,.T.) ;
#1896=EDGE_CURVE('',#1895,#1860,#1893,.T.) ;
#1901=EDGE_CURVE('',#545,#1895,#1900,.T.) ;
#1922=EDGE_CURVE('',#1919,#1921,#1917,.T.) ;
#1929=EDGE_CURVE('',#1928,#1919,#1926,.F.) ;
#1936=EDGE_CURVE('',#1935,#1928,#1933,.T.) ;
#1943=EDGE_CURVE('',#1942,#1935,#1940,.F.) ;
#1950=EDGE_CURVE('',#1949,#1942,#1947,.T.) ;
#1957=EDGE_CURVE('',#1956,#1949,#1954,.F.) ;
#1964=EDGE_CURVE('',#1963,#1956,#1961,.F.) ;
#1971=EDGE_CURVE('',#1970,#1963,#1968,.F.) ;
#1976=EDGE_CURVE('',#1458,#1970,#1975,.T.) ;
#1981=EDGE_CURVE('',#952,#1215,#1980,.T.) ;
#1988=EDGE_CURVE('',#1208,#1987,#1985,.T.) ;
#1995=EDGE_CURVE('',#1994,#1987,#1992,.T.) ;
#2002=EDGE_CURVE('',#2001,#1994,#1999,.F.) ;
#2009=EDGE_CURVE('',#2008,#2001,#2006,.T.) ;
#2016=EDGE_CURVE('',#2015,#2008,#2013,.F.) ;
#2023=EDGE_CURVE('',#2022,#2015,#2020,.T.) ;
#2030=EDGE_CURVE('',#2029,#2022,#2027,.T.) ;
#2035=EDGE_CURVE('',#1921,#2029,#2034,.F.) ;
#2070=EDGE_CURVE('',#1827,#1777,#2069,.T.) ;
#2084=EDGE_CURVE('',#2083,#1874,#2081,.T.) ;
#2089=EDGE_CURVE('',#794,#2083,#2088,.T.) ;
#2108=EDGE_CURVE('',#2083,#2107,#2105,.T.) ;
#2115=EDGE_CURVE('',#2107,#2114,#2112,.T.) ;
#2122=EDGE_CURVE('',#2121,#2114,#2119,.T.) ;
#2127=EDGE_CURVE('',#801,#2121,#2126,.T.) ;
#2143=EDGE_CURVE('',#815,#2142,#2140,.T.) ;
#2148=EDGE_CURVE('',#2142,#2121,#2147,.F.) ;
#2170=EDGE_CURVE('',#2167,#2169,#2165,.T.) ;
#2177=EDGE_CURVE('',#2176,#2167,#2174,.T.) ;
#2184=EDGE_CURVE('',#2183,#2176,#2181,.T.) ;
#2191=EDGE_CURVE('',#2190,#2183,#2188,.T.) ;
#2198=EDGE_CURVE('',#2190,#2197,#2195,.T.) ;
#2205=EDGE_CURVE('',#2197,#2204,#2202,.T.) ;
#2212=EDGE_CURVE('',#2204,#2211,#2209,.T.) ;
#2219=EDGE_CURVE('',#2211,#2218,#2216,.T.) ;
#2226=EDGE_CURVE('',#2225,#2218,#2223,.T.) ;
#2233=EDGE_CURVE('',#2225,#2232,#2230,.T.) ;
#2240=EDGE_CURVE('',#2239,#2232,#2237,.T.) ;
#2247=EDGE_CURVE('',#2239,#2246,#2244,.T.) ;
#2254=EDGE_CURVE('',#2246,#2253,#2251,.T.) ;
#2261=EDGE_CURVE('',#2253,#2260,#2258,.T.) ;
#2268=EDGE_CURVE('',#2260,#2267,#2265,.T.) ;
#2275=EDGE_CURVE('',#2274,#2267,#2272,.T.) ;
#2282=EDGE_CURVE('',#2281,#2274,#2279,.T.) ;
#2289=EDGE_CURVE('',#2288,#2281,#2286,.T.) ;
#2296=EDGE_CURVE('',#2295,#2288,#2293,.T.) ;
#2303=EDGE_CURVE('',#2295,#2302,#2300,.T.) ;
#2310=EDGE_CURVE('',#2302,#2309,#2307,.T.) ;
#2317=EDGE_CURVE('',#2309,#2316,#2314,.T.) ;
#2324=EDGE_CURVE('',#2316,#2323,#2321,.T.) ;
#2331=EDGE_CURVE('',#2330,#2323,#2328,.T.) ;
#2338=EDGE_CURVE('',#2337,#2330,#2335,.T.) ;
#2345=EDGE_CURVE('',#2344,#2337,#2342,.T.) ;
#2352=EDGE_CURVE('',#2351,#2344,#2349,.T.) ;
#2359=EDGE_CURVE('',#2351,#2358,#2356,.T.) ;
#2366=EDGE_CURVE('',#2358,#2365,#2363,.T.) ;
#2373=EDGE_CURVE('',#2365,#2372,#2370,.T.) ;
#2380=EDGE_CURVE('',#2379,#2372,#2377,.T.) ;
#2387=EDGE_CURVE('',#2386,#2379,#2384,.T.) ;
#2394=EDGE_CURVE('',#2393,#2386,#2391,.T.) ;
#2399=EDGE_CURVE('',#2169,#2393,#2398,.T.) ;
#2450=EDGE_CURVE('',#2447,#2449,#2445,.T.) ;
#2457=EDGE_CURVE('',#2456,#2447,#2454,.F.) ;
#2464=EDGE_CURVE('',#2463,#2456,#2461,.T.) ;
#2469=EDGE_CURVE('',#2449,#2463,#2468,.F.) ;
#2484=EDGE_CURVE('',#2481,#2483,#2479,.T.) ;
#2491=EDGE_CURVE('',#2490,#2481,#2488,.F.) ;
#2498=EDGE_CURVE('',#2497,#2490,#2495,.T.) ;
#2503=EDGE_CURVE('',#2483,#2497,#2502,.F.) ;
#2520=EDGE_CURVE('',#1366,#1122,#2519,.F.) ;
#2539=EDGE_CURVE('',#1392,#1646,#2538,.T.) ;
#2556=EDGE_CURVE('',#1399,#1639,#2555,.T.) ;
#2568=EDGE_CURVE('',#1406,#1632,#2567,.T.) ;
#2585=EDGE_CURVE('',#1413,#1625,#2584,.T.) ;
#2621=EDGE_CURVE('',#1970,#2344,#2620,.T.) ;
#2628=EDGE_CURVE('',#2627,#2337,#2625,.T.) ;
#2633=EDGE_CURVE('',#1465,#2627,#2632,.T.) ;
#2654=EDGE_CURVE('',#2653,#1472,#2651,.T.) ;
#2659=EDGE_CURVE('',#2627,#2653,#2658,.T.) ;
#2678=EDGE_CURVE('',#2677,#2323,#2675,.T.) ;
#2683=EDGE_CURVE('',#2677,#1479,#2682,.F.) ;
#2688=EDGE_CURVE('',#2653,#2330,#2687,.T.) ;
#2706=EDGE_CURVE('',#2703,#2705,#2701,.F.) ;
#2713=EDGE_CURVE('',#2712,#2703,#2710,.F.) ;
#2718=EDGE_CURVE('',#1493,#2712,#2717,.T.) ;
#2725=EDGE_CURVE('',#2724,#2677,#2722,.T.) ;
#2732=EDGE_CURVE('',#2731,#2724,#2729,.F.) ;
#2737=EDGE_CURVE('',#2705,#2731,#2736,.F.) ;
#2759=EDGE_CURVE('',#1770,#1834,#2758,.T.) ;
#2785=EDGE_CURVE('',#2784,#1895,#2782,.T.) ;
#2792=EDGE_CURVE('',#2791,#2784,#2789,.T.) ;
#2799=EDGE_CURVE('',#2798,#2791,#2796,.T.) ;
#2804=EDGE_CURVE('',#2114,#2798,#2803,.T.) ;
#2809=EDGE_CURVE('',#1867,#2107,#2808,.T.) ;
#2837=EDGE_CURVE('',#1963,#2351,#2836,.T.) ;
#2854=EDGE_CURVE('',#1956,#2358,#2853,.F.) ;
#2871=EDGE_CURVE('',#1949,#2365,#2870,.T.) ;
#2888=EDGE_CURVE('',#1942,#2372,#2887,.T.) ;
#2905=EDGE_CURVE('',#1935,#2379,#2904,.T.) ;
#2922=EDGE_CURVE('',#1928,#2386,#2921,.F.) ;
#2934=EDGE_CURVE('',#1919,#2393,#2933,.T.) ;
#2951=EDGE_CURVE('',#2142,#2798,#2950,.T.) ;
#2963=EDGE_CURVE('',#2731,#2309,#2962,.T.) ;
#2968=EDGE_CURVE('',#2705,#2302,#2967,.T.) ;
#2980=EDGE_CURVE('',#2724,#2316,#2979,.F.) ;
#3025=EDGE_CURVE('',#3022,#3024,#3020,.T.) ;
#3032=EDGE_CURVE('',#3031,#3024,#3029,.T.) ;
#3039=EDGE_CURVE('',#3038,#3031,#3036,.T.) ;
#3044=EDGE_CURVE('',#3038,#3022,#3043,.T.) ;
#3065=EDGE_CURVE('',#3062,#3064,#3060,.T.) ;
#3070=EDGE_CURVE('',#3024,#3064,#3069,.T.) ;
#3075=EDGE_CURVE('',#3022,#3062,#3074,.T.) ;
#3092=EDGE_CURVE('',#468,#3031,#3091,.T.) ;
#3097=EDGE_CURVE('',#914,#3024,#3096,.T.) ;
#3117=EDGE_CURVE('',#3116,#461,#3114,.T.) ;
#3124=EDGE_CURVE('',#3123,#3116,#3121,.T.) ;
#3129=EDGE_CURVE('',#3123,#3038,#3128,.T.) ;
#3152=EDGE_CURVE('',#3149,#3151,#3147,.T.) ;
#3159=EDGE_CURVE('',#3151,#3158,#3156,.F.) ;
#3166=EDGE_CURVE('',#3158,#3165,#3163,.T.) ;
#3171=EDGE_CURVE('',#3165,#3149,#3170,.F.) ;
#3182=EDGE_CURVE('',#3062,#3123,#3181,.T.) ;
#3199=EDGE_CURVE('',#3116,#3064,#3198,.T.) ;
#3216=EDGE_CURVE('',#3064,#921,#3215,.F.) ;
#3246=EDGE_CURVE('',#2481,#3149,#3245,.T.) ;
#3251=EDGE_CURVE('',#2483,#3151,#3250,.T.) ;
#3268=EDGE_CURVE('',#2497,#3158,#3267,.T.) ;
#3285=EDGE_CURVE('',#2490,#3165,#3284,.T.) ;
#3311=EDGE_CURVE('',#489,#3310,#3308,.T.) ;
#3318=EDGE_CURVE('',#3310,#3317,#3315,.T.) ;
#3323=EDGE_CURVE('',#496,#3317,#3322,.T.) ;
#3342=EDGE_CURVE('',#902,#3341,#3339,.T.) ;
#3349=EDGE_CURVE('',#3341,#3348,#3346,.T.) ;
#3354=EDGE_CURVE('',#3310,#3348,#3353,.T.) ;
#3375=EDGE_CURVE('',#440,#3374,#3372,.T.) ;
#3382=EDGE_CURVE('',#3381,#3374,#3379,.T.) ;
#3389=EDGE_CURVE('',#3388,#3381,#3386,.T.) ;
#3394=EDGE_CURVE('',#933,#3388,#3393,.T.) ;
#3410=EDGE_CURVE('',#433,#3409,#3407,.T.) ;
#3415=EDGE_CURVE('',#3374,#3409,#3414,.F.) ;
#3434=EDGE_CURVE('',#940,#3433,#3431,.T.) ;
#3441=EDGE_CURVE('',#3440,#3433,#3438,.T.) ;
#3446=EDGE_CURVE('',#3440,#3409,#3445,.T.) ;
#3474=EDGE_CURVE('',#398,#3473,#3471,.T.) ;
#3479=EDGE_CURVE('',#1227,#3473,#3478,.T.) ;
#3493=EDGE_CURVE('',#391,#3492,#3490,.T.) ;
#3498=EDGE_CURVE('',#3492,#3473,#3497,.F.) ;
#3515=EDGE_CURVE('',#1234,#3492,#3514,.T.) ;
#3534=EDGE_CURVE('',#1246,#3533,#3531,.T.) ;
#3539=EDGE_CURVE('',#3533,#370,#3538,.T.) ;
#3560=EDGE_CURVE('',#3557,#3559,#3555,.F.) ;
#3567=EDGE_CURVE('',#3559,#3566,#3564,.T.) ;
#3574=EDGE_CURVE('',#3566,#3573,#3571,.F.) ;
#3581=EDGE_CURVE('',#3573,#3580,#3578,.T.) ;
#3586=EDGE_CURVE('',#3580,#3533,#3585,.F.) ;
#3591=EDGE_CURVE('',#363,#3557,#3590,.T.) ;
#3612=EDGE_CURVE('',#1281,#3557,#3611,.T.) ;
#3631=EDGE_CURVE('',#342,#3630,#3628,.T.) ;
#3636=EDGE_CURVE('',#1293,#3630,#3635,.T.) ;
#3650=EDGE_CURVE('',#335,#3649,#3647,.T.) ;
#3657=EDGE_CURVE('',#3656,#3649,#3654,.T.) ;
#3662=EDGE_CURVE('',#3630,#3656,#3661,.T.) ;
#3677=EDGE_CURVE('',#874,#3676,#3674,.T.) ;
#3684=EDGE_CURVE('',#3683,#3676,#3681,.F.) ;
#3689=EDGE_CURVE('',#888,#3683,#3688,.T.) ;
#3709=EDGE_CURVE('',#3683,#3708,#3706,.T.) ;
#3716=EDGE_CURVE('',#3715,#3708,#3713,.T.) ;
#3723=EDGE_CURVE('',#3722,#3715,#3720,.T.) ;
#3728=EDGE_CURVE('',#895,#3722,#3727,.T.) ;
#3747=EDGE_CURVE('',#3722,#3341,#3746,.F.) ;
#3759=EDGE_CURVE('',#3388,#3433,#3758,.F.) ;
#3775=EDGE_CURVE('',#3772,#3774,#3770,.F.) ;
#3782=EDGE_CURVE('',#3781,#3774,#3779,.T.) ;
#3787=EDGE_CURVE('',#3781,#3317,#3786,.F.) ;
#3792=EDGE_CURVE('',#3348,#3715,#3791,.F.) ;
#3797=EDGE_CURVE('',#3772,#3708,#3796,.T.) ;
#3825=EDGE_CURVE('',#3440,#3381,#3824,.F.) ;
#3846=EDGE_CURVE('',#3845,#1514,#3843,.F.) ;
#3853=EDGE_CURVE('',#3852,#3845,#3850,.T.) ;
#3860=EDGE_CURVE('',#3859,#3852,#3857,.F.) ;
#3867=EDGE_CURVE('',#3866,#3859,#3864,.F.) ;
#3874=EDGE_CURVE('',#3873,#3866,#3871,.F.) ;
#3881=EDGE_CURVE('',#3880,#3873,#3878,.F.) ;
#3886=EDGE_CURVE('',#3880,#1187,#3885,.F.) ;
#3908=EDGE_CURVE('',#3880,#2232,#3907,.T.) ;
#3915=EDGE_CURVE('',#3914,#2225,#3912,.T.) ;
#3920=EDGE_CURVE('',#3914,#1194,#3919,.T.) ;
#3941=EDGE_CURVE('',#1201,#3940,#3938,.T.) ;
#3946=EDGE_CURVE('',#3914,#3940,#3945,.T.) ;
#3963=EDGE_CURVE('',#1987,#2211,#3962,.T.) ;
#3968=EDGE_CURVE('',#3940,#2218,#3967,.T.) ;
#3999=EDGE_CURVE('',#1253,#3580,#3998,.T.) ;
#4016=EDGE_CURVE('',#1260,#3573,#4015,.T.) ;
#4028=EDGE_CURVE('',#1267,#3566,#4027,.T.) ;
#4045=EDGE_CURVE('',#1274,#3559,#4044,.T.) ;
#4069=EDGE_CURVE('',#1307,#3649,#4068,.T.) ;
#4083=EDGE_CURVE('',#3676,#3772,#4082,.T.) ;
#4095=EDGE_CURVE('',#2029,#2167,#4094,.T.) ;
#4100=EDGE_CURVE('',#1921,#2169,#4099,.T.) ;
#4117=EDGE_CURVE('',#2022,#2176,#4116,.F.) ;
#4129=EDGE_CURVE('',#2015,#2183,#4128,.T.) ;
#4146=EDGE_CURVE('',#2008,#2190,#4145,.T.) ;
#4158=EDGE_CURVE('',#2001,#2197,#4157,.T.) ;
#4175=EDGE_CURVE('',#1994,#2204,#4174,.F.) ;
#4216=EDGE_CURVE('',#3873,#2239,#4215,.T.) ;
#4228=EDGE_CURVE('',#3866,#2246,#4227,.F.) ;
#4240=EDGE_CURVE('',#3859,#2253,#4239,.T.) ;
#4259=EDGE_CURVE('',#2463,#4258,#4256,.T.) ;
#4266=EDGE_CURVE('',#2456,#4265,#4263,.T.) ;
#4271=EDGE_CURVE('',#4258,#4265,#4270,.T.) ;
#4290=EDGE_CURVE('',#2449,#4289,#4287,.T.) ;
#4295=EDGE_CURVE('',#4289,#4258,#4294,.F.) ;
#4314=EDGE_CURVE('',#2447,#4313,#4311,.T.) ;
#4319=EDGE_CURVE('',#4265,#4313,#4318,.F.) ;
#4336=EDGE_CURVE('',#4313,#4289,#4335,.T.) ;
#4351=EDGE_CURVE('',#4348,#4350,#4346,.T.) ;
#4358=EDGE_CURVE('',#4357,#4348,#4355,.T.) ;
#4365=EDGE_CURVE('',#4364,#4357,#4362,.T.) ;
#4370=EDGE_CURVE('',#4350,#4364,#4369,.T.) ;
#4399=EDGE_CURVE('',#3852,#2260,#4398,.F.) ;
#4416=EDGE_CURVE('',#3845,#2267,#4415,.T.) ;
#4435=EDGE_CURVE('',#4434,#1507,#4432,.T.) ;
#4440=EDGE_CURVE('',#4434,#2274,#4439,.T.) ;
#4461=EDGE_CURVE('',#4460,#4434,#4458,.T.) ;
#4466=EDGE_CURVE('',#4460,#2281,#4465,.T.) ;
#4483=EDGE_CURVE('',#2712,#2288,#4482,.T.) ;
#4488=EDGE_CURVE('',#1500,#4460,#4487,.T.) ;
#4507=EDGE_CURVE('',#2703,#2295,#4506,.T.) ;
#4545=EDGE_CURVE('',#4350,#4544,#4542,.T.) ;
#4552=EDGE_CURVE('',#4544,#4551,#4549,.T.) ;
#4557=EDGE_CURVE('',#4348,#4551,#4556,.T.) ;
#4576=EDGE_CURVE('',#4575,#4551,#4573,.T.) ;
#4581=EDGE_CURVE('',#4357,#4575,#4580,.T.) ;
#4600=EDGE_CURVE('',#4599,#4575,#4597,.T.) ;
#4605=EDGE_CURVE('',#4364,#4599,#4604,.T.) ;
#4622=EDGE_CURVE('',#517,#4544,#4621,.T.) ;
#4627=EDGE_CURVE('',#4599,#524,#4626,.T.) ;
#4658=EDGE_CURVE('',#4551,#848,#4657,.F.) ;
#4676=EDGE_CURVE('',#841,#4575,#4675,.T.) ;
#4720=EDGE_CURVE('',#314,#4719,#4717,.T.) ;
#4725=EDGE_CURVE('',#1319,#4719,#4724,.T.) ;
#4744=EDGE_CURVE('',#4719,#4743,#4741,.T.) ;
#4749=EDGE_CURVE('',#1326,#4743,#4748,.T.) ;
#4768=EDGE_CURVE('',#4743,#4767,#4765,.T.) ;
#4773=EDGE_CURVE('',#1333,#4767,#4772,.T.) ;
#4792=EDGE_CURVE('',#4767,#4791,#4789,.T.) ;
#4797=EDGE_CURVE('',#1340,#4791,#4796,.T.) ;
#4816=EDGE_CURVE('',#4791,#4815,#4813,.T.) ;
#4821=EDGE_CURVE('',#1347,#4815,#4820,.T.) ;
#4835=EDGE_CURVE('',#4815,#4834,#4832,.T.) ;
#4840=EDGE_CURVE('',#1354,#4834,#4839,.T.) ;
#4857=EDGE_CURVE('',#4834,#307,#4856,.T.) ;
#4888=EDGE_CURVE('',#4887,#2791,#4885,.T.) ;
#4893=EDGE_CURVE('',#822,#4887,#4892,.T.) ;
#4909=EDGE_CURVE('',#4908,#4887,#4906,.T.) ;
#4914=EDGE_CURVE('',#829,#4908,#4913,.T.) ;
#4931=EDGE_CURVE('',#4908,#2784,#4930,.T.) ;
#4952=EDGE_CURVE('',#4951,#3781,#4949,.T.) ;
#4957=EDGE_CURVE('',#860,#4951,#4956,.T.) ;
#4973=EDGE_CURVE('',#4972,#4951,#4970,.T.) ;
#4978=EDGE_CURVE('',#867,#4972,#4977,.T.) ;
#4995=EDGE_CURVE('',#4972,#3774,#4994,.T.) ;
#5065=EDGE_CURVE('',#5062,#5064,#5060,.T.) ;
#5072=EDGE_CURVE('',#5071,#5064,#5069,.T.) ;
#5079=EDGE_CURVE('',#5078,#5071,#5076,.T.) ;
#5084=EDGE_CURVE('',#5078,#5062,#5083,.T.) ;
#5105=EDGE_CURVE('',#5102,#5104,#5100,.T.) ;
#5112=EDGE_CURVE('',#5111,#5104,#5109,.T.) ;
#5119=EDGE_CURVE('',#5118,#5111,#5116,.T.) ;
#5124=EDGE_CURVE('',#5118,#5102,#5123,.T.) ;
#5143=EDGE_CURVE('',#5062,#5142,#5140,.T.) ;
#5150=EDGE_CURVE('',#5142,#5149,#5147,.T.) ;
#5155=EDGE_CURVE('',#5064,#5149,#5154,.T.) ;
#5174=EDGE_CURVE('',#5102,#5173,#5171,.T.) ;
#5181=EDGE_CURVE('',#5173,#5180,#5178,.T.) ;
#5186=EDGE_CURVE('',#5104,#5180,#5185,.T.) ;
#5203=EDGE_CURVE('',#5111,#5078,#5202,.T.) ;
#5208=EDGE_CURVE('',#5071,#5118,#5207,.T.) ;
#5225=EDGE_CURVE('',#5149,#5173,#5224,.T.) ;
#5230=EDGE_CURVE('',#5180,#5142,#5229,.T.) ;
#5277=EDGE_CURVE('',#5274,#5276,#5272,.T.) ;
#5284=EDGE_CURVE('',#5283,#5276,#5281,.T.) ;
#5291=EDGE_CURVE('',#5290,#5283,#5288,.T.) ;
#5296=EDGE_CURVE('',#5290,#5274,#5295,.T.) ;
#5312=EDGE_CURVE('',#5309,#5311,#5307,.T.) ;
#5319=EDGE_CURVE('',#5318,#5311,#5316,.T.) ;
#5326=EDGE_CURVE('',#5325,#5318,#5323,.T.) ;
#5331=EDGE_CURVE('',#5325,#5309,#5330,.T.) ;
#5345=EDGE_CURVE('',#5274,#5344,#5342,.T.) ;
#5352=EDGE_CURVE('',#5344,#5351,#5349,.T.) ;
#5357=EDGE_CURVE('',#5276,#5351,#5356,.T.) ;
#5371=EDGE_CURVE('',#5309,#5370,#5368,.T.) ;
#5378=EDGE_CURVE('',#5370,#5377,#5375,.T.) ;
#5383=EDGE_CURVE('',#5311,#5377,#5382,.T.) ;
#5395=EDGE_CURVE('',#5318,#5290,#5394,.T.) ;
#5400=EDGE_CURVE('',#5283,#5325,#5399,.T.) ;
#5412=EDGE_CURVE('',#5351,#5370,#5411,.T.) ;
#5417=EDGE_CURVE('',#5377,#5344,#5416,.T.) ;
#5464=EDGE_CURVE('',#5461,#5463,#5459,.T.) ;
#5471=EDGE_CURVE('',#5470,#5463,#5468,.T.) ;
#5478=EDGE_CURVE('',#5477,#5470,#5475,.T.) ;
#5483=EDGE_CURVE('',#5477,#5461,#5482,.T.) ;
#5499=EDGE_CURVE('',#5496,#5498,#5494,.T.) ;
#5506=EDGE_CURVE('',#5505,#5498,#5503,.T.) ;
#5513=EDGE_CURVE('',#5512,#5505,#5510,.T.) ;
#5518=EDGE_CURVE('',#5512,#5496,#5517,.T.) ;
#5532=EDGE_CURVE('',#5461,#5531,#5529,.T.) ;
#5539=EDGE_CURVE('',#5531,#5538,#5536,.T.) ;
#5544=EDGE_CURVE('',#5463,#5538,#5543,.T.) ;
#5558=EDGE_CURVE('',#5496,#5557,#5555,.T.) ;
#5565=EDGE_CURVE('',#5557,#5564,#5562,.T.) ;
#5570=EDGE_CURVE('',#5498,#5564,#5569,.T.) ;
#5582=EDGE_CURVE('',#5505,#5477,#5581,.T.) ;
#5587=EDGE_CURVE('',#5470,#5512,#5586,.T.) ;
#5599=EDGE_CURVE('',#5538,#5557,#5598,.T.) ;
#5604=EDGE_CURVE('',#5564,#5531,#5603,.T.) ;
#64=EDGE_LOOP('',(#65,#66,#67,#68)) ;
#109=EDGE_LOOP('',(#110,#111,#112,#113,#114,#115)) ;
#142=EDGE_LOOP('',(#143,#144,#145,#146,#147)) ;
#174=EDGE_LOOP('',(#175,#176,#177,#178)) ;
#214=EDGE_LOOP('',(#215,#216,#217,#218)) ;
#225=EDGE_LOOP('',(#226,#227,#228,#229)) ;
#261=EDGE_LOOP('',(#262,#263,#264,#265,#266)) ;
#274=EDGE_LOOP('',(#275,#276,#277,#278)) ;
#683=EDGE_LOOP('',(#684,#685,#686,#687,#688,#689,#690,#691,#692,#693,#694,#695,#696,#697,#698,#699,#700,#701,#702,#703,#704,#705,#706,#707,#708,#709,#710,#711,#712,#713,#714,#715,#716,#717,#718,#719,#720,#721,#722,#723,#724,#725,#726,#727,#728,#729,#730,#731,#732,#733,#734,#735,#736,#737,#738,#739,#740,#741,#742,#743)) ;
#959=EDGE_LOOP('',(#960,#961,#962,#963,#964,#965,#966,#967,#968,#969,#970,#971,#972,#973,#974,#975,#976,#977,#978,#979,#980,#981,#982,#983,#984,#985,#986,#987,#988,#989,#990,#991,#992,#993,#994,#995,#996,#997,#998,#999,#1000,#1001)) ;
#1009=EDGE_LOOP('',(#1010,#1011,#1012,#1013)) ;
#1040=EDGE_LOOP('',(#1041,#1042,#1043,#1044)) ;
#1064=EDGE_LOOP('',(#1065,#1066,#1067,#1068)) ;
#1088=EDGE_LOOP('',(#1089,#1090,#1091,#1092)) ;
#1105=EDGE_LOOP('',(#1106,#1107,#1108,#1109)) ;
#1143=EDGE_LOOP('',(#1144,#1145,#1146,#1147,#1148)) ;
#1168=EDGE_LOOP('',(#1169,#1170,#1171,#1172)) ;
#1521=EDGE_LOOP('',(#1522,#1523,#1524,#1525,#1526,#1527,#1528,#1529,#1530,#1531,#1532,#1533,#1534,#1535,#1536,#1537,#1538,#1539,#1540,#1541,#1542,#1543,#1544,#1545,#1546,#1547,#1548,#1549,#1550,#1551,#1552,#1553,#1554,#1555,#1556,#1557,#1558,#1559,#1560,#1561,#1562,#1563,#1564,#1565,#1566,#1567,#1568,#1569,#1570,#1571,#1572,#1573,#1574,#1575,#1576,#1577,#1578,#1579,#1580,#1581)) ;
#1601=EDGE_LOOP('',(#1602,#1603,#1604,#1605)) ;
#1653=EDGE_LOOP('',(#1654,#1655,#1656,#1657,#1658,#1659,#1660,#1661)) ;
#1674=EDGE_LOOP('',(#1675,#1676,#1677,#1678)) ;
#1698=EDGE_LOOP('',(#1699,#1700,#1701,#1702)) ;
#1717=EDGE_LOOP('',(#1718,#1719,#1720,#1721)) ;
#1734=EDGE_LOOP('',(#1735,#1736,#1737,#1738)) ;
#1751=EDGE_LOOP('',(#1752,#1753,#1754,#1755)) ;
#1784=EDGE_LOOP('',(#1785,#1786,#1787,#1788,#1789,#1790)) ;
#1810=EDGE_LOOP('',(#1811,#1812,#1813,#1814)) ;
#1841=EDGE_LOOP('',(#1842,#1843,#1844,#1845,#1846,#1847)) ;
#1881=EDGE_LOOP('',(#1882,#1883,#1884,#1885,#1886,#1887)) ;
#1902=EDGE_LOOP('',(#1903,#1904,#1905,#1906)) ;
#2036=EDGE_LOOP('',(#2037,#2038,#2039,#2040,#2041,#2042,#2043,#2044,#2045,#2046,#2047,#2048,#2049,#2050,#2051,#2052,#2053,#2054,#2055,#2056,#2057,#2058)) ;
#2071=EDGE_LOOP('',(#2072,#2073,#2074,#2075)) ;
#2090=EDGE_LOOP('',(#2091,#2092,#2093,#2094)) ;
#2128=EDGE_LOOP('',(#2129,#2130,#2131,#2132,#2133,#2134)) ;
#2149=EDGE_LOOP('',(#2150,#2151,#2152,#2153,#2154)) ;
#2400=EDGE_LOOP('',(#2401,#2402,#2403,#2404,#2405,#2406,#2407,#2408,#2409,#2410,#2411,#2412,#2413,#2414,#2415,#2416,#2417,#2418,#2419,#2420,#2421,#2422,#2423,#2424,#2425,#2426,#2427,#2428,#2429,#2430,#2431,#2432,#2433,#2434)) ;
#2436=EDGE_LOOP('',(#2437,#2438,#2439,#2440)) ;
#2470=EDGE_LOOP('',(#2471,#2472,#2473,#2474)) ;
#2504=EDGE_LOOP('',(#2505,#2506,#2507,#2508)) ;
#2521=EDGE_LOOP('',(#2522,#2523,#2524,#2525,#2526,#2527)) ;
#2540=EDGE_LOOP('',(#2541,#2542,#2543,#2544)) ;
#2557=EDGE_LOOP('',(#2558,#2559,#2560,#2561)) ;
#2569=EDGE_LOOP('',(#2570,#2571,#2572,#2573)) ;
#2586=EDGE_LOOP('',(#2587,#2588,#2589,#2590)) ;
#2593=EDGE_LOOP('',(#2594,#2595,#2596,#2597)) ;
#2605=EDGE_LOOP('',(#2606,#2607,#2608,#2609)) ;
#2634=EDGE_LOOP('',(#2635,#2636,#2637,#2638,#2639,#2640)) ;
#2660=EDGE_LOOP('',(#2661,#2662,#2663,#2664)) ;
#2689=EDGE_LOOP('',(#2690,#2691,#2692,#2693,#2694,#2695)) ;
#2738=EDGE_LOOP('',(#2739,#2740,#2741,#2742,#2743,#2744,#2745,#2746,#2747)) ;
#2760=EDGE_LOOP('',(#2761,#2762,#2763,#2764)) ;
#2772=EDGE_LOOP('',(#2773,#2774,#2775,#2776)) ;
#2810=EDGE_LOOP('',(#2811,#2812,#2813,#2814,#2815,#2816,#2817,#2818)) ;
#2821=EDGE_LOOP('',(#2822,#2823,#2824,#2825)) ;
#2838=EDGE_LOOP('',(#2839,#2840,#2841,#2842)) ;
#2855=EDGE_LOOP('',(#2856,#2857,#2858,#2859)) ;
#2872=EDGE_LOOP('',(#2873,#2874,#2875,#2876)) ;
#2889=EDGE_LOOP('',(#2890,#2891,#2892,#2893)) ;
#2906=EDGE_LOOP('',(#2907,#2908,#2909,#2910)) ;
#2923=EDGE_LOOP('',(#2924,#2925,#2926,#2927)) ;
#2935=EDGE_LOOP('',(#2936,#2937,#2938,#2939)) ;
#2952=EDGE_LOOP('',(#2953,#2954,#2955,#2956)) ;
#2969=EDGE_LOOP('',(#2970,#2971,#2972,#2973)) ;
#2981=EDGE_LOOP('',(#2982,#2983,#2984,#2985)) ;
#2993=EDGE_LOOP('',(#2994,#2995,#2996,#2997)) ;
#3005=EDGE_LOOP('',(#3006,#3007,#3008,#3009)) ;
#3045=EDGE_LOOP('',(#3046,#3047,#3048,#3049)) ;
#3076=EDGE_LOOP('',(#3077,#3078,#3079,#3080)) ;
#3098=EDGE_LOOP('',(#3099,#3100,#3101,#3102,#3103)) ;
#3130=EDGE_LOOP('',(#3131,#3132,#3133,#3134,#3135,#3136)) ;
#3172=EDGE_LOOP('',(#3173,#3174,#3175,#3176)) ;
#3183=EDGE_LOOP('',(#3184,#3185,#3186,#3187)) ;
#3200=EDGE_LOOP('',(#3201,#3202,#3203,#3204)) ;
#3217=EDGE_LOOP('',(#3218,#3219,#3220,#3221)) ;
#3229=EDGE_LOOP('',(#3230,#3231,#3232,#3233,#3234)) ;
#3252=EDGE_LOOP('',(#3253,#3254,#3255,#3256)) ;
#3269=EDGE_LOOP('',(#3270,#3271,#3272,#3273)) ;
#3286=EDGE_LOOP('',(#3287,#3288,#3289,#3290)) ;
#3298=EDGE_LOOP('',(#3299,#3300,#3301,#3302)) ;
#3324=EDGE_LOOP('',(#3325,#3326,#3327,#3328)) ;
#3355=EDGE_LOOP('',(#3356,#3357,#3358,#3359,#3360,#3361)) ;
#3395=EDGE_LOOP('',(#3396,#3397,#3398,#3399,#3400,#3401)) ;
#3416=EDGE_LOOP('',(#3417,#3418,#3419,#3420)) ;
#3447=EDGE_LOOP('',(#3448,#3449,#3450,#3451,#3452,#3453)) ;
#3461=EDGE_LOOP('',(#3462,#3463,#3464,#3465)) ;
#3480=EDGE_LOOP('',(#3481,#3482,#3483,#3484)) ;
#3499=EDGE_LOOP('',(#3500,#3501,#3502,#3503)) ;
#3516=EDGE_LOOP('',(#3517,#3518,#3519,#3520)) ;
#3540=EDGE_LOOP('',(#3541,#3542,#3543,#3544)) ;
#3592=EDGE_LOOP('',(#3593,#3594,#3595,#3596,#3597,#3598,#3599,#3600)) ;
#3613=EDGE_LOOP('',(#3614,#3615,#3616,#3617)) ;
#3637=EDGE_LOOP('',(#3638,#3639,#3640,#3641)) ;
#3663=EDGE_LOOP('',(#3664,#3665,#3666,#3667,#3668)) ;
#3690=EDGE_LOOP('',(#3691,#3692,#3693,#3694,#3695)) ;
#3729=EDGE_LOOP('',(#3730,#3731,#3732,#3733,#3734,#3735)) ;
#3748=EDGE_LOOP('',(#3749,#3750,#3751,#3752)) ;
#3760=EDGE_LOOP('',(#3761,#3762,#3763,#3764)) ;
#3798=EDGE_LOOP('',(#3799,#3800,#3801,#3802,#3803,#3804,#3805,#3806)) ;
#3814=EDGE_LOOP('',(#3815,#3816,#3817,#3818)) ;
#3826=EDGE_LOOP('',(#3827,#3828,#3829,#3830)) ;
#3833=EDGE_LOOP('',(#3834,#3835,#3836,#3837)) ;
#3887=EDGE_LOOP('',(#3888,#3889,#3890,#3891,#3892,#3893,#3894,#3895,#3896)) ;
#3921=EDGE_LOOP('',(#3922,#3923,#3924,#3925,#3926,#3927)) ;
#3947=EDGE_LOOP('',(#3948,#3949,#3950,#3951)) ;
#3969=EDGE_LOOP('',(#3970,#3971,#3972,#3973,#3974,#3975)) ;
#3983=EDGE_LOOP('',(#3984,#3985,#3986,#3987)) ;
#4000=EDGE_LOOP('',(#4001,#4002,#4003,#4004)) ;
#4017=EDGE_LOOP('',(#4018,#4019,#4020,#4021)) ;
#4029=EDGE_LOOP('',(#4030,#4031,#4032,#4033)) ;
#4046=EDGE_LOOP('',(#4047,#4048,#4049,#4050)) ;
#4053=EDGE_LOOP('',(#4054,#4055,#4056,#4057)) ;
#4070=EDGE_LOOP('',(#4071,#4072,#4073,#4074,#4075,#4076)) ;
#4084=EDGE_LOOP('',(#4085,#4086,#4087,#4088)) ;
#4101=EDGE_LOOP('',(#4102,#4103,#4104,#4105)) ;
#4118=EDGE_LOOP('',(#4119,#4120,#4121,#4122)) ;
#4130=EDGE_LOOP('',(#4131,#4132,#4133,#4134)) ;
#4147=EDGE_LOOP('',(#4148,#4149,#4150,#4151)) ;
#4159=EDGE_LOOP('',(#4160,#4161,#4162,#4163)) ;
#4176=EDGE_LOOP('',(#4177,#4178,#4179,#4180)) ;
#4188=EDGE_LOOP('',(#4189,#4190,#4191,#4192)) ;
#4200=EDGE_LOOP('',(#4201,#4202,#4203,#4204)) ;
#4217=EDGE_LOOP('',(#4218,#4219,#4220,#4221)) ;
#4229=EDGE_LOOP('',(#4230,#4231,#4232,#4233)) ;
#4241=EDGE_LOOP('',(#4242,#4243,#4244,#4245)) ;
#4272=EDGE_LOOP('',(#4273,#4274,#4275,#4276)) ;
#4296=EDGE_LOOP('',(#4297,#4298,#4299,#4300)) ;
#4320=EDGE_LOOP('',(#4321,#4322,#4323,#4324)) ;
#4337=EDGE_LOOP('',(#4338,#4339,#4340,#4341)) ;
#4371=EDGE_LOOP('',(#4372,#4373,#4374,#4375)) ;
#4383=EDGE_LOOP('',(#4384,#4385,#4386,#4387)) ;
#4400=EDGE_LOOP('',(#4401,#4402,#4403,#4404)) ;
#4417=EDGE_LOOP('',(#4418,#4419,#4420,#4421)) ;
#4441=EDGE_LOOP('',(#4442,#4443,#4444,#4445,#4446,#4447)) ;
#4467=EDGE_LOOP('',(#4468,#4469,#4470,#4471)) ;
#4489=EDGE_LOOP('',(#4490,#4491,#4492,#4493,#4494,#4495)) ;
#4508=EDGE_LOOP('',(#4509,#4510,#4511,#4512)) ;
#4515=EDGE_LOOP('',(#4516,#4517,#4518,#4519)) ;
#4527=EDGE_LOOP('',(#4528,#4529,#4530,#4531)) ;
#4558=EDGE_LOOP('',(#4559,#4560,#4561,#4562)) ;
#4582=EDGE_LOOP('',(#4583,#4584,#4585,#4586)) ;
#4606=EDGE_LOOP('',(#4607,#4608,#4609,#4610)) ;
#4628=EDGE_LOOP('',(#4629,#4630,#4631,#4632,#4633,#4634)) ;
#4642=EDGE_LOOP('',(#4643,#4644,#4645,#4646)) ;
#4659=EDGE_LOOP('',(#4660,#4661,#4662,#4663,#4664)) ;
#4677=EDGE_LOOP('',(#4678,#4679,#4680,#4681)) ;
#4689=EDGE_LOOP('',(#4690,#4691,#4692,#4693,#4694)) ;
#4702=EDGE_LOOP('',(#4703,#4704,#4705,#4706)) ;
#4726=EDGE_LOOP('',(#4727,#4728,#4729,#4730)) ;
#4750=EDGE_LOOP('',(#4751,#4752,#4753,#4754)) ;
#4774=EDGE_LOOP('',(#4775,#4776,#4777,#4778)) ;
#4798=EDGE_LOOP('',(#4799,#4800,#4801,#4802)) ;
#4822=EDGE_LOOP('',(#4823,#4824,#4825,#4826)) ;
#4841=EDGE_LOOP('',(#4842,#4843,#4844,#4845)) ;
#4858=EDGE_LOOP('',(#4859,#4860,#4861,#4862)) ;
#4870=EDGE_LOOP('',(#4871,#4872,#4873,#4874)) ;
#4894=EDGE_LOOP('',(#4895,#4896,#4897,#4898,#4899,#4900)) ;
#4915=EDGE_LOOP('',(#4916,#4917,#4918,#4919)) ;
#4932=EDGE_LOOP('',(#4933,#4934,#4935,#4936,#4937,#4938)) ;
#4958=EDGE_LOOP('',(#4959,#4960,#4961,#4962,#4963,#4964)) ;
#4979=EDGE_LOOP('',(#4980,#4981,#4982,#4983)) ;
#4996=EDGE_LOOP('',(#4997,#4998,#4999,#5000,#5001,#5002)) ;
#5010=EDGE_LOOP('',(#5011,#5012,#5013,#5014)) ;
#5022=EDGE_LOOP('',(#5023,#5024,#5025,#5026,#5027,#5028,#5029,#5030)) ;
#5033=EDGE_LOOP('',(#5034,#5035,#5036,#5037)) ;
#5085=EDGE_LOOP('',(#5086,#5087,#5088,#5089)) ;
#5125=EDGE_LOOP('',(#5126,#5127,#5128,#5129)) ;
#5156=EDGE_LOOP('',(#5157,#5158,#5159,#5160)) ;
#5187=EDGE_LOOP('',(#5188,#5189,#5190,#5191)) ;
#5209=EDGE_LOOP('',(#5210,#5211,#5212,#5213)) ;
#5231=EDGE_LOOP('',(#5232,#5233,#5234,#5235)) ;
#5243=EDGE_LOOP('',(#5244,#5245,#5246,#5247,#5248,#5249)) ;
#5257=EDGE_LOOP('',(#5258,#5259,#5260,#5261,#5262,#5263)) ;
#5297=EDGE_LOOP('',(#5298,#5299,#5300,#5301)) ;
#5332=EDGE_LOOP('',(#5333,#5334,#5335,#5336)) ;
#5358=EDGE_LOOP('',(#5359,#5360,#5361,#5362)) ;
#5384=EDGE_LOOP('',(#5385,#5386,#5387,#5388)) ;
#5401=EDGE_LOOP('',(#5402,#5403,#5404,#5405)) ;
#5418=EDGE_LOOP('',(#5419,#5420,#5421,#5422)) ;
#5430=EDGE_LOOP('',(#5431,#5432,#5433,#5434,#5435,#5436)) ;
#5444=EDGE_LOOP('',(#5445,#5446,#5447,#5448,#5449,#5450)) ;
#5484=EDGE_LOOP('',(#5485,#5486,#5487,#5488)) ;
#5519=EDGE_LOOP('',(#5520,#5521,#5522,#5523)) ;
#5545=EDGE_LOOP('',(#5546,#5547,#5548,#5549)) ;
#5571=EDGE_LOOP('',(#5572,#5573,#5574,#5575)) ;
#5588=EDGE_LOOP('',(#5589,#5590,#5591,#5592)) ;
#5605=EDGE_LOOP('',(#5606,#5607,#5608,#5609)) ;
#5617=EDGE_LOOP('',(#5618,#5619,#5620,#5621,#5622,#5623)) ;
#5631=EDGE_LOOP('',(#5632,#5633,#5634,#5635,#5636,#5637)) ;
#69=FACE_OUTER_BOUND('',#64,.T.) ;
#116=FACE_OUTER_BOUND('',#109,.T.) ;
#148=FACE_OUTER_BOUND('',#142,.T.) ;
#179=FACE_OUTER_BOUND('',#174,.T.) ;
#219=FACE_OUTER_BOUND('',#214,.T.) ;
#267=FACE_OUTER_BOUND('',#261,.T.) ;
#279=FACE_OUTER_BOUND('',#274,.T.) ;
#744=FACE_OUTER_BOUND('',#683,.T.) ;
#1002=FACE_OUTER_BOUND('',#959,.T.) ;
#1014=FACE_OUTER_BOUND('',#1009,.T.) ;
#1045=FACE_OUTER_BOUND('',#1040,.T.) ;
#1069=FACE_OUTER_BOUND('',#1064,.T.) ;
#1093=FACE_OUTER_BOUND('',#1088,.T.) ;
#1110=FACE_OUTER_BOUND('',#1105,.T.) ;
#1149=FACE_OUTER_BOUND('',#1143,.T.) ;
#1173=FACE_OUTER_BOUND('',#1168,.T.) ;
#1582=FACE_OUTER_BOUND('',#1521,.T.) ;
#1606=FACE_OUTER_BOUND('',#1601,.T.) ;
#1662=FACE_OUTER_BOUND('',#1653,.T.) ;
#1679=FACE_OUTER_BOUND('',#1674,.T.) ;
#1703=FACE_OUTER_BOUND('',#1698,.T.) ;
#1722=FACE_OUTER_BOUND('',#1717,.T.) ;
#1739=FACE_OUTER_BOUND('',#1734,.T.) ;
#1756=FACE_OUTER_BOUND('',#1751,.T.) ;
#1791=FACE_OUTER_BOUND('',#1784,.T.) ;
#1815=FACE_OUTER_BOUND('',#1810,.T.) ;
#1848=FACE_OUTER_BOUND('',#1841,.T.) ;
#1888=FACE_OUTER_BOUND('',#1881,.T.) ;
#1907=FACE_OUTER_BOUND('',#1902,.T.) ;
#2059=FACE_OUTER_BOUND('',#2036,.T.) ;
#2076=FACE_OUTER_BOUND('',#2071,.T.) ;
#2095=FACE_OUTER_BOUND('',#2090,.T.) ;
#2135=FACE_OUTER_BOUND('',#2128,.T.) ;
#2155=FACE_OUTER_BOUND('',#2149,.T.) ;
#2435=FACE_OUTER_BOUND('',#2400,.T.) ;
#2528=FACE_OUTER_BOUND('',#2521,.T.) ;
#2545=FACE_OUTER_BOUND('',#2540,.T.) ;
#2562=FACE_OUTER_BOUND('',#2557,.T.) ;
#2574=FACE_OUTER_BOUND('',#2569,.T.) ;
#2591=FACE_OUTER_BOUND('',#2586,.T.) ;
#2598=FACE_OUTER_BOUND('',#2593,.T.) ;
#2610=FACE_OUTER_BOUND('',#2605,.T.) ;
#2641=FACE_OUTER_BOUND('',#2634,.T.) ;
#2665=FACE_OUTER_BOUND('',#2660,.T.) ;
#2696=FACE_OUTER_BOUND('',#2689,.T.) ;
#2748=FACE_OUTER_BOUND('',#2738,.T.) ;
#2765=FACE_OUTER_BOUND('',#2760,.T.) ;
#2777=FACE_OUTER_BOUND('',#2772,.T.) ;
#2819=FACE_OUTER_BOUND('',#2810,.T.) ;
#2826=FACE_OUTER_BOUND('',#2821,.T.) ;
#2843=FACE_OUTER_BOUND('',#2838,.T.) ;
#2860=FACE_OUTER_BOUND('',#2855,.T.) ;
#2877=FACE_OUTER_BOUND('',#2872,.T.) ;
#2894=FACE_OUTER_BOUND('',#2889,.T.) ;
#2911=FACE_OUTER_BOUND('',#2906,.T.) ;
#2928=FACE_OUTER_BOUND('',#2923,.T.) ;
#2940=FACE_OUTER_BOUND('',#2935,.T.) ;
#2957=FACE_OUTER_BOUND('',#2952,.T.) ;
#2974=FACE_OUTER_BOUND('',#2969,.T.) ;
#2986=FACE_OUTER_BOUND('',#2981,.T.) ;
#2998=FACE_OUTER_BOUND('',#2993,.T.) ;
#3010=FACE_OUTER_BOUND('',#3005,.T.) ;
#3050=FACE_OUTER_BOUND('',#3045,.T.) ;
#3081=FACE_OUTER_BOUND('',#3076,.T.) ;
#3104=FACE_OUTER_BOUND('',#3098,.T.) ;
#3137=FACE_OUTER_BOUND('',#3130,.T.) ;
#3177=FACE_OUTER_BOUND('',#3172,.T.) ;
#3205=FACE_OUTER_BOUND('',#3200,.T.) ;
#3222=FACE_OUTER_BOUND('',#3217,.T.) ;
#3235=FACE_OUTER_BOUND('',#3229,.T.) ;
#3257=FACE_OUTER_BOUND('',#3252,.T.) ;
#3274=FACE_OUTER_BOUND('',#3269,.T.) ;
#3291=FACE_OUTER_BOUND('',#3286,.T.) ;
#3303=FACE_OUTER_BOUND('',#3298,.T.) ;
#3329=FACE_OUTER_BOUND('',#3324,.T.) ;
#3362=FACE_OUTER_BOUND('',#3355,.T.) ;
#3402=FACE_OUTER_BOUND('',#3395,.T.) ;
#3421=FACE_OUTER_BOUND('',#3416,.T.) ;
#3454=FACE_OUTER_BOUND('',#3447,.T.) ;
#3466=FACE_OUTER_BOUND('',#3461,.T.) ;
#3485=FACE_OUTER_BOUND('',#3480,.T.) ;
#3504=FACE_OUTER_BOUND('',#3499,.T.) ;
#3521=FACE_OUTER_BOUND('',#3516,.T.) ;
#3545=FACE_OUTER_BOUND('',#3540,.T.) ;
#3601=FACE_OUTER_BOUND('',#3592,.T.) ;
#3618=FACE_OUTER_BOUND('',#3613,.T.) ;
#3642=FACE_OUTER_BOUND('',#3637,.T.) ;
#3669=FACE_OUTER_BOUND('',#3663,.T.) ;
#3696=FACE_OUTER_BOUND('',#3690,.T.) ;
#3736=FACE_OUTER_BOUND('',#3729,.T.) ;
#3753=FACE_OUTER_BOUND('',#3748,.T.) ;
#3765=FACE_OUTER_BOUND('',#3760,.T.) ;
#3807=FACE_OUTER_BOUND('',#3798,.T.) ;
#3819=FACE_OUTER_BOUND('',#3814,.T.) ;
#3831=FACE_OUTER_BOUND('',#3826,.T.) ;
#3838=FACE_OUTER_BOUND('',#3833,.T.) ;
#3897=FACE_OUTER_BOUND('',#3887,.T.) ;
#3928=FACE_OUTER_BOUND('',#3921,.T.) ;
#3952=FACE_OUTER_BOUND('',#3947,.T.) ;
#3976=FACE_OUTER_BOUND('',#3969,.T.) ;
#3988=FACE_OUTER_BOUND('',#3983,.T.) ;
#4005=FACE_OUTER_BOUND('',#4000,.T.) ;
#4022=FACE_OUTER_BOUND('',#4017,.T.) ;
#4034=FACE_OUTER_BOUND('',#4029,.T.) ;
#4051=FACE_OUTER_BOUND('',#4046,.T.) ;
#4058=FACE_OUTER_BOUND('',#4053,.T.) ;
#4077=FACE_OUTER_BOUND('',#4070,.T.) ;
#4089=FACE_OUTER_BOUND('',#4084,.T.) ;
#4106=FACE_OUTER_BOUND('',#4101,.T.) ;
#4123=FACE_OUTER_BOUND('',#4118,.T.) ;
#4135=FACE_OUTER_BOUND('',#4130,.T.) ;
#4152=FACE_OUTER_BOUND('',#4147,.T.) ;
#4164=FACE_OUTER_BOUND('',#4159,.T.) ;
#4181=FACE_OUTER_BOUND('',#4176,.T.) ;
#4193=FACE_OUTER_BOUND('',#4188,.T.) ;
#4205=FACE_OUTER_BOUND('',#4200,.T.) ;
#4222=FACE_OUTER_BOUND('',#4217,.T.) ;
#4234=FACE_OUTER_BOUND('',#4229,.T.) ;
#4246=FACE_OUTER_BOUND('',#4241,.T.) ;
#4277=FACE_OUTER_BOUND('',#4272,.T.) ;
#4301=FACE_OUTER_BOUND('',#4296,.T.) ;
#4325=FACE_OUTER_BOUND('',#4320,.T.) ;
#4342=FACE_OUTER_BOUND('',#4337,.T.) ;
#4388=FACE_OUTER_BOUND('',#4383,.T.) ;
#4405=FACE_OUTER_BOUND('',#4400,.T.) ;
#4422=FACE_OUTER_BOUND('',#4417,.T.) ;
#4448=FACE_OUTER_BOUND('',#4441,.T.) ;
#4472=FACE_OUTER_BOUND('',#4467,.T.) ;
#4496=FACE_OUTER_BOUND('',#4489,.T.) ;
#4513=FACE_OUTER_BOUND('',#4508,.T.) ;
#4520=FACE_OUTER_BOUND('',#4515,.T.) ;
#4532=FACE_OUTER_BOUND('',#4527,.T.) ;
#4563=FACE_OUTER_BOUND('',#4558,.T.) ;
#4587=FACE_OUTER_BOUND('',#4582,.T.) ;
#4611=FACE_OUTER_BOUND('',#4606,.T.) ;
#4635=FACE_OUTER_BOUND('',#4628,.T.) ;
#4647=FACE_OUTER_BOUND('',#4642,.T.) ;
#4665=FACE_OUTER_BOUND('',#4659,.T.) ;
#4682=FACE_OUTER_BOUND('',#4677,.T.) ;
#4695=FACE_OUTER_BOUND('',#4689,.T.) ;
#4707=FACE_OUTER_BOUND('',#4702,.T.) ;
#4731=FACE_OUTER_BOUND('',#4726,.T.) ;
#4755=FACE_OUTER_BOUND('',#4750,.T.) ;
#4779=FACE_OUTER_BOUND('',#4774,.T.) ;
#4803=FACE_OUTER_BOUND('',#4798,.T.) ;
#4827=FACE_OUTER_BOUND('',#4822,.T.) ;
#4846=FACE_OUTER_BOUND('',#4841,.T.) ;
#4863=FACE_OUTER_BOUND('',#4858,.T.) ;
#4875=FACE_OUTER_BOUND('',#4870,.T.) ;
#4901=FACE_OUTER_BOUND('',#4894,.T.) ;
#4920=FACE_OUTER_BOUND('',#4915,.T.) ;
#4939=FACE_OUTER_BOUND('',#4932,.T.) ;
#4965=FACE_OUTER_BOUND('',#4958,.T.) ;
#4984=FACE_OUTER_BOUND('',#4979,.T.) ;
#5003=FACE_OUTER_BOUND('',#4996,.T.) ;
#5015=FACE_OUTER_BOUND('',#5010,.T.) ;
#5031=FACE_OUTER_BOUND('',#5022,.T.) ;
#5038=FACE_OUTER_BOUND('',#5033,.T.) ;
#5090=FACE_OUTER_BOUND('',#5085,.T.) ;
#5130=FACE_OUTER_BOUND('',#5125,.T.) ;
#5161=FACE_OUTER_BOUND('',#5156,.T.) ;
#5192=FACE_OUTER_BOUND('',#5187,.T.) ;
#5214=FACE_OUTER_BOUND('',#5209,.T.) ;
#5236=FACE_OUTER_BOUND('',#5231,.T.) ;
#5250=FACE_OUTER_BOUND('',#5243,.T.) ;
#5264=FACE_OUTER_BOUND('',#5257,.T.) ;
#5302=FACE_OUTER_BOUND('',#5297,.T.) ;
#5337=FACE_OUTER_BOUND('',#5332,.T.) ;
#5363=FACE_OUTER_BOUND('',#5358,.T.) ;
#5389=FACE_OUTER_BOUND('',#5384,.T.) ;
#5406=FACE_OUTER_BOUND('',#5401,.T.) ;
#5423=FACE_OUTER_BOUND('',#5418,.T.) ;
#5437=FACE_OUTER_BOUND('',#5430,.T.) ;
#5451=FACE_OUTER_BOUND('',#5444,.T.) ;
#5489=FACE_OUTER_BOUND('',#5484,.T.) ;
#5524=FACE_OUTER_BOUND('',#5519,.T.) ;
#5550=FACE_OUTER_BOUND('',#5545,.T.) ;
#5576=FACE_OUTER_BOUND('',#5571,.T.) ;
#5593=FACE_OUTER_BOUND('',#5588,.T.) ;
#5610=FACE_OUTER_BOUND('',#5605,.T.) ;
#5624=FACE_OUTER_BOUND('',#5617,.T.) ;
#5638=FACE_OUTER_BOUND('',#5631,.T.) ;
#39=LINE('Line',#36,#38) ;
#48=LINE('Line',#45,#47) ;
#55=LINE('Line',#52,#54) ;
#62=LINE('Line',#59,#61) ;
#79=LINE('Line',#76,#78) ;
#88=LINE('Line',#85,#87) ;
#93=LINE('Line',#90,#92) ;
#100=LINE('Line',#97,#99) ;
#107=LINE('Line',#104,#106) ;
#126=LINE('Line',#123,#125) ;
#133=LINE('Line',#130,#132) ;
#140=LINE('Line',#137,#139) ;
#158=LINE('Line',#155,#157) ;
#165=LINE('Line',#162,#164) ;
#172=LINE('Line',#169,#171) ;
#189=LINE('Line',#186,#188) ;
#198=LINE('Line',#195,#197) ;
#205=LINE('Line',#202,#204) ;
#212=LINE('Line',#209,#211) ;
#223=LINE('Line',#220,#222) ;
#240=LINE('Line',#237,#239) ;
#249=LINE('Line',#246,#248) ;
#254=LINE('Line',#251,#253) ;
#259=LINE('Line',#256,#258) ;
#289=LINE('Line',#286,#288) ;
#298=LINE('Line',#295,#297) ;
#305=LINE('Line',#302,#304) ;
#312=LINE('Line',#309,#311) ;
#319=LINE('Line',#316,#318) ;
#326=LINE('Line',#323,#325) ;
#333=LINE('Line',#330,#332) ;
#340=LINE('Line',#337,#339) ;
#347=LINE('Line',#344,#346) ;
#354=LINE('Line',#351,#353) ;
#361=LINE('Line',#358,#360) ;
#368=LINE('Line',#365,#367) ;
#375=LINE('Line',#372,#374) ;
#382=LINE('Line',#379,#381) ;
#389=LINE('Line',#386,#388) ;
#396=LINE('Line',#393,#395) ;
#403=LINE('Line',#400,#402) ;
#410=LINE('Line',#407,#409) ;
#417=LINE('Line',#414,#416) ;
#424=LINE('Line',#421,#423) ;
#431=LINE('Line',#428,#430) ;
#438=LINE('Line',#435,#437) ;
#445=LINE('Line',#442,#444) ;
#452=LINE('Line',#449,#451) ;
#459=LINE('Line',#456,#458) ;
#466=LINE('Line',#463,#465) ;
#473=LINE('Line',#470,#472) ;
#480=LINE('Line',#477,#479) ;
#487=LINE('Line',#484,#486) ;
#494=LINE('Line',#491,#493) ;
#501=LINE('Line',#498,#500) ;
#508=LINE('Line',#505,#507) ;
#515=LINE('Line',#512,#514) ;
#522=LINE('Line',#519,#521) ;
#529=LINE('Line',#526,#528) ;
#536=LINE('Line',#533,#535) ;
#543=LINE('Line',#540,#542) ;
#550=LINE('Line',#547,#549) ;
#557=LINE('Line',#554,#556) ;
#564=LINE('Line',#561,#563) ;
#569=LINE('Line',#566,#568) ;
#576=LINE('Line',#573,#575) ;
#583=LINE('Line',#580,#582) ;
#590=LINE('Line',#587,#589) ;
#597=LINE('Line',#594,#596) ;
#604=LINE('Line',#601,#603) ;
#611=LINE('Line',#608,#610) ;
#618=LINE('Line',#615,#617) ;
#625=LINE('Line',#622,#624) ;
#632=LINE('Line',#629,#631) ;
#639=LINE('Line',#636,#638) ;
#646=LINE('Line',#643,#645) ;
#653=LINE('Line',#650,#652) ;
#660=LINE('Line',#657,#659) ;
#667=LINE('Line',#664,#666) ;
#674=LINE('Line',#671,#673) ;
#681=LINE('Line',#678,#680) ;
#754=LINE('Line',#751,#753) ;
#761=LINE('Line',#758,#760) ;
#768=LINE('Line',#765,#767) ;
#775=LINE('Line',#772,#774) ;
#780=LINE('Line',#777,#779) ;
#785=LINE('Line',#782,#784) ;
#792=LINE('Line',#789,#791) ;
#799=LINE('Line',#796,#798) ;
#806=LINE('Line',#803,#805) ;
#813=LINE('Line',#810,#812) ;
#820=LINE('Line',#817,#819) ;
#827=LINE('Line',#824,#826) ;
#834=LINE('Line',#831,#833) ;
#839=LINE('Line',#836,#838) ;
#846=LINE('Line',#843,#845) ;
#853=LINE('Line',#850,#852) ;
#858=LINE('Line',#855,#857) ;
#865=LINE('Line',#862,#864) ;
#872=LINE('Line',#869,#871) ;
#879=LINE('Line',#876,#878) ;
#886=LINE('Line',#883,#885) ;
#893=LINE('Line',#890,#892) ;
#900=LINE('Line',#897,#899) ;
#907=LINE('Line',#904,#906) ;
#912=LINE('Line',#909,#911) ;
#919=LINE('Line',#916,#918) ;
#926=LINE('Line',#923,#925) ;
#931=LINE('Line',#928,#930) ;
#938=LINE('Line',#935,#937) ;
#945=LINE('Line',#942,#944) ;
#950=LINE('Line',#947,#949) ;
#957=LINE('Line',#954,#956) ;
#1024=LINE('Line',#1021,#1023) ;
#1031=LINE('Line',#1028,#1030) ;
#1038=LINE('Line',#1035,#1037) ;
#1055=LINE('Line',#1052,#1054) ;
#1062=LINE('Line',#1059,#1061) ;
#1079=LINE('Line',#1076,#1078) ;
#1086=LINE('Line',#1083,#1085) ;
#1103=LINE('Line',#1100,#1102) ;
#1129=LINE('Line',#1126,#1128) ;
#1134=LINE('Line',#1131,#1133) ;
#1159=LINE('Line',#1156,#1158) ;
#1166=LINE('Line',#1163,#1165) ;
#1183=LINE('Line',#1180,#1182) ;
#1192=LINE('Line',#1189,#1191) ;
#1199=LINE('Line',#1196,#1198) ;
#1206=LINE('Line',#1203,#1205) ;
#1213=LINE('Line',#1210,#1212) ;
#1220=LINE('Line',#1217,#1219) ;
#1225=LINE('Line',#1222,#1224) ;
#1239=LINE('Line',#1236,#1238) ;
#1244=LINE('Line',#1241,#1243) ;
#1251=LINE('Line',#1248,#1250) ;
#1258=LINE('Line',#1255,#1257) ;
#1265=LINE('Line',#1262,#1264) ;
#1272=LINE('Line',#1269,#1271) ;
#1279=LINE('Line',#1276,#1278) ;
#1286=LINE('Line',#1283,#1285) ;
#1291=LINE('Line',#1288,#1290) ;
#1312=LINE('Line',#1309,#1311) ;
#1317=LINE('Line',#1314,#1316) ;
#1324=LINE('Line',#1321,#1323) ;
#1331=LINE('Line',#1328,#1330) ;
#1338=LINE('Line',#1335,#1337) ;
#1345=LINE('Line',#1342,#1344) ;
#1352=LINE('Line',#1349,#1351) ;
#1359=LINE('Line',#1356,#1358) ;
#1364=LINE('Line',#1361,#1363) ;
#1383=LINE('Line',#1380,#1382) ;
#1390=LINE('Line',#1387,#1389) ;
#1397=LINE('Line',#1394,#1396) ;
#1404=LINE('Line',#1401,#1403) ;
#1411=LINE('Line',#1408,#1410) ;
#1418=LINE('Line',#1415,#1417) ;
#1425=LINE('Line',#1422,#1424) ;
#1430=LINE('Line',#1427,#1429) ;
#1444=LINE('Line',#1441,#1443) ;
#1449=LINE('Line',#1446,#1448) ;
#1456=LINE('Line',#1453,#1455) ;
#1463=LINE('Line',#1460,#1462) ;
#1470=LINE('Line',#1467,#1469) ;
#1477=LINE('Line',#1474,#1476) ;
#1484=LINE('Line',#1481,#1483) ;
#1491=LINE('Line',#1488,#1490) ;
#1498=LINE('Line',#1495,#1497) ;
#1505=LINE('Line',#1502,#1504) ;
#1512=LINE('Line',#1509,#1511) ;
#1519=LINE('Line',#1516,#1518) ;
#1592=LINE('Line',#1589,#1591) ;
#1599=LINE('Line',#1596,#1598) ;
#1616=LINE('Line',#1613,#1615) ;
#1623=LINE('Line',#1620,#1622) ;
#1630=LINE('Line',#1627,#1629) ;
#1637=LINE('Line',#1634,#1636) ;
#1644=LINE('Line',#1641,#1643) ;
#1651=LINE('Line',#1648,#1650) ;
#1672=LINE('Line',#1669,#1671) ;
#1689=LINE('Line',#1686,#1688) ;
#1696=LINE('Line',#1693,#1695) ;
#1708=LINE('Line',#1705,#1707) ;
#1732=LINE('Line',#1729,#1731) ;
#1749=LINE('Line',#1746,#1748) ;
#1761=LINE('Line',#1758,#1760) ;
#1768=LINE('Line',#1765,#1767) ;
#1775=LINE('Line',#1772,#1774) ;
#1782=LINE('Line',#1779,#1781) ;
#1801=LINE('Line',#1798,#1800) ;
#1808=LINE('Line',#1805,#1807) ;
#1825=LINE('Line',#1822,#1824) ;
#1832=LINE('Line',#1829,#1831) ;
#1839=LINE('Line',#1836,#1838) ;
#1858=LINE('Line',#1855,#1857) ;
#1865=LINE('Line',#1862,#1864) ;
#1872=LINE('Line',#1869,#1871) ;
#1879=LINE('Line',#1876,#1878) ;
#1893=LINE('Line',#1890,#1892) ;
#1900=LINE('Line',#1897,#1899) ;
#1926=LINE('Line',#1923,#1925) ;
#1940=LINE('Line',#1937,#1939) ;
#1947=LINE('Line',#1944,#1946) ;
#1954=LINE('Line',#1951,#1953) ;
#1968=LINE('Line',#1965,#1967) ;
#1975=LINE('Line',#1972,#1974) ;
#1980=LINE('Line',#1977,#1979) ;
#1985=LINE('Line',#1982,#1984) ;
#1992=LINE('Line',#1989,#1991) ;
#2006=LINE('Line',#2003,#2005) ;
#2013=LINE('Line',#2010,#2012) ;
#2020=LINE('Line',#2017,#2019) ;
#2034=LINE('Line',#2031,#2033) ;
#2069=LINE('Line',#2066,#2068) ;
#2081=LINE('Line',#2078,#2080) ;
#2088=LINE('Line',#2085,#2087) ;
#2105=LINE('Line',#2102,#2104) ;
#2112=LINE('Line',#2109,#2111) ;
#2119=LINE('Line',#2116,#2118) ;
#2126=LINE('Line',#2123,#2125) ;
#2140=LINE('Line',#2137,#2139) ;
#2147=LINE('Line',#2144,#2146) ;
#2165=LINE('Line',#2162,#2164) ;
#2181=LINE('Line',#2178,#2180) ;
#2188=LINE('Line',#2185,#2187) ;
#2195=LINE('Line',#2192,#2194) ;
#2209=LINE('Line',#2206,#2208) ;
#2216=LINE('Line',#2213,#2215) ;
#2223=LINE('Line',#2220,#2222) ;
#2230=LINE('Line',#2227,#2229) ;
#2237=LINE('Line',#2234,#2236) ;
#2251=LINE('Line',#2248,#2250) ;
#2265=LINE('Line',#2262,#2264) ;
#2272=LINE('Line',#2269,#2271) ;
#2279=LINE('Line',#2276,#2278) ;
#2286=LINE('Line',#2283,#2285) ;
#2293=LINE('Line',#2290,#2292) ;
#2307=LINE('Line',#2304,#2306) ;
#2321=LINE('Line',#2318,#2320) ;
#2328=LINE('Line',#2325,#2327) ;
#2335=LINE('Line',#2332,#2334) ;
#2342=LINE('Line',#2339,#2341) ;
#2349=LINE('Line',#2346,#2348) ;
#2363=LINE('Line',#2360,#2362) ;
#2370=LINE('Line',#2367,#2369) ;
#2377=LINE('Line',#2374,#2376) ;
#2391=LINE('Line',#2388,#2390) ;
#2445=LINE('Line',#2442,#2444) ;
#2454=LINE('Line',#2451,#2453) ;
#2461=LINE('Line',#2458,#2460) ;
#2468=LINE('Line',#2465,#2467) ;
#2479=LINE('Line',#2476,#2478) ;
#2488=LINE('Line',#2485,#2487) ;
#2495=LINE('Line',#2492,#2494) ;
#2502=LINE('Line',#2499,#2501) ;
#2519=LINE('Line',#2516,#2518) ;
#2538=LINE('Line',#2535,#2537) ;
#2555=LINE('Line',#2552,#2554) ;
#2567=LINE('Line',#2564,#2566) ;
#2584=LINE('Line',#2581,#2583) ;
#2620=LINE('Line',#2617,#2619) ;
#2625=LINE('Line',#2622,#2624) ;
#2632=LINE('Line',#2629,#2631) ;
#2651=LINE('Line',#2648,#2650) ;
#2658=LINE('Line',#2655,#2657) ;
#2675=LINE('Line',#2672,#2674) ;
#2682=LINE('Line',#2679,#2681) ;
#2687=LINE('Line',#2684,#2686) ;
#2710=LINE('Line',#2707,#2709) ;
#2717=LINE('Line',#2714,#2716) ;
#2722=LINE('Line',#2719,#2721) ;
#2736=LINE('Line',#2733,#2735) ;
#2758=LINE('Line',#2755,#2757) ;
#2782=LINE('Line',#2779,#2781) ;
#2789=LINE('Line',#2786,#2788) ;
#2796=LINE('Line',#2793,#2795) ;
#2803=LINE('Line',#2800,#2802) ;
#2808=LINE('Line',#2805,#2807) ;
#2836=LINE('Line',#2833,#2835) ;
#2853=LINE('Line',#2850,#2852) ;
#2870=LINE('Line',#2867,#2869) ;
#2887=LINE('Line',#2884,#2886) ;
#2904=LINE('Line',#2901,#2903) ;
#2921=LINE('Line',#2918,#2920) ;
#2933=LINE('Line',#2930,#2932) ;
#2950=LINE('Line',#2947,#2949) ;
#2962=LINE('Line',#2959,#2961) ;
#2967=LINE('Line',#2964,#2966) ;
#2979=LINE('Line',#2976,#2978) ;
#3020=LINE('Line',#3017,#3019) ;
#3029=LINE('Line',#3026,#3028) ;
#3036=LINE('Line',#3033,#3035) ;
#3043=LINE('Line',#3040,#3042) ;
#3060=LINE('Line',#3057,#3059) ;
#3069=LINE('Line',#3066,#3068) ;
#3074=LINE('Line',#3071,#3073) ;
#3091=LINE('Line',#3088,#3090) ;
#3096=LINE('Line',#3093,#3095) ;
#3114=LINE('Line',#3111,#3113) ;
#3121=LINE('Line',#3118,#3120) ;
#3128=LINE('Line',#3125,#3127) ;
#3147=LINE('Line',#3144,#3146) ;
#3156=LINE('Line',#3153,#3155) ;
#3163=LINE('Line',#3160,#3162) ;
#3170=LINE('Line',#3167,#3169) ;
#3181=LINE('Line',#3178,#3180) ;
#3198=LINE('Line',#3195,#3197) ;
#3215=LINE('Line',#3212,#3214) ;
#3245=LINE('Line',#3242,#3244) ;
#3250=LINE('Line',#3247,#3249) ;
#3267=LINE('Line',#3264,#3266) ;
#3284=LINE('Line',#3281,#3283) ;
#3308=LINE('Line',#3305,#3307) ;
#3315=LINE('Line',#3312,#3314) ;
#3322=LINE('Line',#3319,#3321) ;
#3339=LINE('Line',#3336,#3338) ;
#3346=LINE('Line',#3343,#3345) ;
#3353=LINE('Line',#3350,#3352) ;
#3372=LINE('Line',#3369,#3371) ;
#3379=LINE('Line',#3376,#3378) ;
#3386=LINE('Line',#3383,#3385) ;
#3393=LINE('Line',#3390,#3392) ;
#3407=LINE('Line',#3404,#3406) ;
#3414=LINE('Line',#3411,#3413) ;
#3431=LINE('Line',#3428,#3430) ;
#3438=LINE('Line',#3435,#3437) ;
#3445=LINE('Line',#3442,#3444) ;
#3471=LINE('Line',#3468,#3470) ;
#3478=LINE('Line',#3475,#3477) ;
#3490=LINE('Line',#3487,#3489) ;
#3514=LINE('Line',#3511,#3513) ;
#3531=LINE('Line',#3528,#3530) ;
#3538=LINE('Line',#3535,#3537) ;
#3555=LINE('Line',#3552,#3554) ;
#3564=LINE('Line',#3561,#3563) ;
#3571=LINE('Line',#3568,#3570) ;
#3578=LINE('Line',#3575,#3577) ;
#3585=LINE('Line',#3582,#3584) ;
#3590=LINE('Line',#3587,#3589) ;
#3611=LINE('Line',#3608,#3610) ;
#3628=LINE('Line',#3625,#3627) ;
#3635=LINE('Line',#3632,#3634) ;
#3647=LINE('Line',#3644,#3646) ;
#3674=LINE('Line',#3671,#3673) ;
#3681=LINE('Line',#3678,#3680) ;
#3688=LINE('Line',#3685,#3687) ;
#3706=LINE('Line',#3703,#3705) ;
#3713=LINE('Line',#3710,#3712) ;
#3720=LINE('Line',#3717,#3719) ;
#3727=LINE('Line',#3724,#3726) ;
#3746=LINE('Line',#3743,#3745) ;
#3758=LINE('Line',#3755,#3757) ;
#3770=LINE('Line',#3767,#3769) ;
#3779=LINE('Line',#3776,#3778) ;
#3786=LINE('Line',#3783,#3785) ;
#3791=LINE('Line',#3788,#3790) ;
#3796=LINE('Line',#3793,#3795) ;
#3824=LINE('Line',#3821,#3823) ;
#3843=LINE('Line',#3840,#3842) ;
#3850=LINE('Line',#3847,#3849) ;
#3864=LINE('Line',#3861,#3863) ;
#3878=LINE('Line',#3875,#3877) ;
#3885=LINE('Line',#3882,#3884) ;
#3907=LINE('Line',#3904,#3906) ;
#3912=LINE('Line',#3909,#3911) ;
#3919=LINE('Line',#3916,#3918) ;
#3938=LINE('Line',#3935,#3937) ;
#3945=LINE('Line',#3942,#3944) ;
#3962=LINE('Line',#3959,#3961) ;
#3967=LINE('Line',#3964,#3966) ;
#3998=LINE('Line',#3995,#3997) ;
#4015=LINE('Line',#4012,#4014) ;
#4027=LINE('Line',#4024,#4026) ;
#4044=LINE('Line',#4041,#4043) ;
#4068=LINE('Line',#4065,#4067) ;
#4082=LINE('Line',#4079,#4081) ;
#4094=LINE('Line',#4091,#4093) ;
#4099=LINE('Line',#4096,#4098) ;
#4116=LINE('Line',#4113,#4115) ;
#4128=LINE('Line',#4125,#4127) ;
#4145=LINE('Line',#4142,#4144) ;
#4157=LINE('Line',#4154,#4156) ;
#4174=LINE('Line',#4171,#4173) ;
#4215=LINE('Line',#4212,#4214) ;
#4227=LINE('Line',#4224,#4226) ;
#4239=LINE('Line',#4236,#4238) ;
#4256=LINE('Line',#4253,#4255) ;
#4263=LINE('Line',#4260,#4262) ;
#4270=LINE('Line',#4267,#4269) ;
#4287=LINE('Line',#4284,#4286) ;
#4294=LINE('Line',#4291,#4293) ;
#4311=LINE('Line',#4308,#4310) ;
#4318=LINE('Line',#4315,#4317) ;
#4335=LINE('Line',#4332,#4334) ;
#4346=LINE('Line',#4343,#4345) ;
#4355=LINE('Line',#4352,#4354) ;
#4362=LINE('Line',#4359,#4361) ;
#4369=LINE('Line',#4366,#4368) ;
#4398=LINE('Line',#4395,#4397) ;
#4415=LINE('Line',#4412,#4414) ;
#4432=LINE('Line',#4429,#4431) ;
#4439=LINE('Line',#4436,#4438) ;
#4458=LINE('Line',#4455,#4457) ;
#4465=LINE('Line',#4462,#4464) ;
#4482=LINE('Line',#4479,#4481) ;
#4487=LINE('Line',#4484,#4486) ;
#4506=LINE('Line',#4503,#4505) ;
#4542=LINE('Line',#4539,#4541) ;
#4549=LINE('Line',#4546,#4548) ;
#4556=LINE('Line',#4553,#4555) ;
#4573=LINE('Line',#4570,#4572) ;
#4580=LINE('Line',#4577,#4579) ;
#4597=LINE('Line',#4594,#4596) ;
#4604=LINE('Line',#4601,#4603) ;
#4621=LINE('Line',#4618,#4620) ;
#4626=LINE('Line',#4623,#4625) ;
#4657=LINE('Line',#4654,#4656) ;
#4675=LINE('Line',#4672,#4674) ;
#4717=LINE('Line',#4714,#4716) ;
#4724=LINE('Line',#4721,#4723) ;
#4741=LINE('Line',#4738,#4740) ;
#4748=LINE('Line',#4745,#4747) ;
#4765=LINE('Line',#4762,#4764) ;
#4772=LINE('Line',#4769,#4771) ;
#4789=LINE('Line',#4786,#4788) ;
#4796=LINE('Line',#4793,#4795) ;
#4813=LINE('Line',#4810,#4812) ;
#4820=LINE('Line',#4817,#4819) ;
#4832=LINE('Line',#4829,#4831) ;
#4839=LINE('Line',#4836,#4838) ;
#4856=LINE('Line',#4853,#4855) ;
#4885=LINE('Line',#4882,#4884) ;
#4892=LINE('Line',#4889,#4891) ;
#4906=LINE('Line',#4903,#4905) ;
#4913=LINE('Line',#4910,#4912) ;
#4930=LINE('Line',#4927,#4929) ;
#4949=LINE('Line',#4946,#4948) ;
#4956=LINE('Line',#4953,#4955) ;
#4970=LINE('Line',#4967,#4969) ;
#4977=LINE('Line',#4974,#4976) ;
#4994=LINE('Line',#4991,#4993) ;
#5060=LINE('Line',#5057,#5059) ;
#5069=LINE('Line',#5066,#5068) ;
#5076=LINE('Line',#5073,#5075) ;
#5083=LINE('Line',#5080,#5082) ;
#5100=LINE('Line',#5097,#5099) ;
#5109=LINE('Line',#5106,#5108) ;
#5116=LINE('Line',#5113,#5115) ;
#5123=LINE('Line',#5120,#5122) ;
#5140=LINE('Line',#5137,#5139) ;
#5147=LINE('Line',#5144,#5146) ;
#5154=LINE('Line',#5151,#5153) ;
#5171=LINE('Line',#5168,#5170) ;
#5178=LINE('Line',#5175,#5177) ;
#5185=LINE('Line',#5182,#5184) ;
#5202=LINE('Line',#5199,#5201) ;
#5207=LINE('Line',#5204,#5206) ;
#5224=LINE('Line',#5221,#5223) ;
#5229=LINE('Line',#5226,#5228) ;
#5272=LINE('Line',#5269,#5271) ;
#5281=LINE('Line',#5278,#5280) ;
#5288=LINE('Line',#5285,#5287) ;
#5295=LINE('Line',#5292,#5294) ;
#5307=LINE('Line',#5304,#5306) ;
#5316=LINE('Line',#5313,#5315) ;
#5323=LINE('Line',#5320,#5322) ;
#5330=LINE('Line',#5327,#5329) ;
#5342=LINE('Line',#5339,#5341) ;
#5349=LINE('Line',#5346,#5348) ;
#5356=LINE('Line',#5353,#5355) ;
#5368=LINE('Line',#5365,#5367) ;
#5375=LINE('Line',#5372,#5374) ;
#5382=LINE('Line',#5379,#5381) ;
#5394=LINE('Line',#5391,#5393) ;
#5399=LINE('Line',#5396,#5398) ;
#5411=LINE('Line',#5408,#5410) ;
#5416=LINE('Line',#5413,#5415) ;
#5459=LINE('Line',#5456,#5458) ;
#5468=LINE('Line',#5465,#5467) ;
#5475=LINE('Line',#5472,#5474) ;
#5482=LINE('Line',#5479,#5481) ;
#5494=LINE('Line',#5491,#5493) ;
#5503=LINE('Line',#5500,#5502) ;
#5510=LINE('Line',#5507,#5509) ;
#5517=LINE('Line',#5514,#5516) ;
#5529=LINE('Line',#5526,#5528) ;
#5536=LINE('Line',#5533,#5535) ;
#5543=LINE('Line',#5540,#5542) ;
#5555=LINE('Line',#5552,#5554) ;
#5562=LINE('Line',#5559,#5561) ;
#5569=LINE('Line',#5566,#5568) ;
#5581=LINE('Line',#5578,#5580) ;
#5586=LINE('Line',#5583,#5585) ;
#5598=LINE('Line',#5595,#5597) ;
#5603=LINE('Line',#5600,#5602) ;
#35=PLANE('',#34) ;
#75=PLANE('',#74) ;
#122=PLANE('',#121) ;
#154=PLANE('',#153) ;
#185=PLANE('',#184) ;
#236=PLANE('',#235) ;
#273=PLANE('',#272) ;
#285=PLANE('',#284) ;
#750=PLANE('',#749) ;
#1008=PLANE('',#1007) ;
#1020=PLANE('',#1019) ;
#1051=PLANE('',#1050) ;
#1075=PLANE('',#1074) ;
#1099=PLANE('',#1098) ;
#1116=PLANE('',#1115) ;
#1155=PLANE('',#1154) ;
#1179=PLANE('',#1178) ;
#1588=PLANE('',#1587) ;
#1612=PLANE('',#1611) ;
#1668=PLANE('',#1667) ;
#1685=PLANE('',#1684) ;
#1728=PLANE('',#1727) ;
#1745=PLANE('',#1744) ;
#1797=PLANE('',#1796) ;
#1821=PLANE('',#1820) ;
#1854=PLANE('',#1853) ;
#1913=PLANE('',#1912) ;
#2065=PLANE('',#2064) ;
#2101=PLANE('',#2100) ;
#2161=PLANE('',#2160) ;
#2534=PLANE('',#2533) ;
#2551=PLANE('',#2550) ;
#2580=PLANE('',#2579) ;
#2616=PLANE('',#2615) ;
#2647=PLANE('',#2646) ;
#2671=PLANE('',#2670) ;
#2754=PLANE('',#2753) ;
#2771=PLANE('',#2770) ;
#2832=PLANE('',#2831) ;
#2866=PLANE('',#2865) ;
#2883=PLANE('',#2882) ;
#2900=PLANE('',#2899) ;
#2946=PLANE('',#2945) ;
#2992=PLANE('',#2991) ;
#3004=PLANE('',#3003) ;
#3016=PLANE('',#3015) ;
#3056=PLANE('',#3055) ;
#3087=PLANE('',#3086) ;
#3110=PLANE('',#3109) ;
#3143=PLANE('',#3142) ;
#3194=PLANE('',#3193) ;
#3211=PLANE('',#3210) ;
#3228=PLANE('',#3227) ;
#3241=PLANE('',#3240) ;
#3263=PLANE('',#3262) ;
#3280=PLANE('',#3279) ;
#3297=PLANE('',#3296) ;
#3335=PLANE('',#3334) ;
#3368=PLANE('',#3367) ;
#3427=PLANE('',#3426) ;
#3460=PLANE('',#3459) ;
#3510=PLANE('',#3509) ;
#3527=PLANE('',#3526) ;
#3551=PLANE('',#3550) ;
#3607=PLANE('',#3606) ;
#3624=PLANE('',#3623) ;
#3702=PLANE('',#3701) ;
#3742=PLANE('',#3741) ;
#3813=PLANE('',#3812) ;
#3903=PLANE('',#3902) ;
#3934=PLANE('',#3933) ;
#3958=PLANE('',#3957) ;
#3994=PLANE('',#3993) ;
#4011=PLANE('',#4010) ;
#4040=PLANE('',#4039) ;
#4141=PLANE('',#4140) ;
#4187=PLANE('',#4186) ;
#4199=PLANE('',#4198) ;
#4211=PLANE('',#4210) ;
#4252=PLANE('',#4251) ;
#4283=PLANE('',#4282) ;
#4307=PLANE('',#4306) ;
#4331=PLANE('',#4330) ;
#4382=PLANE('',#4381) ;
#4411=PLANE('',#4410) ;
#4428=PLANE('',#4427) ;
#4454=PLANE('',#4453) ;
#4478=PLANE('',#4477) ;
#4502=PLANE('',#4501) ;
#4538=PLANE('',#4537) ;
#4569=PLANE('',#4568) ;
#4593=PLANE('',#4592) ;
#4617=PLANE('',#4616) ;
#4641=PLANE('',#4640) ;
#4653=PLANE('',#4652) ;
#4671=PLANE('',#4670) ;
#4688=PLANE('',#4687) ;
#4701=PLANE('',#4700) ;
#4713=PLANE('',#4712) ;
#4737=PLANE('',#4736) ;
#4761=PLANE('',#4760) ;
#4785=PLANE('',#4784) ;
#4809=PLANE('',#4808) ;
#4852=PLANE('',#4851) ;
#4869=PLANE('',#4868) ;
#4881=PLANE('',#4880) ;
#4926=PLANE('',#4925) ;
#4945=PLANE('',#4944) ;
#4990=PLANE('',#4989) ;
#5009=PLANE('',#5008) ;
#5021=PLANE('',#5020) ;
#5056=PLANE('',#5055) ;
#5096=PLANE('',#5095) ;
#5136=PLANE('',#5135) ;
#5167=PLANE('',#5166) ;
#5198=PLANE('',#5197) ;
#5220=PLANE('',#5219) ;
#5242=PLANE('',#5241) ;
#5256=PLANE('',#5255) ;
#5429=PLANE('',#5428) ;
#5443=PLANE('',#5442) ;
#5616=PLANE('',#5615) ;
#5630=PLANE('',#5629) ;
#9=PRODUCT_CATEGORY_RELATIONSHIP(' ',' ',#7,#8) ;
#6=PRODUCT_DEFINITION_FORMATION_WITH_SPECIFIED_SOURCE('',' ',#5,.NOT_KNOWN.) ;
#20=SHAPE_DEFINITION_REPRESENTATION(#11,#19) ;
#41=VERTEX_POINT('',#40) ;
#43=VERTEX_POINT('',#42) ;
#50=VERTEX_POINT('',#49) ;
#57=VERTEX_POINT('',#56) ;
#81=VERTEX_POINT('',#80) ;
#83=VERTEX_POINT('',#82) ;
#95=VERTEX_POINT('',#94) ;
#102=VERTEX_POINT('',#101) ;
#128=VERTEX_POINT('',#127) ;
#135=VERTEX_POINT('',#134) ;
#160=VERTEX_POINT('',#159) ;
#167=VERTEX_POINT('',#166) ;
#191=VERTEX_POINT('',#190) ;
#193=VERTEX_POINT('',#192) ;
#200=VERTEX_POINT('',#199) ;
#207=VERTEX_POINT('',#206) ;
#242=VERTEX_POINT('',#241) ;
#244=VERTEX_POINT('',#243) ;
#291=VERTEX_POINT('',#290) ;
#293=VERTEX_POINT('',#292) ;
#300=VERTEX_POINT('',#299) ;
#307=VERTEX_POINT('',#306) ;
#314=VERTEX_POINT('',#313) ;
#321=VERTEX_POINT('',#320) ;
#328=VERTEX_POINT('',#327) ;
#335=VERTEX_POINT('',#334) ;
#342=VERTEX_POINT('',#341) ;
#349=VERTEX_POINT('',#348) ;
#356=VERTEX_POINT('',#355) ;
#363=VERTEX_POINT('',#362) ;
#370=VERTEX_POINT('',#369) ;
#377=VERTEX_POINT('',#376) ;
#384=VERTEX_POINT('',#383) ;
#391=VERTEX_POINT('',#390) ;
#398=VERTEX_POINT('',#397) ;
#405=VERTEX_POINT('',#404) ;
#412=VERTEX_POINT('',#411) ;
#419=VERTEX_POINT('',#418) ;
#426=VERTEX_POINT('',#425) ;
#433=VERTEX_POINT('',#432) ;
#440=VERTEX_POINT('',#439) ;
#447=VERTEX_POINT('',#446) ;
#454=VERTEX_POINT('',#453) ;
#461=VERTEX_POINT('',#460) ;
#468=VERTEX_POINT('',#467) ;
#475=VERTEX_POINT('',#474) ;
#482=VERTEX_POINT('',#481) ;
#489=VERTEX_POINT('',#488) ;
#496=VERTEX_POINT('',#495) ;
#503=VERTEX_POINT('',#502) ;
#510=VERTEX_POINT('',#509) ;
#517=VERTEX_POINT('',#516) ;
#524=VERTEX_POINT('',#523) ;
#531=VERTEX_POINT('',#530) ;
#538=VERTEX_POINT('',#537) ;
#545=VERTEX_POINT('',#544) ;
#552=VERTEX_POINT('',#551) ;
#559=VERTEX_POINT('',#558) ;
#571=VERTEX_POINT('',#570) ;
#578=VERTEX_POINT('',#577) ;
#585=VERTEX_POINT('',#584) ;
#592=VERTEX_POINT('',#591) ;
#599=VERTEX_POINT('',#598) ;
#606=VERTEX_POINT('',#605) ;
#613=VERTEX_POINT('',#612) ;
#620=VERTEX_POINT('',#619) ;
#627=VERTEX_POINT('',#626) ;
#634=VERTEX_POINT('',#633) ;
#641=VERTEX_POINT('',#640) ;
#648=VERTEX_POINT('',#647) ;
#655=VERTEX_POINT('',#654) ;
#662=VERTEX_POINT('',#661) ;
#669=VERTEX_POINT('',#668) ;
#676=VERTEX_POINT('',#675) ;
#756=VERTEX_POINT('',#755) ;
#763=VERTEX_POINT('',#762) ;
#770=VERTEX_POINT('',#769) ;
#787=VERTEX_POINT('',#786) ;
#794=VERTEX_POINT('',#793) ;
#801=VERTEX_POINT('',#800) ;
#808=VERTEX_POINT('',#807) ;
#815=VERTEX_POINT('',#814) ;
#822=VERTEX_POINT('',#821) ;
#829=VERTEX_POINT('',#828) ;
#841=VERTEX_POINT('',#840) ;
#848=VERTEX_POINT('',#847) ;
#860=VERTEX_POINT('',#859) ;
#867=VERTEX_POINT('',#866) ;
#874=VERTEX_POINT('',#873) ;
#881=VERTEX_POINT('',#880) ;
#888=VERTEX_POINT('',#887) ;
#895=VERTEX_POINT('',#894) ;
#902=VERTEX_POINT('',#901) ;
#914=VERTEX_POINT('',#913) ;
#921=VERTEX_POINT('',#920) ;
#933=VERTEX_POINT('',#932) ;
#940=VERTEX_POINT('',#939) ;
#952=VERTEX_POINT('',#951) ;
#1026=VERTEX_POINT('',#1025) ;
#1033=VERTEX_POINT('',#1032) ;
#1057=VERTEX_POINT('',#1056) ;
#1081=VERTEX_POINT('',#1080) ;
#1122=VERTEX_POINT('',#1121) ;
#1124=VERTEX_POINT('',#1123) ;
#1136=VERTEX_POINT('',#1135) ;
#1161=VERTEX_POINT('',#1160) ;
#1185=VERTEX_POINT('',#1184) ;
#1187=VERTEX_POINT('',#1186) ;
#1194=VERTEX_POINT('',#1193) ;
#1201=VERTEX_POINT('',#1200) ;
#1208=VERTEX_POINT('',#1207) ;
#1215=VERTEX_POINT('',#1214) ;
#1227=VERTEX_POINT('',#1226) ;
#1234=VERTEX_POINT('',#1233) ;
#1246=VERTEX_POINT('',#1245) ;
#1253=VERTEX_POINT('',#1252) ;
#1260=VERTEX_POINT('',#1259) ;
#1267=VERTEX_POINT('',#1266) ;
#1274=VERTEX_POINT('',#1273) ;
#1281=VERTEX_POINT('',#1280) ;
#1293=VERTEX_POINT('',#1292) ;
#1300=VERTEX_POINT('',#1299) ;
#1307=VERTEX_POINT('',#1306) ;
#1319=VERTEX_POINT('',#1318) ;
#1326=VERTEX_POINT('',#1325) ;
#1333=VERTEX_POINT('',#1332) ;
#1340=VERTEX_POINT('',#1339) ;
#1347=VERTEX_POINT('',#1346) ;
#1354=VERTEX_POINT('',#1353) ;
#1366=VERTEX_POINT('',#1365) ;
#1373=VERTEX_POINT('',#1372) ;
#1385=VERTEX_POINT('',#1384) ;
#1392=VERTEX_POINT('',#1391) ;
#1399=VERTEX_POINT('',#1398) ;
#1406=VERTEX_POINT('',#1405) ;
#1413=VERTEX_POINT('',#1412) ;
#1420=VERTEX_POINT('',#1419) ;
#1432=VERTEX_POINT('',#1431) ;
#1439=VERTEX_POINT('',#1438) ;
#1451=VERTEX_POINT('',#1450) ;
#1458=VERTEX_POINT('',#1457) ;
#1465=VERTEX_POINT('',#1464) ;
#1472=VERTEX_POINT('',#1471) ;
#1479=VERTEX_POINT('',#1478) ;
#1486=VERTEX_POINT('',#1485) ;
#1493=VERTEX_POINT('',#1492) ;
#1500=VERTEX_POINT('',#1499) ;
#1507=VERTEX_POINT('',#1506) ;
#1514=VERTEX_POINT('',#1513) ;
#1594=VERTEX_POINT('',#1593) ;
#1618=VERTEX_POINT('',#1617) ;
#1625=VERTEX_POINT('',#1624) ;
#1632=VERTEX_POINT('',#1631) ;
#1639=VERTEX_POINT('',#1638) ;
#1646=VERTEX_POINT('',#1645) ;
#1691=VERTEX_POINT('',#1690) ;
#1710=VERTEX_POINT('',#1709) ;
#1763=VERTEX_POINT('',#1762) ;
#1770=VERTEX_POINT('',#1769) ;
#1777=VERTEX_POINT('',#1776) ;
#1803=VERTEX_POINT('',#1802) ;
#1827=VERTEX_POINT('',#1826) ;
#1834=VERTEX_POINT('',#1833) ;
#1860=VERTEX_POINT('',#1859) ;
#1867=VERTEX_POINT('',#1866) ;
#1874=VERTEX_POINT('',#1873) ;
#1895=VERTEX_POINT('',#1894) ;
#1919=VERTEX_POINT('',#1918) ;
#1921=VERTEX_POINT('',#1920) ;
#1928=VERTEX_POINT('',#1927) ;
#1935=VERTEX_POINT('',#1934) ;
#1942=VERTEX_POINT('',#1941) ;
#1949=VERTEX_POINT('',#1948) ;
#1956=VERTEX_POINT('',#1955) ;
#1963=VERTEX_POINT('',#1962) ;
#1970=VERTEX_POINT('',#1969) ;
#1987=VERTEX_POINT('',#1986) ;
#1994=VERTEX_POINT('',#1993) ;
#2001=VERTEX_POINT('',#2000) ;
#2008=VERTEX_POINT('',#2007) ;
#2015=VERTEX_POINT('',#2014) ;
#2022=VERTEX_POINT('',#2021) ;
#2029=VERTEX_POINT('',#2028) ;
#2083=VERTEX_POINT('',#2082) ;
#2107=VERTEX_POINT('',#2106) ;
#2114=VERTEX_POINT('',#2113) ;
#2121=VERTEX_POINT('',#2120) ;
#2142=VERTEX_POINT('',#2141) ;
#2167=VERTEX_POINT('',#2166) ;
#2169=VERTEX_POINT('',#2168) ;
#2176=VERTEX_POINT('',#2175) ;
#2183=VERTEX_POINT('',#2182) ;
#2190=VERTEX_POINT('',#2189) ;
#2197=VERTEX_POINT('',#2196) ;
#2204=VERTEX_POINT('',#2203) ;
#2211=VERTEX_POINT('',#2210) ;
#2218=VERTEX_POINT('',#2217) ;
#2225=VERTEX_POINT('',#2224) ;
#2232=VERTEX_POINT('',#2231) ;
#2239=VERTEX_POINT('',#2238) ;
#2246=VERTEX_POINT('',#2245) ;
#2253=VERTEX_POINT('',#2252) ;
#2260=VERTEX_POINT('',#2259) ;
#2267=VERTEX_POINT('',#2266) ;
#2274=VERTEX_POINT('',#2273) ;
#2281=VERTEX_POINT('',#2280) ;
#2288=VERTEX_POINT('',#2287) ;
#2295=VERTEX_POINT('',#2294) ;
#2302=VERTEX_POINT('',#2301) ;
#2309=VERTEX_POINT('',#2308) ;
#2316=VERTEX_POINT('',#2315) ;
#2323=VERTEX_POINT('',#2322) ;
#2330=VERTEX_POINT('',#2329) ;
#2337=VERTEX_POINT('',#2336) ;
#2344=VERTEX_POINT('',#2343) ;
#2351=VERTEX_POINT('',#2350) ;
#2358=VERTEX_POINT('',#2357) ;
#2365=VERTEX_POINT('',#2364) ;
#2372=VERTEX_POINT('',#2371) ;
#2379=VERTEX_POINT('',#2378) ;
#2386=VERTEX_POINT('',#2385) ;
#2393=VERTEX_POINT('',#2392) ;
#2447=VERTEX_POINT('',#2446) ;
#2449=VERTEX_POINT('',#2448) ;
#2456=VERTEX_POINT('',#2455) ;
#2463=VERTEX_POINT('',#2462) ;
#2481=VERTEX_POINT('',#2480) ;
#2483=VERTEX_POINT('',#2482) ;
#2490=VERTEX_POINT('',#2489) ;
#2497=VERTEX_POINT('',#2496) ;
#2627=VERTEX_POINT('',#2626) ;
#2653=VERTEX_POINT('',#2652) ;
#2677=VERTEX_POINT('',#2676) ;
#2703=VERTEX_POINT('',#2702) ;
#2705=VERTEX_POINT('',#2704) ;
#2712=VERTEX_POINT('',#2711) ;
#2724=VERTEX_POINT('',#2723) ;
#2731=VERTEX_POINT('',#2730) ;
#2784=VERTEX_POINT('',#2783) ;
#2791=VERTEX_POINT('',#2790) ;
#2798=VERTEX_POINT('',#2797) ;
#3022=VERTEX_POINT('',#3021) ;
#3024=VERTEX_POINT('',#3023) ;
#3031=VERTEX_POINT('',#3030) ;
#3038=VERTEX_POINT('',#3037) ;
#3062=VERTEX_POINT('',#3061) ;
#3064=VERTEX_POINT('',#3063) ;
#3116=VERTEX_POINT('',#3115) ;
#3123=VERTEX_POINT('',#3122) ;
#3149=VERTEX_POINT('',#3148) ;
#3151=VERTEX_POINT('',#3150) ;
#3158=VERTEX_POINT('',#3157) ;
#3165=VERTEX_POINT('',#3164) ;
#3310=VERTEX_POINT('',#3309) ;
#3317=VERTEX_POINT('',#3316) ;
#3341=VERTEX_POINT('',#3340) ;
#3348=VERTEX_POINT('',#3347) ;
#3374=VERTEX_POINT('',#3373) ;
#3381=VERTEX_POINT('',#3380) ;
#3388=VERTEX_POINT('',#3387) ;
#3409=VERTEX_POINT('',#3408) ;
#3433=VERTEX_POINT('',#3432) ;
#3440=VERTEX_POINT('',#3439) ;
#3473=VERTEX_POINT('',#3472) ;
#3492=VERTEX_POINT('',#3491) ;
#3533=VERTEX_POINT('',#3532) ;
#3557=VERTEX_POINT('',#3556) ;
#3559=VERTEX_POINT('',#3558) ;
#3566=VERTEX_POINT('',#3565) ;
#3573=VERTEX_POINT('',#3572) ;
#3580=VERTEX_POINT('',#3579) ;
#3630=VERTEX_POINT('',#3629) ;
#3649=VERTEX_POINT('',#3648) ;
#3656=VERTEX_POINT('',#3655) ;
#3676=VERTEX_POINT('',#3675) ;
#3683=VERTEX_POINT('',#3682) ;
#3708=VERTEX_POINT('',#3707) ;
#3715=VERTEX_POINT('',#3714) ;
#3722=VERTEX_POINT('',#3721) ;
#3772=VERTEX_POINT('',#3771) ;
#3774=VERTEX_POINT('',#3773) ;
#3781=VERTEX_POINT('',#3780) ;
#3845=VERTEX_POINT('',#3844) ;
#3852=VERTEX_POINT('',#3851) ;
#3859=VERTEX_POINT('',#3858) ;
#3866=VERTEX_POINT('',#3865) ;
#3873=VERTEX_POINT('',#3872) ;
#3880=VERTEX_POINT('',#3879) ;
#3914=VERTEX_POINT('',#3913) ;
#3940=VERTEX_POINT('',#3939) ;
#4258=VERTEX_POINT('',#4257) ;
#4265=VERTEX_POINT('',#4264) ;
#4289=VERTEX_POINT('',#4288) ;
#4313=VERTEX_POINT('',#4312) ;
#4348=VERTEX_POINT('',#4347) ;
#4350=VERTEX_POINT('',#4349) ;
#4357=VERTEX_POINT('',#4356) ;
#4364=VERTEX_POINT('',#4363) ;
#4434=VERTEX_POINT('',#4433) ;
#4460=VERTEX_POINT('',#4459) ;
#4544=VERTEX_POINT('',#4543) ;
#4551=VERTEX_POINT('',#4550) ;
#4575=VERTEX_POINT('',#4574) ;
#4599=VERTEX_POINT('',#4598) ;
#4719=VERTEX_POINT('',#4718) ;
#4743=VERTEX_POINT('',#4742) ;
#4767=VERTEX_POINT('',#4766) ;
#4791=VERTEX_POINT('',#4790) ;
#4815=VERTEX_POINT('',#4814) ;
#4834=VERTEX_POINT('',#4833) ;
#4887=VERTEX_POINT('',#4886) ;
#4908=VERTEX_POINT('',#4907) ;
#4951=VERTEX_POINT('',#4950) ;
#4972=VERTEX_POINT('',#4971) ;
#5062=VERTEX_POINT('',#5061) ;
#5064=VERTEX_POINT('',#5063) ;
#5071=VERTEX_POINT('',#5070) ;
#5078=VERTEX_POINT('',#5077) ;
#5102=VERTEX_POINT('',#5101) ;
#5104=VERTEX_POINT('',#5103) ;
#5111=VERTEX_POINT('',#5110) ;
#5118=VERTEX_POINT('',#5117) ;
#5142=VERTEX_POINT('',#5141) ;
#5149=VERTEX_POINT('',#5148) ;
#5173=VERTEX_POINT('',#5172) ;
#5180=VERTEX_POINT('',#5179) ;
#5274=VERTEX_POINT('',#5273) ;
#5276=VERTEX_POINT('',#5275) ;
#5283=VERTEX_POINT('',#5282) ;
#5290=VERTEX_POINT('',#5289) ;
#5309=VERTEX_POINT('',#5308) ;
#5311=VERTEX_POINT('',#5310) ;
#5318=VERTEX_POINT('',#5317) ;
#5325=VERTEX_POINT('',#5324) ;
#5344=VERTEX_POINT('',#5343) ;
#5351=VERTEX_POINT('',#5350) ;
#5370=VERTEX_POINT('',#5369) ;
#5377=VERTEX_POINT('',#5376) ;
#5461=VERTEX_POINT('',#5460) ;
#5463=VERTEX_POINT('',#5462) ;
#5470=VERTEX_POINT('',#5469) ;
#5477=VERTEX_POINT('',#5476) ;
#5496=VERTEX_POINT('',#5495) ;
#5498=VERTEX_POINT('',#5497) ;
#5505=VERTEX_POINT('',#5504) ;
#5512=VERTEX_POINT('',#5511) ;
#5531=VERTEX_POINT('',#5530) ;
#5538=VERTEX_POINT('',#5537) ;
#5557=VERTEX_POINT('',#5556) ;
#5564=VERTEX_POINT('',#5563) ;
#12=(LENGTH_UNIT()NAMED_UNIT(*)SI_UNIT(.MILLI.,.METRE.)) ;
#13=(NAMED_UNIT(*)PLANE_ANGLE_UNIT()SI_UNIT($,.RADIAN.)) ;
#14=(NAMED_UNIT(*)SI_UNIT($,.STERADIAN.)SOLID_ANGLE_UNIT()) ;
#16=(GEOMETRIC_REPRESENTATION_CONTEXT(3)GLOBAL_UNCERTAINTY_ASSIGNED_CONTEXT((#15))GLOBAL_UNIT_ASSIGNED_CONTEXT((#12,#13,#14))REPRESENTATION_CONTEXT(' ',' ')) ;
ENDSEC;
END-ISO-10303-21;
