ISO-10303-21;
HEADER;
FILE_DESCRIPTION (( 'STEP AP214' ),
    '1' );
FILE_NAME ('20-2137.STEP',
    '2022-02-25T14:08:03',
    ( '' ),
    ( '' ),
    'SwSTEP 2.0',
    'SolidWorks 2018',
    '' );
FILE_SCHEMA (( 'AUTOMOTIVE_DESIGN' ));
ENDSEC;

DATA;
#1 = AXIS2_PLACEMENT_3D ( 'NONE', #1279, #1290, #510 ) ;
#2 = DIRECTION ( 'NONE',  ( -0.000000000000000000, 1.000000000000000000, -0.000000000000000000 ) ) ;
#3 = MECHANICAL_DESIGN_GEOMETRIC_PRESENTATION_REPRESENTATION (  '', ( #1577 ), #489 ) ;
#4 = DIRECTION ( 'NONE',  ( 0.000000000000000000, 0.000000000000000000, 1.000000000000000000 ) ) ;
#5 = VERTEX_POINT ( 'NONE', #1529 ) ;
#6 = PRESENTATION_STYLE_ASSIGNMENT (( #160 ) ) ;
#7 = VECTOR ( 'NONE', #30, 1000.000000000000000 ) ;
#8 = ADVANCED_FACE ( 'NONE', ( #842 ), #1244, .F. ) ;
#9 = EDGE_CURVE ( 'NONE', #623, #621, #604, .T. ) ;
#10 = AXIS2_PLACEMENT_3D ( 'NONE', #60, #1042, #799 ) ;
#11 = ORIENTED_EDGE ( 'NONE', *, *, #1488, .T. ) ;
#12 = DIRECTION ( 'NONE',  ( -0.000000000000000000, -0.000000000000000000, -1.000000000000000000 ) ) ;
#13 =( NAMED_UNIT ( * ) SI_UNIT ( $, .STERADIAN. ) SOLID_ANGLE_UNIT ( ) );
#14 = ADVANCED_FACE ( 'NONE', ( #1521 ), #1134, .F. ) ;
#15 = LINE ( 'NONE', #559, #872 ) ;
#16 = STYLED_ITEM ( 'NONE', ( #253 ), #292 ) ;
#17 =( LENGTH_UNIT ( ) NAMED_UNIT ( * ) SI_UNIT ( .MILLI., .METRE. ) );
#18 = SURFACE_SIDE_STYLE ('',( #567 ) ) ;
#19 = ORIENTED_EDGE ( 'NONE', *, *, #787, .F. ) ;
#20 =( LENGTH_UNIT ( ) NAMED_UNIT ( * ) SI_UNIT ( .MILLI., .METRE. ) );
#21 = CARTESIAN_POINT ( 'NONE',  ( 9.184850993605144740E-17, -0.5999999999999998668, -0.7499999999999995559 ) ) ;
#22 = PRESENTATION_STYLE_ASSIGNMENT (( #476 ) ) ;
#23 = LINE ( 'NONE', #375, #706 ) ;
#24 = CARTESIAN_POINT ( 'NONE',  ( -0.3099999999999994982, -5.422960892476885952, 0.2500000000000000000 ) ) ;
#25 = SURFACE_STYLE_FILL_AREA ( #884 ) ;
#26 = ORIENTED_EDGE ( 'NONE', *, *, #598, .T. ) ;
#27 = AXIS2_PLACEMENT_3D ( 'NONE', #158, #1411, #1039 ) ;
#28 = PRESENTATION_LAYER_ASSIGNMENT (  '', '', ( #1326 ) ) ;
#29 = EDGE_CURVE ( 'NONE', #5, #1084, #499, .T. ) ;
#30 = DIRECTION ( 'NONE',  ( -0.000000000000000000, -0.000000000000000000, -1.000000000000000000 ) ) ;
#31 = CARTESIAN_POINT ( 'NONE',  ( 0.1000000000000000472, -0.8373171442171719603, -0.2500000000000000000 ) ) ;
#32 = DIRECTION ( 'NONE',  ( -0.000000000000000000, -0.000000000000000000, -1.000000000000000000 ) ) ;
#33 = UNCERTAINTY_MEASURE_WITH_UNIT (LENGTH_MEASURE( 1.000000000000000082E-05 ), #569, 'distance_accuracy_value', 'NONE');
#34 = CARTESIAN_POINT ( 'NONE',  ( -0.3641975370173031745, -6.799999999999999822, 0.2500000000000000000 ) ) ;
#35 = CARTESIAN_POINT ( 'NONE',  ( -0.1000000000000000472, -0.8373171442171719603, -0.2500000000000000000 ) ) ;
#36 = CIRCLE ( 'NONE', #1252, 6.575660735194312601 ) ;
#37 = DIRECTION ( 'NONE',  ( -0.000000000000000000, -0.000000000000000000, -1.000000000000000000 ) ) ;
#38 =( LENGTH_UNIT ( ) NAMED_UNIT ( * ) SI_UNIT ( .MILLI., .METRE. ) );
#39 =( GEOMETRIC_REPRESENTATION_CONTEXT ( 3 ) GLOBAL_UNCERTAINTY_ASSIGNED_CONTEXT ( ( #870 ) ) GLOBAL_UNIT_ASSIGNED_CONTEXT ( ( #1229, #1627, #837 ) ) REPRESENTATION_CONTEXT ( 'NONE', 'WORKASPACE' ) );
#40 = FACE_OUTER_BOUND ( 'NONE', #262, .T. ) ;
#41 = MECHANICAL_DESIGN_GEOMETRIC_PRESENTATION_REPRESENTATION (  '', ( #1031 ), #1632 ) ;
#42 = CARTESIAN_POINT ( 'NONE',  ( -0.1000000000000000472, -0.8373171442171719603, -0.2500000000000000000 ) ) ;
#43 = FILL_AREA_STYLE_COLOUR ( '', #1217 ) ;
#44 = VERTEX_POINT ( 'NONE', #128 ) ;
#45 = CIRCLE ( 'NONE', #193, 6.375660735194311535 ) ;
#46 = VECTOR ( 'NONE', #269, 1000.000000000000000 ) ;
#47 = ORIENTED_EDGE ( 'NONE', *, *, #1237, .F. ) ;
#48 = SURFACE_SIDE_STYLE ('',( #300 ) ) ;
#49 = FILL_AREA_STYLE_COLOUR ( '', #807 ) ;
#50 = ORIENTED_EDGE ( 'NONE', *, *, #116, .T. ) ;
#51 = PRESENTATION_LAYER_ASSIGNMENT (  '', '', ( #374 ) ) ;
#52 = AXIS2_PLACEMENT_3D ( 'NONE', #744, #119, #991 ) ;
#53 = DIRECTION ( 'NONE',  ( -0.000000000000000000, -0.000000000000000000, -1.000000000000000000 ) ) ;
#54 = PRODUCT_DEFINITION_CONTEXT ( 'detailed design', #751, 'design' ) ;
#55 = DIRECTION ( 'NONE',  ( -0.000000000000000000, -0.000000000000000000, -1.000000000000000000 ) ) ;
#56 = DIRECTION ( 'NONE',  ( -1.000000000000000000, 0.000000000000000000, 0.000000000000000000 ) ) ;
#57 =( LENGTH_UNIT ( ) NAMED_UNIT ( * ) SI_UNIT ( .MILLI., .METRE. ) );
#58 = UNCERTAINTY_MEASURE_WITH_UNIT (LENGTH_MEASURE( 1.000000000000000082E-05 ), #847, 'distance_accuracy_value', 'NONE');
#59 = FILL_AREA_STYLE_COLOUR ( '', #267 ) ;
#60 = CARTESIAN_POINT ( 'NONE',  ( 0.000000000000000000, -3.899999999999999911, 0.000000000000000000 ) ) ;
#61 = FILL_AREA_STYLE ('',( #1338 ) ) ;
#62 = DIRECTION ( 'NONE',  ( 0.000000000000000000, 0.000000000000000000, 1.000000000000000000 ) ) ;
#63 = AXIS2_PLACEMENT_3D ( 'NONE', #265, #618, #1027 ) ;
#64 = DIRECTION ( 'NONE',  ( -1.000000000000000000, 0.000000000000000000, 0.000000000000000000 ) ) ;
#65 = STYLED_ITEM ( 'NONE', ( #227 ), #546 ) ;
#66 = CARTESIAN_POINT ( 'NONE',  ( 0.1597189946925328674, -4.046844244437028948, 0.2500000000000000000 ) ) ;
#67 = FACE_OUTER_BOUND ( 'NONE', #1317, .T. ) ;
#68 = EDGE_CURVE ( 'NONE', #986, #285, #1589, .T. ) ;
#69 =( LENGTH_UNIT ( ) NAMED_UNIT ( * ) SI_UNIT ( .MILLI., .METRE. ) );
#70 = DIRECTION ( 'NONE',  ( -0.000000000000000000, -0.000000000000000000, -1.000000000000000000 ) ) ;
#71 = PRESENTATION_STYLE_ASSIGNMENT (( #925 ) ) ;
#72 = DIRECTION ( 'NONE',  ( -0.000000000000000000, -0.000000000000000000, -1.000000000000000000 ) ) ;
#73 = ORIENTED_EDGE ( 'NONE', *, *, #430, .F. ) ;
#74 = EDGE_CURVE ( 'NONE', #997, #1124, #1324, .T. ) ;
#75 = MECHANICAL_DESIGN_GEOMETRIC_PRESENTATION_REPRESENTATION (  '', ( #390 ), #235 ) ;
#76 = CARTESIAN_POINT ( 'NONE',  ( -0.3127358490566038984, -0.4028601354252431266, 0.2500000000000000000 ) ) ;
#77 =( LENGTH_UNIT ( ) NAMED_UNIT ( * ) SI_UNIT ( .MILLI., .METRE. ) );
#78 = COLOUR_RGB ( '',1.000000000000000000, 1.000000000000000000, 1.000000000000000000 ) ;
#79 =( LENGTH_UNIT ( ) NAMED_UNIT ( * ) SI_UNIT ( .MILLI., .METRE. ) );
#80 = DIRECTION ( 'NONE',  ( -0.000000000000000000, -0.000000000000000000, -1.000000000000000000 ) ) ;
#81 = ORIENTED_EDGE ( 'NONE', *, *, #1400, .T. ) ;
#82 = DIRECTION ( 'NONE',  ( 1.000000000000000000, 0.000000000000000000, 0.000000000000000000 ) ) ;
#83 = VECTOR ( 'NONE', #1247, 1000.000000000000000 ) ;
#84 = STYLED_ITEM ( 'NONE', ( #542 ), #1299 ) ;
#85 = CARTESIAN_POINT ( 'NONE',  ( 9.184850993605144740E-17, -3.899999999999999911, -0.7499999999999995559 ) ) ;
#86 = DIRECTION ( 'NONE',  ( 1.000000000000000000, 0.000000000000000000, 0.000000000000000000 ) ) ;
#87 = CARTESIAN_POINT ( 'NONE',  ( -0.5100000000000000089, -5.422960892476885952, 0.2500000000000000000 ) ) ;
#88 =( GEOMETRIC_REPRESENTATION_CONTEXT ( 3 ) GLOBAL_UNCERTAINTY_ASSIGNED_CONTEXT ( ( #1312 ) ) GLOBAL_UNIT_ASSIGNED_CONTEXT ( ( #1412, #887, #650 ) ) REPRESENTATION_CONTEXT ( 'NONE', 'WORKASPACE' ) );
#89 = CIRCLE ( 'NONE', #874, 0.5500000000000000444 ) ;
#90 = CIRCLE ( 'NONE', #1080, 0.7499999999999995559 ) ;
#91 = ORIENTED_EDGE ( 'NONE', *, *, #257, .T. ) ;
#92 =( NAMED_UNIT ( * ) SI_UNIT ( $, .STERADIAN. ) SOLID_ANGLE_UNIT ( ) );
#93 = ORIENTED_EDGE ( 'NONE', *, *, #509, .F. ) ;
#94 = MECHANICAL_DESIGN_GEOMETRIC_PRESENTATION_REPRESENTATION (  '', ( #65 ), #1018 ) ;
#95 = FILL_AREA_STYLE ('',( #1052 ) ) ;
#96 = SURFACE_STYLE_USAGE ( .BOTH. , #364 ) ;
#97 =( NAMED_UNIT ( * ) PLANE_ANGLE_UNIT ( ) SI_UNIT ( $, .RADIAN. ) );
#98 = CIRCLE ( 'NONE', #161, 2.533574012414093524 ) ;
#99 = CARTESIAN_POINT ( 'NONE',  ( 0.4353773584905660798, -0.5608445022586717732, 0.2500000000000000000 ) ) ;
#100 = ORIENTED_EDGE ( 'NONE', *, *, #29, .T. ) ;
#101 = SURFACE_STYLE_USAGE ( .BOTH. , #356 ) ;
#102 = EDGE_CURVE ( 'NONE', #461, #920, #1482, .T. ) ;
#103 = AXIS2_PLACEMENT_3D ( 'NONE', #186, #688, #1190 ) ;
#104 = CIRCLE ( 'NONE', #608, 2.333574012414093790 ) ;
#105 = LINE ( 'NONE', #944, #1508 ) ;
#106 = DIRECTION ( 'NONE',  ( -0.000000000000000000, -0.000000000000000000, -1.000000000000000000 ) ) ;
#107 = PRESENTATION_STYLE_ASSIGNMENT (( #1107 ) ) ;
#108 = ADVANCED_BREP_SHAPE_REPRESENTATION ( '20-2137', ( #546, #1371, #1442 ), #39 ) ;
#109 = FACE_OUTER_BOUND ( 'NONE', #1292, .T. ) ;
#110 = CARTESIAN_POINT ( 'NONE',  ( 0.3641975370173036741, -6.799999999999999822, -0.7499999999999995559 ) ) ;
#111 = VERTEX_POINT ( 'NONE', #878 ) ;
#112 =( NAMED_UNIT ( * ) SI_UNIT ( $, .STERADIAN. ) SOLID_ANGLE_UNIT ( ) );
#113 = PRESENTATION_STYLE_ASSIGNMENT (( #1603 ) ) ;
#114 =( GEOMETRIC_REPRESENTATION_CONTEXT ( 3 ) GLOBAL_UNCERTAINTY_ASSIGNED_CONTEXT ( ( #958 ) ) GLOBAL_UNIT_ASSIGNED_CONTEXT ( ( #1025, #1147, #1171 ) ) REPRESENTATION_CONTEXT ( 'NONE', 'WORKASPACE' ) );
#115 = AXIS2_PLACEMENT_3D ( 'NONE', #1456, #1436, #566 ) ;
#116 = EDGE_CURVE ( 'NONE', #997, #986, #789, .T. ) ;
#117 = DIRECTION ( 'NONE',  ( 1.000000000000000000, 0.000000000000000000, 0.000000000000000000 ) ) ;
#118 = PRESENTATION_STYLE_ASSIGNMENT (( #96 ) ) ;
#119 = DIRECTION ( 'NONE',  ( -0.000000000000000000, -0.000000000000000000, -1.000000000000000000 ) ) ;
#120 = ORIENTED_EDGE ( 'NONE', *, *, #898, .F. ) ;
#121 = COLOUR_RGB ( '',0.2509803921568627416, 0.2509803921568627416, 0.2509803921568627416 ) ;
#122 = STYLED_ITEM ( 'NONE', ( #118 ), #108 ) ;
#123 =( NAMED_UNIT ( * ) SI_UNIT ( $, .STERADIAN. ) SOLID_ANGLE_UNIT ( ) );
#124 = EDGE_CURVE ( 'NONE', #621, #623, #903, .T. ) ;
#125 =( GEOMETRIC_REPRESENTATION_CONTEXT ( 3 ) GLOBAL_UNCERTAINTY_ASSIGNED_CONTEXT ( ( #1490 ) ) GLOBAL_UNIT_ASSIGNED_CONTEXT ( ( #942, #803, #1063 ) ) REPRESENTATION_CONTEXT ( 'NONE', 'WORKASPACE' ) );
#126 = UNCERTAINTY_MEASURE_WITH_UNIT (LENGTH_MEASURE( 1.000000000000000082E-05 ), #1555, 'distance_accuracy_value', 'NONE');
#127 = FILL_AREA_STYLE ('',( #1253 ) ) ;
#128 = CARTESIAN_POINT ( 'NONE',  ( 0.000000000000000000, -3.899999999999999911, 0.4999999999999995559 ) ) ;
#129 = ORIENTED_EDGE ( 'NONE', *, *, #963, .T. ) ;
#130 = ORIENTED_EDGE ( 'NONE', *, *, #1135, .T. ) ;
#131 = CARTESIAN_POINT ( 'NONE',  ( -0.3099999999999994982, -5.422960892476885952, 0.2500000000000000000 ) ) ;
#132 = PRESENTATION_LAYER_ASSIGNMENT (  '', '', ( #1295 ) ) ;
#133 = CARTESIAN_POINT ( 'NONE',  ( 0.4353773584905660798, -0.5608445022586717732, 0.2500000000000000000 ) ) ;
#134 = MECHANICAL_DESIGN_GEOMETRIC_PRESENTATION_REPRESENTATION (  '', ( #84 ), #328 ) ;
#135 = CYLINDRICAL_SURFACE ( 'NONE', #804, 0.7100000000000000755 ) ;
#136 = SURFACE_SIDE_STYLE ('',( #1501 ) ) ;
#137 = SURFACE_STYLE_USAGE ( .BOTH. , #1537 ) ;
#138 = VERTEX_POINT ( 'NONE', #393 ) ;
#139 = DIRECTION ( 'NONE',  ( -0.000000000000000000, -0.000000000000000000, -1.000000000000000000 ) ) ;
#140 = COLOUR_RGB ( '',0.2509803921568627416, 0.2509803921568627416, 0.2509803921568627416 ) ;
#141 = CIRCLE ( 'NONE', #897, 2.533574012414093524 ) ;
#142 = COLOUR_RGB ( '',1.000000000000000000, 1.000000000000000000, 1.000000000000000000 ) ;
#143 = FILL_AREA_STYLE_COLOUR ( '', #617 ) ;
#144 = CARTESIAN_POINT ( 'NONE',  ( 6.065660735194311926, -5.422960892476885952, 0.2500000000000000000 ) ) ;
#145 = CYLINDRICAL_SURFACE ( 'NONE', #52, 2.333574012414093790 ) ;
#146 = PRESENTATION_LAYER_ASSIGNMENT (  '', '', ( #1345 ) ) ;
#147 = PRESENTATION_STYLE_ASSIGNMENT (( #472 ) ) ;
#148 =( NAMED_UNIT ( * ) SI_UNIT ( $, .STERADIAN. ) SOLID_ANGLE_UNIT ( ) );
#149 = LINE ( 'NONE', #527, #660 ) ;
#150 = AXIS2_PLACEMENT_3D ( 'NONE', #1087, #825, #833 ) ;
#151 = EDGE_CURVE ( 'NONE', #1572, #1367, #1008, .T. ) ;
#152 = SURFACE_STYLE_USAGE ( .BOTH. , #1273 ) ;
#153 = VERTEX_POINT ( 'NONE', #793 ) ;
#154 = SURFACE_STYLE_USAGE ( .BOTH. , #1267 ) ;
#155 = CARTESIAN_POINT ( 'NONE',  ( 0.6500000000000001332, -0.8373171442171719603, 0.2500000000000000000 ) ) ;
#156 = ORIENTED_EDGE ( 'NONE', *, *, #656, .T. ) ;
#157 = FILL_AREA_STYLE ('',( #1284 ) ) ;
#158 = CARTESIAN_POINT ( 'NONE',  ( 0.000000000000000000, 0.000000000000000000, 0.000000000000000000 ) ) ;
#159 = CARTESIAN_POINT ( 'NONE',  ( -0.1686321472824675316, -6.758117087758103381, -0.2500000000000000000 ) ) ;
#160 = SURFACE_STYLE_USAGE ( .BOTH. , #801 ) ;
#161 = AXIS2_PLACEMENT_3D ( 'NONE', #1104, #1644, #738 ) ;
#162 = UNCERTAINTY_MEASURE_WITH_UNIT (LENGTH_MEASURE( 1.000000000000000082E-05 ), #1098, 'distance_accuracy_value', 'NONE');
#163 = ADVANCED_FACE ( 'NONE', ( #1567 ), #518, .T. ) ;
#164 = EDGE_CURVE ( 'NONE', #674, #5, #1541, .T. ) ;
#165 = AXIS2_PLACEMENT_3D ( 'NONE', #1346, #1586, #805 ) ;
#166 = CARTESIAN_POINT ( 'NONE',  ( 6.123233995736761105E-17, -0.5999999999999998668, -0.4999999999999995559 ) ) ;
#167 = PLANE ( 'NONE',  #1234 ) ;
#168 = SURFACE_STYLE_FILL_AREA ( #941 ) ;
#169 = EDGE_LOOP ( 'NONE', ( #759, #1558, #11, #307 ) ) ;
#170 =( LENGTH_UNIT ( ) NAMED_UNIT ( * ) SI_UNIT ( .MILLI., .METRE. ) );
#171 = FILL_AREA_STYLE ('',( #908 ) ) ;
#172 = ORIENTED_EDGE ( 'NONE', *, *, #1294, .F. ) ;
#173 = FACE_OUTER_BOUND ( 'NONE', #1094, .T. ) ;
#174 = CARTESIAN_POINT ( 'NONE',  ( 0.000000000000000000, 0.000000000000000000, -0.2500000000000000000 ) ) ;
#175 = PRESENTATION_STYLE_ASSIGNMENT (( #154 ) ) ;
#176 = DIRECTION ( 'NONE',  ( -1.000000000000000000, 0.000000000000000000, 0.000000000000000000 ) ) ;
#177 = ORIENTED_EDGE ( 'NONE', *, *, #340, .T. ) ;
#178 = LINE ( 'NONE', #133, #1592 ) ;
#179 = FACE_OUTER_BOUND ( 'NONE', #1205, .T. ) ;
#180 = CARTESIAN_POINT ( 'NONE',  ( -6.065660735194311926, -5.422960892476885952, 0.2500000000000000000 ) ) ;
#181 = ORIENTED_EDGE ( 'NONE', *, *, #340, .F. ) ;
#182 = PRESENTATION_LAYER_ASSIGNMENT (  '', '', ( #761 ) ) ;
#183 = VERTEX_POINT ( 'NONE', #284 ) ;
#184 = EDGE_CURVE ( 'NONE', #1574, #1241, #1511, .T. ) ;
#185 = DIRECTION ( 'NONE',  ( -0.000000000000000000, -0.000000000000000000, -1.000000000000000000 ) ) ;
#186 = CARTESIAN_POINT ( 'NONE',  ( -0.6500000000000001332, -0.8373171442171719603, -0.2500000000000000000 ) ) ;
#187 =( NAMED_UNIT ( * ) PLANE_ANGLE_UNIT ( ) SI_UNIT ( $, .RADIAN. ) );
#188 = CARTESIAN_POINT ( 'NONE',  ( 0.000000000000000000, 0.000000000000000000, 0.2500000000000000000 ) ) ;
#189 = FILL_AREA_STYLE ('',( #43 ) ) ;
#190 = UNCERTAINTY_MEASURE_WITH_UNIT (LENGTH_MEASURE( 1.000000000000000082E-05 ), #765, 'distance_accuracy_value', 'NONE');
#191 = CARTESIAN_POINT ( 'NONE',  ( 2.633574012414093612, -3.500000000000000000, 0.2500000000000000000 ) ) ;
#192 = CYLINDRICAL_SURFACE ( 'NONE', #468, 0.4999999999999995559 ) ;
#193 = AXIS2_PLACEMENT_3D ( 'NONE', #1187, #1461, #1181 ) ;
#194 = FILL_AREA_STYLE ('',( #929 ) ) ;
#195 = COLOUR_RGB ( '',1.000000000000000000, 1.000000000000000000, 1.000000000000000000 ) ;
#196 = CARTESIAN_POINT ( 'NONE',  ( 0.1000000000000000472, -3.500000000000000000, 0.2500000000000000000 ) ) ;
#197 = SURFACE_SIDE_STYLE ('',( #293 ) ) ;
#198 =( NAMED_UNIT ( * ) SI_UNIT ( $, .STERADIAN. ) SOLID_ANGLE_UNIT ( ) );
#199 = VECTOR ( 'NONE', #1242, 1000.000000000000000 ) ;
#200 = VECTOR ( 'NONE', #442, 1000.000000000000000 ) ;
#201 = CARTESIAN_POINT ( 'NONE',  ( -0.3099999999999994982, -5.422960892476885952, -0.2500000000000000000 ) ) ;
#202 = PRESENTATION_STYLE_ASSIGNMENT (( #1306 ) ) ;
#203 = COLOUR_RGB ( '',0.2509803921568627416, 0.2509803921568627416, 0.2509803921568627416 ) ;
#204 = FACE_OUTER_BOUND ( 'NONE', #970, .T. ) ;
#205 = PRESENTATION_STYLE_ASSIGNMENT (( #1542 ) ) ;
#206 = DIRECTION ( 'NONE',  ( -0.000000000000000000, 1.000000000000000000, -0.000000000000000000 ) ) ;
#207 = ORIENTED_EDGE ( 'NONE', *, *, #385, .F. ) ;
#208 = PRESENTATION_LAYER_ASSIGNMENT (  '', '', ( #390 ) ) ;
#209 = ORIENTED_EDGE ( 'NONE', *, *, #9, .F. ) ;
#210 = SURFACE_STYLE_USAGE ( .BOTH. , #1474 ) ;
#211 = COLOUR_RGB ( '',1.000000000000000000, 1.000000000000000000, 1.000000000000000000 ) ;
#212 =( NAMED_UNIT ( * ) SI_UNIT ( $, .STERADIAN. ) SOLID_ANGLE_UNIT ( ) );
#213 = SURFACE_SIDE_STYLE ('',( #1342 ) ) ;
#214 = COLOUR_RGB ( '',1.000000000000000000, 1.000000000000000000, 1.000000000000000000 ) ;
#215 = UNCERTAINTY_MEASURE_WITH_UNIT (LENGTH_MEASURE( 1.000000000000000082E-05 ), #330, 'distance_accuracy_value', 'NONE');
#216 = COLOUR_RGB ( '',1.000000000000000000, 1.000000000000000000, 1.000000000000000000 ) ;
#217 = ORIENTED_EDGE ( 'NONE', *, *, #613, .F. ) ;
#218 =( GEOMETRIC_REPRESENTATION_CONTEXT ( 3 ) GLOBAL_UNCERTAINTY_ASSIGNED_CONTEXT ( ( #423 ) ) GLOBAL_UNIT_ASSIGNED_CONTEXT ( ( #1114, #577, #445 ) ) REPRESENTATION_CONTEXT ( 'NONE', 'WORKASPACE' ) );
#219 = CARTESIAN_POINT ( 'NONE',  ( -0.6500000000000001332, -0.8373171442171719603, 0.2500000000000000000 ) ) ;
#220 = MECHANICAL_DESIGN_GEOMETRIC_PRESENTATION_REPRESENTATION (  '', ( #1549 ), #972 ) ;
#221 =( NAMED_UNIT ( * ) SI_UNIT ( $, .STERADIAN. ) SOLID_ANGLE_UNIT ( ) );
#222 = ORIENTED_EDGE ( 'NONE', *, *, #993, .T. ) ;
#223 = SURFACE_STYLE_FILL_AREA ( #189 ) ;
#224 = EDGE_CURVE ( 'NONE', #1084, #731, #984, .T. ) ;
#225 = FACE_OUTER_BOUND ( 'NONE', #1526, .T. ) ;
#226 = ORIENTED_EDGE ( 'NONE', *, *, #787, .T. ) ;
#227 = PRESENTATION_STYLE_ASSIGNMENT (( #1546 ) ) ;
#228 = COLOUR_RGB ( '',0.2509803921568627416, 0.2509803921568627416, 0.2509803921568627416 ) ;
#229 = SURFACE_STYLE_USAGE ( .BOTH. , #213 ) ;
#230 = ORIENTED_EDGE ( 'NONE', *, *, #1325, .T. ) ;
#231 = DIRECTION ( 'NONE',  ( -0.000000000000000000, -0.000000000000000000, -1.000000000000000000 ) ) ;
#232 = ORIENTED_EDGE ( 'NONE', *, *, #775, .T. ) ;
#233 = STYLED_ITEM ( 'NONE', ( #885 ), #1414 ) ;
#234 = EDGE_CURVE ( 'NONE', #322, #1372, #1379, .T. ) ;
#235 =( GEOMETRIC_REPRESENTATION_CONTEXT ( 3 ) GLOBAL_UNCERTAINTY_ASSIGNED_CONTEXT ( ( #1415 ) ) GLOBAL_UNIT_ASSIGNED_CONTEXT ( ( #449, #555, #937 ) ) REPRESENTATION_CONTEXT ( 'NONE', 'WORKASPACE' ) );
#236 =( NAMED_UNIT ( * ) PLANE_ANGLE_UNIT ( ) SI_UNIT ( $, .RADIAN. ) );
#237 = DIRECTION ( 'NONE',  ( -0.000000000000000000, -0.000000000000000000, -1.000000000000000000 ) ) ;
#238 = FILL_AREA_STYLE_COLOUR ( '', #697 ) ;
#239 = DIRECTION ( 'NONE',  ( 0.000000000000000000, 0.000000000000000000, 1.000000000000000000 ) ) ;
#240 = ORIENTED_EDGE ( 'NONE', *, *, #1019, .T. ) ;
#241 = MECHANICAL_DESIGN_GEOMETRIC_PRESENTATION_REPRESENTATION (  '', ( #1295 ), #1410 ) ;
#242 = MECHANICAL_DESIGN_GEOMETRIC_PRESENTATION_REPRESENTATION (  '', ( #268 ), #1225 ) ;
#243 =( LENGTH_UNIT ( ) NAMED_UNIT ( * ) SI_UNIT ( .MILLI., .METRE. ) );
#244 = CYLINDRICAL_SURFACE ( 'NONE', #653, 0.5500000000000000444 ) ;
#245 = COLOUR_RGB ( '',1.000000000000000000, 1.000000000000000000, 1.000000000000000000 ) ;
#246 = FILL_AREA_STYLE_COLOUR ( '', #809 ) ;
#247 = SURFACE_SIDE_STYLE ('',( #1388 ) ) ;
#248 = ORIENTED_EDGE ( 'NONE', *, *, #1030, .T. ) ;
#249 = CARTESIAN_POINT ( 'NONE',  ( -0.5100000000000001199, 0.000000000000000000, 0.2500000000000000000 ) ) ;
#250 = PRESENTATION_LAYER_ASSIGNMENT (  '', '', ( #84 ) ) ;
#251 = AXIS2_PLACEMENT_3D ( 'NONE', #1629, #603, #1365 ) ;
#252 = EDGE_CURVE ( 'NONE', #263, #731, #669, .T. ) ;
#253 = PRESENTATION_STYLE_ASSIGNMENT (( #439 ) ) ;
#254 = FACE_OUTER_BOUND ( 'NONE', #906, .T. ) ;
#255 = ORIENTED_EDGE ( 'NONE', *, *, #349, .F. ) ;
#256 = STYLED_ITEM ( 'NONE', ( #853 ), #1538 ) ;
#257 = EDGE_CURVE ( 'NONE', #589, #1268, #965, .T. ) ;
#258 = PRESENTATION_LAYER_ASSIGNMENT (  '', '', ( #416 ) ) ;
#259 = PRODUCT_CONTEXT ( 'NONE', #1496, 'mechanical' ) ;
#260 = ORIENTED_EDGE ( 'NONE', *, *, #762, .F. ) ;
#261 = COLOUR_RGB ( '',0.7921568627450980005, 0.8196078431372548767, 0.9333333333333333481 ) ;
#262 = EDGE_LOOP ( 'NONE', ( #1651, #1428, #645, #172 ) ) ;
#263 = VERTEX_POINT ( 'NONE', #159 ) ;
#264 = UNCERTAINTY_MEASURE_WITH_UNIT (LENGTH_MEASURE( 1.000000000000000082E-05 ), #794, 'distance_accuracy_value', 'NONE');
#265 = CARTESIAN_POINT ( 'NONE',  ( 0.6500000000000001332, -0.8373171442171719603, 0.2500000000000000000 ) ) ;
#266 = ORIENTED_EDGE ( 'NONE', *, *, #389, .T. ) ;
#267 = COLOUR_RGB ( '',1.000000000000000000, 1.000000000000000000, 1.000000000000000000 ) ;
#268 = STYLED_ITEM ( 'NONE', ( #1539 ), #1150 ) ;
#269 = DIRECTION ( 'NONE',  ( -0.000000000000000000, -0.000000000000000000, 1.000000000000000000 ) ) ;
#270 = FACE_OUTER_BOUND ( 'NONE', #1597, .T. ) ;
#271 = EDGE_CURVE ( 'NONE', #1089, #708, #1313, .T. ) ;
#272 = DIRECTION ( 'NONE',  ( -0.000000000000000000, 1.000000000000000000, -0.000000000000000000 ) ) ;
#273 = ORIENTED_EDGE ( 'NONE', *, *, #656, .F. ) ;
#274 = ADVANCED_FACE ( 'NONE', ( #1064 ), #135, .T. ) ;
#275 = EDGE_LOOP ( 'NONE', ( #848, #935, #1222, #248 ) ) ;
#276 = CIRCLE ( 'NONE', #1264, 0.7100000000000000755 ) ;
#277 =( NAMED_UNIT ( * ) PLANE_ANGLE_UNIT ( ) SI_UNIT ( $, .RADIAN. ) );
#278 = CARTESIAN_POINT ( 'NONE',  ( -6.065660735194311926, -5.422960892476885952, 0.2500000000000000000 ) ) ;
#279 = SURFACE_STYLE_FILL_AREA ( #1146 ) ;
#280 = AXIS2_PLACEMENT_3D ( 'NONE', #1591, #55, #1352 ) ;
#281 = SURFACE_SIDE_STYLE ('',( #25 ) ) ;
#282 =( GEOMETRIC_REPRESENTATION_CONTEXT ( 3 ) GLOBAL_UNCERTAINTY_ASSIGNED_CONTEXT ( ( #162 ) ) GLOBAL_UNIT_ASSIGNED_CONTEXT ( ( #1098, #1623, #1612 ) ) REPRESENTATION_CONTEXT ( 'NONE', 'WORKASPACE' ) );
#283 =( NAMED_UNIT ( * ) PLANE_ANGLE_UNIT ( ) SI_UNIT ( $, .RADIAN. ) );
#284 = CARTESIAN_POINT ( 'NONE',  ( -0.1597189946925337278, -4.046844244437030724, 0.2500000000000000000 ) ) ;
#285 = VERTEX_POINT ( 'NONE', #31 ) ;
#286 = DIRECTION ( 'NONE',  ( -1.000000000000000000, 0.000000000000000000, 0.000000000000000000 ) ) ;
#287 = DIRECTION ( 'NONE',  ( 1.000000000000000000, 0.000000000000000000, 0.000000000000000000 ) ) ;
#288 = DIRECTION ( 'NONE',  ( -0.000000000000000000, -0.000000000000000000, -1.000000000000000000 ) ) ;
#289 = EDGE_CURVE ( 'NONE', #674, #1525, #533, .T. ) ;
#290 =( GEOMETRIC_REPRESENTATION_CONTEXT ( 3 ) GLOBAL_UNCERTAINTY_ASSIGNED_CONTEXT ( ( #1131 ) ) GLOBAL_UNIT_ASSIGNED_CONTEXT ( ( #343, #1460, #198 ) ) REPRESENTATION_CONTEXT ( 'NONE', 'WORKASPACE' ) );
#291 = FILL_AREA_STYLE_COLOUR ( '', #261 ) ;
#292 = ADVANCED_FACE ( 'NONE', ( #693 ), #1002, .T. ) ;
#293 = SURFACE_STYLE_FILL_AREA ( #1321 ) ;
#294 = UNCERTAINTY_MEASURE_WITH_UNIT (LENGTH_MEASURE( 1.000000000000000082E-05 ), #400, 'distance_accuracy_value', 'NONE');
#295 = DIRECTION ( 'NONE',  ( -2.035920594393787855E-16, -1.000000000000000000, 0.000000000000000000 ) ) ;
#296 = VERTEX_POINT ( 'NONE', #686 ) ;
#297 = COLOUR_RGB ( '',1.000000000000000000, 1.000000000000000000, 1.000000000000000000 ) ;
#298 =( NAMED_UNIT ( * ) PLANE_ANGLE_UNIT ( ) SI_UNIT ( $, .RADIAN. ) );
#299 = LINE ( 'NONE', #814, #844 ) ;
#300 = SURFACE_STYLE_FILL_AREA ( #1035 ) ;
#301 = CYLINDRICAL_SURFACE ( 'NONE', #63, 0.3500000000000000333 ) ;
#302 = AXIS2_PLACEMENT_3D ( 'NONE', #278, #1343, #1502 ) ;
#303 = DIRECTION ( 'NONE',  ( -0.000000000000000000, -0.000000000000000000, -1.000000000000000000 ) ) ;
#304 = CIRCLE ( 'NONE', #1202, 2.533574012414093524 ) ;
#305 = DIRECTION ( 'NONE',  ( -1.000000000000000000, 0.000000000000000000, 0.000000000000000000 ) ) ;
#306 = AXIS2_PLACEMENT_3D ( 'NONE', #883, #303, #286 ) ;
#307 = ORIENTED_EDGE ( 'NONE', *, *, #385, .T. ) ;
#308 = EDGE_CURVE ( 'NONE', #1004, #153, #36, .T. ) ;
#309 =( NAMED_UNIT ( * ) SI_UNIT ( $, .STERADIAN. ) SOLID_ANGLE_UNIT ( ) );
#310 = DIRECTION ( 'NONE',  ( 1.000000000000000000, 0.000000000000000000, 0.000000000000000000 ) ) ;
#311 =( NAMED_UNIT ( * ) SI_UNIT ( $, .STERADIAN. ) SOLID_ANGLE_UNIT ( ) );
#312 = CARTESIAN_POINT ( 'NONE',  ( 0.4353773584905660798, -0.5608445022586717732, -0.2500000000000000000 ) ) ;
#313 =( NAMED_UNIT ( * ) PLANE_ANGLE_UNIT ( ) SI_UNIT ( $, .RADIAN. ) );
#314 = DIRECTION ( 'NONE',  ( -1.000000000000000000, 0.000000000000000000, 0.000000000000000000 ) ) ;
#315 = STYLED_ITEM ( 'NONE', ( #357 ), #1548 ) ;
#316 = VECTOR ( 'NONE', #1045, 1000.000000000000000 ) ;
#317 = EDGE_CURVE ( 'NONE', #111, #599, #15, .T. ) ;
#318 = AXIS2_PLACEMENT_3D ( 'NONE', #680, #185, #800 ) ;
#319 = CARTESIAN_POINT ( 'NONE',  ( 0.000000000000000000, 0.000000000000000000, 0.000000000000000000 ) ) ;
#320 = ORIENTED_EDGE ( 'NONE', *, *, #495, .T. ) ;
#321 = PLANE ( 'NONE',  #1103 ) ;
#322 = VERTEX_POINT ( 'NONE', #695 ) ;
#323 = SURFACE_STYLE_FILL_AREA ( #1429 ) ;
#324 = DIRECTION ( 'NONE',  ( 0.000000000000000000, 0.000000000000000000, 1.000000000000000000 ) ) ;
#325 = SURFACE_STYLE_USAGE ( .BOTH. , #1048 ) ;
#326 = CYLINDRICAL_SURFACE ( 'NONE', #306, 6.375660735194311535 ) ;
#327 = AXIS2_PLACEMENT_3D ( 'NONE', #1149, #402, #287 ) ;
#328 =( GEOMETRIC_REPRESENTATION_CONTEXT ( 3 ) GLOBAL_UNCERTAINTY_ASSIGNED_CONTEXT ( ( #1110 ) ) GLOBAL_UNIT_ASSIGNED_CONTEXT ( ( #1553, #1403, #309 ) ) REPRESENTATION_CONTEXT ( 'NONE', 'WORKASPACE' ) );
#329 = ORIENTED_EDGE ( 'NONE', *, *, #1258, .T. ) ;
#330 =( LENGTH_UNIT ( ) NAMED_UNIT ( * ) SI_UNIT ( .MILLI., .METRE. ) );
#331 = CARTESIAN_POINT ( 'NONE',  ( 6.065660735194311926, -5.422960892476885952, -0.2500000000000000000 ) ) ;
#332 = DIRECTION ( 'NONE',  ( -1.000000000000000000, 0.000000000000000000, 0.000000000000000000 ) ) ;
#333 = PRESENTATION_STYLE_ASSIGNMENT (( #1323 ) ) ;
#334 = DIRECTION ( 'NONE',  ( 0.000000000000000000, 0.000000000000000000, 1.000000000000000000 ) ) ;
#335 =( NAMED_UNIT ( * ) PLANE_ANGLE_UNIT ( ) SI_UNIT ( $, .RADIAN. ) );
#336 = PRESENTATION_STYLE_ASSIGNMENT (( #325 ) ) ;
#337 = STYLED_ITEM ( 'NONE', ( #1243 ), #1155 ) ;
#338 = DIRECTION ( 'NONE',  ( -1.000000000000000000, 0.000000000000000000, 0.000000000000000000 ) ) ;
#339 = AXIS2_PLACEMENT_3D ( 'NONE', #717, #1254, #734 ) ;
#340 = EDGE_CURVE ( 'NONE', #599, #1004, #1396, .T. ) ;
#341 = ORIENTED_EDGE ( 'NONE', *, *, #822, .T. ) ;
#342 =( NAMED_UNIT ( * ) SI_UNIT ( $, .STERADIAN. ) SOLID_ANGLE_UNIT ( ) );
#343 =( LENGTH_UNIT ( ) NAMED_UNIT ( * ) SI_UNIT ( .MILLI., .METRE. ) );
#344 = VECTOR ( 'NONE', #139, 1000.000000000000000 ) ;
#345 = SURFACE_STYLE_FILL_AREA ( #892 ) ;
#346 = COLOUR_RGB ( '',0.7921568627450980005, 0.8196078431372548767, 0.9333333333333333481 ) ;
#347 = ORIENTED_EDGE ( 'NONE', *, *, #1085, .T. ) ;
#348 = VERTEX_POINT ( 'NONE', #1458 ) ;
#349 = EDGE_CURVE ( 'NONE', #1646, #461, #1265, .T. ) ;
#350 = MECHANICAL_DESIGN_GEOMETRIC_PRESENTATION_REPRESENTATION (  '', ( #585 ), #448 ) ;
#351 = DIRECTION ( 'NONE',  ( -0.2094145612094817643, 0.9778269486741711924, 0.000000000000000000 ) ) ;
#352 =( NAMED_UNIT ( * ) SI_UNIT ( $, .STERADIAN. ) SOLID_ANGLE_UNIT ( ) );
#353 = CYLINDRICAL_SURFACE ( 'NONE', #667, 6.575660735194312601 ) ;
#354 = CARTESIAN_POINT ( 'NONE',  ( 0.000000000000000000, -3.899999999999999911, 0.000000000000000000 ) ) ;
#355 = FILL_AREA_STYLE_COLOUR ( '', #581 ) ;
#356 = SURFACE_SIDE_STYLE ('',( #1340 ) ) ;
#357 = PRESENTATION_STYLE_ASSIGNMENT (( #1189 ) ) ;
#358 = ORIENTED_EDGE ( 'NONE', *, *, #447, .F. ) ;
#359 =( GEOMETRIC_REPRESENTATION_CONTEXT ( 3 ) GLOBAL_UNCERTAINTY_ASSIGNED_CONTEXT ( ( #126 ) ) GLOBAL_UNIT_ASSIGNED_CONTEXT ( ( #1555, #928, #1448 ) ) REPRESENTATION_CONTEXT ( 'NONE', 'WORKASPACE' ) );
#360 = DIRECTION ( 'NONE',  ( -0.000000000000000000, -0.000000000000000000, -1.000000000000000000 ) ) ;
#361 = ORIENTED_EDGE ( 'NONE', *, *, #1550, .T. ) ;
#362 = EDGE_CURVE ( 'NONE', #538, #831, #1624, .T. ) ;
#363 = ORIENTED_EDGE ( 'NONE', *, *, #317, .F. ) ;
#364 = SURFACE_SIDE_STYLE ('',( #766 ) ) ;
#365 = SURFACE_SIDE_STYLE ('',( #1466 ) ) ;
#366 = ORIENTED_EDGE ( 'NONE', *, *, #692, .F. ) ;
#367 = PRESENTATION_LAYER_ASSIGNMENT (  '', '', ( #1549 ) ) ;
#368 =( NAMED_UNIT ( * ) PLANE_ANGLE_UNIT ( ) SI_UNIT ( $, .RADIAN. ) );
#369 = UNCERTAINTY_MEASURE_WITH_UNIT (LENGTH_MEASURE( 1.000000000000000082E-05 ), #17, 'distance_accuracy_value', 'NONE');
#370 = FILL_AREA_STYLE ('',( #372 ) ) ;
#371 = CARTESIAN_POINT ( 'NONE',  ( -0.1000000000000000472, -0.8373171442171719603, 0.2500000000000000000 ) ) ;
#372 = FILL_AREA_STYLE_COLOUR ( '', #464 ) ;
#373 = ORIENTED_EDGE ( 'NONE', *, *, #224, .T. ) ;
#374 = STYLED_ITEM ( 'NONE', ( #1556 ), #403 ) ;
#375 = CARTESIAN_POINT ( 'NONE',  ( 0.2999999999999999334, -3.499999999999999556, 0.2500000000000000000 ) ) ;
#376 = PRESENTATION_STYLE_ASSIGNMENT (( #101 ) ) ;
#377 = FACE_OUTER_BOUND ( 'NONE', #711, .T. ) ;
#378 = SURFACE_STYLE_FILL_AREA ( #1028 ) ;
#379 = COLOUR_RGB ( '',1.000000000000000000, 1.000000000000000000, 1.000000000000000000 ) ;
#380 = PRESENTATION_STYLE_ASSIGNMENT (( #1116 ) ) ;
#381 = FILL_AREA_STYLE_COLOUR ( '', #931 ) ;
#382 = STYLED_ITEM ( 'NONE', ( #462 ), #1160 ) ;
#383 = UNCERTAINTY_MEASURE_WITH_UNIT (LENGTH_MEASURE( 1.000000000000000082E-05 ), #1015, 'distance_accuracy_value', 'NONE');
#384 = MECHANICAL_DESIGN_GEOMETRIC_PRESENTATION_REPRESENTATION (  '', ( #1144 ), #938 ) ;
#385 = EDGE_CURVE ( 'NONE', #296, #1111, #1232, .T. ) ;
#386 = ORIENTED_EDGE ( 'NONE', *, *, #1382, .T. ) ;
#387 = AXIS2_PLACEMENT_3D ( 'NONE', #1152, #1197, #691 ) ;
#388 = CARTESIAN_POINT ( 'NONE',  ( 0.000000000000000000, 0.000000000000000000, -0.2500000000000000000 ) ) ;
#389 = EDGE_CURVE ( 'NONE', #1372, #296, #1579, .T. ) ;
#390 = STYLED_ITEM ( 'NONE', ( #333 ), #398 ) ;
#391 = FACE_OUTER_BOUND ( 'NONE', #876, .T. ) ;
#392 = ADVANCED_FACE ( 'NONE', ( #270 ), #353, .T. ) ;
#393 = CARTESIAN_POINT ( 'NONE',  ( 0.1686321472824680034, -6.758117087758103381, 0.2500000000000000000 ) ) ;
#394 = DIRECTION ( 'NONE',  ( -1.000000000000000000, 0.000000000000000000, 0.000000000000000000 ) ) ;
#395 = EDGE_LOOP ( 'NONE', ( #441, #1139 ) ) ;
#396 = ORIENTED_EDGE ( 'NONE', *, *, #1286, .F. ) ;
#397 = CARTESIAN_POINT ( 'NONE',  ( 0.1000000000000000472, -0.8373171442171719603, 0.2500000000000000000 ) ) ;
#398 = ADVANCED_FACE ( 'NONE', ( #490 ), #749, .F. ) ;
#399 = AXIS2_PLACEMENT_3D ( 'NONE', #637, #1533, #1328 ) ;
#400 =( LENGTH_UNIT ( ) NAMED_UNIT ( * ) SI_UNIT ( .MILLI., .METRE. ) );
#401 = ADVANCED_FACE ( 'NONE', ( #629 ), #1515, .T. ) ;
#402 = DIRECTION ( 'NONE',  ( -0.000000000000000000, -0.000000000000000000, -1.000000000000000000 ) ) ;
#403 = ADVANCED_FACE ( 'NONE', ( #254 ), #1339, .F. ) ;
#404 = MECHANICAL_DESIGN_GEOMETRIC_PRESENTATION_REPRESENTATION (  '', ( #1345 ), #821 ) ;
#405 = CARTESIAN_POINT ( 'NONE',  ( -0.2999999999999999889, -0.8373171442171719603, 0.2500000000000000000 ) ) ;
#406 =( NAMED_UNIT ( * ) PLANE_ANGLE_UNIT ( ) SI_UNIT ( $, .RADIAN. ) );
#407 = LINE ( 'NONE', #982, #199 ) ;
#408 = AXIS2_PLACEMENT_3D ( 'NONE', #593, #1489, #835 ) ;
#409 = EDGE_CURVE ( 'NONE', #498, #997, #952, .T. ) ;
#410 = FILL_AREA_STYLE ('',( #516 ) ) ;
#411 = CARTESIAN_POINT ( 'NONE',  ( 0.6500000000000001332, -0.8373171442171719603, 0.2500000000000000000 ) ) ;
#412 = ORIENTED_EDGE ( 'NONE', *, *, #1641, .T. ) ;
#413 = DIRECTION ( 'NONE',  ( -0.000000000000000000, -0.000000000000000000, -1.000000000000000000 ) ) ;
#414 = VERTEX_POINT ( 'NONE', #974 ) ;
#415 = EDGE_CURVE ( 'NONE', #1216, #1124, #1563, .T. ) ;
#416 = STYLED_ITEM ( 'NONE', ( #336 ), #274 ) ;
#417 = DIRECTION ( 'NONE',  ( 0.000000000000000000, -1.000000000000000000, 0.000000000000000000 ) ) ;
#418 = DIRECTION ( 'NONE',  ( 1.000000000000000000, 0.000000000000000000, 0.000000000000000000 ) ) ;
#419 =( NAMED_UNIT ( * ) SI_UNIT ( $, .STERADIAN. ) SOLID_ANGLE_UNIT ( ) );
#420 = ORIENTED_EDGE ( 'NONE', *, *, #1314, .F. ) ;
#421 = ORIENTED_EDGE ( 'NONE', *, *, #716, .T. ) ;
#422 = SURFACE_STYLE_USAGE ( .BOTH. , #673 ) ;
#423 = UNCERTAINTY_MEASURE_WITH_UNIT (LENGTH_MEASURE( 1.000000000000000082E-05 ), #1114, 'distance_accuracy_value', 'NONE');
#424 = STYLED_ITEM ( 'NONE', ( #107 ), #1168 ) ;
#425 = EDGE_LOOP ( 'NONE', ( #610, #1643 ) ) ;
#426 = DIRECTION ( 'NONE',  ( -0.000000000000000000, -0.000000000000000000, -1.000000000000000000 ) ) ;
#427 = FACE_OUTER_BOUND ( 'NONE', #446, .T. ) ;
#428 = COLOUR_RGB ( '',1.000000000000000000, 1.000000000000000000, 1.000000000000000000 ) ;
#429 = VERTEX_POINT ( 'NONE', #1609 ) ;
#430 = EDGE_CURVE ( 'NONE', #1084, #183, #1173, .T. ) ;
#431 =( LENGTH_UNIT ( ) NAMED_UNIT ( * ) SI_UNIT ( .MILLI., .METRE. ) );
#432 = FILL_AREA_STYLE ('',( #915 ) ) ;
#433 = SURFACE_SIDE_STYLE ('',( #868 ) ) ;
#434 = CARTESIAN_POINT ( 'NONE',  ( -0.4353773584905667460, -0.5608445022586713291, -0.2500000000000000000 ) ) ;
#435 = DIRECTION ( 'NONE',  ( -1.000000000000000000, 0.000000000000000000, 0.000000000000000000 ) ) ;
#436 = PRESENTATION_LAYER_ASSIGNMENT (  '', '', ( #1282 ) ) ;
#437 = CIRCLE ( 'NONE', #871, 6.575660735194312601 ) ;
#438 = FILL_AREA_STYLE_COLOUR ( '', #556 ) ;
#439 = SURFACE_STYLE_USAGE ( .BOTH. , #197 ) ;
#440 = VERTEX_POINT ( 'NONE', #957 ) ;
#441 = ORIENTED_EDGE ( 'NONE', *, *, #495, .F. ) ;
#442 = DIRECTION ( 'NONE',  ( -0.000000000000000000, -0.000000000000000000, -1.000000000000000000 ) ) ;
#443 = FACE_OUTER_BOUND ( 'NONE', #1536, .T. ) ;
#444 = LINE ( 'NONE', #1067, #521 ) ;
#445 =( NAMED_UNIT ( * ) SI_UNIT ( $, .STERADIAN. ) SOLID_ANGLE_UNIT ( ) );
#446 = EDGE_LOOP ( 'NONE', ( #130, #1630, #93, #1402 ) ) ;
#447 = EDGE_CURVE ( 'NONE', #1642, #623, #858, .T. ) ;
#448 =( GEOMETRIC_REPRESENTATION_CONTEXT ( 3 ) GLOBAL_UNCERTAINTY_ASSIGNED_CONTEXT ( ( #455 ) ) GLOBAL_UNIT_ASSIGNED_CONTEXT ( ( #1194, #298, #1564 ) ) REPRESENTATION_CONTEXT ( 'NONE', 'WORKASPACE' ) );
#449 =( LENGTH_UNIT ( ) NAMED_UNIT ( * ) SI_UNIT ( .MILLI., .METRE. ) );
#450 = CARTESIAN_POINT ( 'NONE',  ( -1.858306771469358631, -7.119983234411829898, -0.2500000000000000000 ) ) ;
#451 = ORIENTED_EDGE ( 'NONE', *, *, #1212, .T. ) ;
#452 = DIRECTION ( 'NONE',  ( 0.000000000000000000, 0.000000000000000000, 1.000000000000000000 ) ) ;
#453 = CARTESIAN_POINT ( 'NONE',  ( 6.065660735194311926, -5.422960892476885952, 0.2500000000000000000 ) ) ;
#454 = SURFACE_STYLE_FILL_AREA ( #683 ) ;
#455 = UNCERTAINTY_MEASURE_WITH_UNIT (LENGTH_MEASURE( 1.000000000000000082E-05 ), #1194, 'distance_accuracy_value', 'NONE');
#456 = STYLED_ITEM ( 'NONE', ( #6 ), #1140 ) ;
#457 = CARTESIAN_POINT ( 'NONE',  ( 6.065660735194311926, -5.422960892476885952, 0.2500000000000000000 ) ) ;
#458 = PRESENTATION_LAYER_ASSIGNMENT (  '', '', ( #990 ) ) ;
#459 = STYLED_ITEM ( 'NONE', ( #175 ), #14 ) ;
#460 = ORIENTED_EDGE ( 'NONE', *, *, #609, .F. ) ;
#461 = VERTEX_POINT ( 'NONE', #76 ) ;
#462 = PRESENTATION_STYLE_ASSIGNMENT (( #694 ) ) ;
#463 = CARTESIAN_POINT ( 'NONE',  ( 0.5100000000000001199, 6.245698675651502318E-17, 0.2500000000000000000 ) ) ;
#464 = COLOUR_RGB ( '',1.000000000000000000, 1.000000000000000000, 1.000000000000000000 ) ;
#465 =( NAMED_UNIT ( * ) PLANE_ANGLE_UNIT ( ) SI_UNIT ( $, .RADIAN. ) );
#466 = LINE ( 'NONE', #855, #46 ) ;
#467 =( NAMED_UNIT ( * ) SI_UNIT ( $, .STERADIAN. ) SOLID_ANGLE_UNIT ( ) );
#468 = AXIS2_PLACEMENT_3D ( 'NONE', #319, #206, #324 ) ;
#469 = ORIENTED_EDGE ( 'NONE', *, *, #1382, .F. ) ;
#470 = EDGE_CURVE ( 'NONE', #1653, #1089, #276, .T. ) ;
#471 = AXIS2_PLACEMENT_3D ( 'NONE', #174, #1451, #1311 ) ;
#472 = SURFACE_STYLE_USAGE ( .BOTH. , #365 ) ;
#473 =( NAMED_UNIT ( * ) PLANE_ANGLE_UNIT ( ) SI_UNIT ( $, .RADIAN. ) );
#474 = FILL_AREA_STYLE_COLOUR ( '', #861 ) ;
#475 = UNCERTAINTY_MEASURE_WITH_UNIT (LENGTH_MEASURE( 1.000000000000000082E-05 ), #757, 'distance_accuracy_value', 'NONE');
#476 = SURFACE_STYLE_USAGE ( .BOTH. , #727 ) ;
#477 = STYLED_ITEM ( 'NONE', ( #113 ), #401 ) ;
#478 =( NAMED_UNIT ( * ) PLANE_ANGLE_UNIT ( ) SI_UNIT ( $, .RADIAN. ) );
#479 =( NAMED_UNIT ( * ) PLANE_ANGLE_UNIT ( ) SI_UNIT ( $, .RADIAN. ) );
#480 = ORIENTED_EDGE ( 'NONE', *, *, #74, .T. ) ;
#481 = DIRECTION ( 'NONE',  ( -1.000000000000000000, 0.000000000000000000, 0.000000000000000000 ) ) ;
#482 = CYLINDRICAL_SURFACE ( 'NONE', #1535, 6.575660735194312601 ) ;
#483 = SURFACE_STYLE_FILL_AREA ( #194 ) ;
#484 = CIRCLE ( 'NONE', #1, 0.7499999999999995559 ) ;
#485 = ORIENTED_EDGE ( 'NONE', *, *, #124, .F. ) ;
#486 = MECHANICAL_DESIGN_GEOMETRIC_PRESENTATION_REPRESENTATION (  '', ( #1256 ), #114 ) ;
#487 = STYLED_ITEM ( 'NONE', ( #376 ), #1006 ) ;
#488 = CARTESIAN_POINT ( 'NONE',  ( 0.5100000000000001199, 6.245698675651502318E-17, 0.2500000000000000000 ) ) ;
#489 =( GEOMETRIC_REPRESENTATION_CONTEXT ( 3 ) GLOBAL_UNCERTAINTY_ASSIGNED_CONTEXT ( ( #932 ) ) GLOBAL_UNIT_ASSIGNED_CONTEXT ( ( #20, #277, #517 ) ) REPRESENTATION_CONTEXT ( 'NONE', 'WORKASPACE' ) );
#490 = FACE_OUTER_BOUND ( 'NONE', #1637, .T. ) ;
#491 = CARTESIAN_POINT ( 'NONE',  ( 0.3641975370173040072, -6.800000000000000711, 0.2500000000000000000 ) ) ;
#492 = DIRECTION ( 'NONE',  ( 1.000000000000000000, 0.000000000000000000, 0.000000000000000000 ) ) ;
#493 = AXIS2_PLACEMENT_3D ( 'NONE', #767, #890, #1570 ) ;
#494 = ORIENTED_EDGE ( 'NONE', *, *, #1019, .F. ) ;
#495 = EDGE_CURVE ( 'NONE', #538, #1652, #675, .T. ) ;
#496 = PRESENTATION_LAYER_ASSIGNMENT (  '', '', ( #1443 ) ) ;
#497 = DIRECTION ( 'NONE',  ( -0.000000000000000000, -0.000000000000000000, -1.000000000000000000 ) ) ;
#498 = VERTEX_POINT ( 'NONE', #463 ) ;
#499 = CIRCLE ( 'NONE', #646, 6.375660735194311535 ) ;
#500 = PRESENTATION_STYLE_ASSIGNMENT (( #654 ) ) ;
#501 = DIRECTION ( 'NONE',  ( 1.000000000000000000, 0.000000000000000000, 0.000000000000000000 ) ) ;
#502 = VERTEX_POINT ( 'NONE', #714 ) ;
#503 = EDGE_LOOP ( 'NONE', ( #899, #341, #412, #619 ) ) ;
#504 = CARTESIAN_POINT ( 'NONE',  ( -0.5100000000000001199, 0.000000000000000000, -0.2500000000000000000 ) ) ;
#505 = MECHANICAL_DESIGN_GEOMETRIC_PRESENTATION_REPRESENTATION (  '', ( #624 ), #1398 ) ;
#506 = ADVANCED_FACE ( 'NONE', ( #1503, #562 ), #591, .T. ) ;
#507 = SURFACE_SIDE_STYLE ('',( #1470 ) ) ;
#508 = CARTESIAN_POINT ( 'NONE',  ( 0.000000000000000000, -0.5999999999999998668, 0.000000000000000000 ) ) ;
#509 = EDGE_CURVE ( 'NONE', #440, #1572, #659, .T. ) ;
#510 = DIRECTION ( 'NONE',  ( 0.000000000000000000, 0.000000000000000000, 1.000000000000000000 ) ) ;
#511 = CARTESIAN_POINT ( 'NONE',  ( 0.3127358490566037874, -0.4028601354252432376, 0.2500000000000000000 ) ) ;
#512 = ADVANCED_FACE ( 'NONE', ( #930 ), #326, .F. ) ;
#513 = ORIENTED_EDGE ( 'NONE', *, *, #224, .F. ) ;
#514 = CARTESIAN_POINT ( 'NONE',  ( -0.7100000000000000755, 0.000000000000000000, -0.2500000000000000000 ) ) ;
#515 = AXIS2_PLACEMENT_3D ( 'NONE', #1318, #53, #587 ) ;
#516 = FILL_AREA_STYLE_COLOUR ( '', #203 ) ;
#517 =( NAMED_UNIT ( * ) SI_UNIT ( $, .STERADIAN. ) SOLID_ANGLE_UNIT ( ) );
#518 = CYLINDRICAL_SURFACE ( 'NONE', #1599, 0.7100000000000000755 ) ;
#519 = CYLINDRICAL_SURFACE ( 'NONE', #515, 0.3500000000000001443 ) ;
#520 = DIRECTION ( 'NONE',  ( -0.000000000000000000, 1.000000000000000000, -0.000000000000000000 ) ) ;
#521 = VECTOR ( 'NONE', #417, 1000.000000000000000 ) ;
#522 = CIRCLE ( 'NONE', #712, 0.7100000000000000755 ) ;
#523 = UNCERTAINTY_MEASURE_WITH_UNIT (LENGTH_MEASURE( 1.000000000000000082E-05 ), #1246, 'distance_accuracy_value', 'NONE');
#524 = COLOUR_RGB ( '',1.000000000000000000, 1.000000000000000000, 1.000000000000000000 ) ;
#525 = CARTESIAN_POINT ( 'NONE',  ( 6.065660735194311926, -5.422960892476885952, 0.2500000000000000000 ) ) ;
#526 = ORIENTED_EDGE ( 'NONE', *, *, #68, .T. ) ;
#527 = CARTESIAN_POINT ( 'NONE',  ( 0.3550047850898211954, -4.003676431556288939, 0.2500000000000000000 ) ) ;
#528 = EDGE_CURVE ( 'NONE', #1653, #698, #178, .T. ) ;
#529 = MECHANICAL_DESIGN_GEOMETRIC_PRESENTATION_REPRESENTATION (  '', ( #374 ), #753 ) ;
#530 = CARTESIAN_POINT ( 'NONE',  ( -0.3000000000000000444, -3.500000000000000000, 0.2500000000000000000 ) ) ;
#531 = DIRECTION ( 'NONE',  ( -0.000000000000000000, -0.000000000000000000, -1.000000000000000000 ) ) ;
#532 = DIRECTION ( 'NONE',  ( -1.000000000000000000, 0.000000000000000000, 0.000000000000000000 ) ) ;
#533 = LINE ( 'NONE', #1573, #316 ) ;
#534 = COLOUR_RGB ( '',1.000000000000000000, 1.000000000000000000, 1.000000000000000000 ) ;
#535 = CARTESIAN_POINT ( 'NONE',  ( 0.3641975370173036741, -6.799999999999999822, 0.2500000000000000000 ) ) ;
#536 = ORIENTED_EDGE ( 'NONE', *, *, #317, .T. ) ;
#537 = CARTESIAN_POINT ( 'NONE',  ( -2.633574012414093612, -3.500000000000000000, 0.2500000000000000000 ) ) ;
#538 = VERTEX_POINT ( 'NONE', #658 ) ;
#539 = MECHANICAL_DESIGN_GEOMETRIC_PRESENTATION_REPRESENTATION (  '', ( #424 ), #811 ) ;
#540 = LINE ( 'NONE', #491, #880 ) ;
#541 = PRESENTATION_LAYER_ASSIGNMENT (  '', '', ( #459 ) ) ;
#542 = PRESENTATION_STYLE_ASSIGNMENT (( #648 ) ) ;
#543 = ORIENTED_EDGE ( 'NONE', *, *, #1469, .F. ) ;
#544 = COLOUR_RGB ( '',1.000000000000000000, 1.000000000000000000, 1.000000000000000000 ) ;
#545 = DIRECTION ( 'NONE',  ( -1.000000000000000000, 0.000000000000000000, 0.000000000000000000 ) ) ;
#546 = MANIFOLD_SOLID_BREP ( 'Revolve1', #652 ) ;
#547 = VERTEX_POINT ( 'NONE', #1540 ) ;
#548 = EDGE_LOOP ( 'NONE', ( #1616, #1449 ) ) ;
#549 = FILL_AREA_STYLE_COLOUR ( '', #214 ) ;
#550 = MECHANICAL_DESIGN_GEOMETRIC_PRESENTATION_REPRESENTATION (  '', ( #256 ), #1494 ) ;
#551 = EDGE_CURVE ( 'NONE', #1572, #111, #1368, .T. ) ;
#552 = AXIS2_PLACEMENT_3D ( 'NONE', #647, #877, #1444 ) ;
#553 = SURFACE_SIDE_STYLE ('',( #827 ) ) ;
#554 = SURFACE_STYLE_USAGE ( .BOTH. , #48 ) ;
#555 =( NAMED_UNIT ( * ) PLANE_ANGLE_UNIT ( ) SI_UNIT ( $, .RADIAN. ) );
#556 = COLOUR_RGB ( '',0.2509803921568627416, 0.2509803921568627416, 0.2509803921568627416 ) ;
#557 = CARTESIAN_POINT ( 'NONE',  ( -2.633574012414093612, -3.500000000000000000, 0.2500000000000000000 ) ) ;
#558 = ORIENTED_EDGE ( 'NONE', *, *, #775, .F. ) ;
#559 = CARTESIAN_POINT ( 'NONE',  ( -0.3000000000000000444, -0.8373171442171719603, -0.2500000000000000000 ) ) ;
#560 = PLANE ( 'NONE',  #1191 ) ;
#561 = AXIS2_PLACEMENT_3D ( 'NONE', #1435, #37, #1583 ) ;
#562 = FACE_BOUND ( 'NONE', #1172, .T. ) ;
#563 = FILL_AREA_STYLE ('',( #59 ) ) ;
#564 = LINE ( 'NONE', #1499, #722 ) ;
#565 = LINE ( 'NONE', #592, #1504 ) ;
#566 = DIRECTION ( 'NONE',  ( 1.000000000000000000, 0.000000000000000000, 0.000000000000000000 ) ) ;
#567 = SURFACE_STYLE_FILL_AREA ( #779 ) ;
#568 = ORIENTED_EDGE ( 'NONE', *, *, #1350, .F. ) ;
#569 =( LENGTH_UNIT ( ) NAMED_UNIT ( * ) SI_UNIT ( .MILLI., .METRE. ) );
#570 = CARTESIAN_POINT ( 'NONE',  ( 0.000000000000000000, 0.000000000000000000, 0.2500000000000000000 ) ) ;
#571 = CARTESIAN_POINT ( 'NONE',  ( -0.1000000000000000472, -0.8373171442171719603, 0.2500000000000000000 ) ) ;
#572 = AXIS2_PLACEMENT_3D ( 'NONE', #651, #1013, #1551 ) ;
#573 = FILL_AREA_STYLE ('',( #1066 ) ) ;
#574 = PRESENTATION_LAYER_ASSIGNMENT (  '', '', ( #487 ) ) ;
#575 = DIRECTION ( 'NONE',  ( 1.000000000000000000, 0.000000000000000000, -0.000000000000000000 ) ) ;
#576 = AXIS2_PLACEMENT_3D ( 'NONE', #508, #1287, #1020 ) ;
#577 =( NAMED_UNIT ( * ) PLANE_ANGLE_UNIT ( ) SI_UNIT ( $, .RADIAN. ) );
#578 = ORIENTED_EDGE ( 'NONE', *, *, #164, .F. ) ;
#579 =( NAMED_UNIT ( * ) SI_UNIT ( $, .STERADIAN. ) SOLID_ANGLE_UNIT ( ) );
#580 = ORIENTED_EDGE ( 'NONE', *, *, #940, .T. ) ;
#581 = COLOUR_RGB ( '',1.000000000000000000, 1.000000000000000000, 1.000000000000000000 ) ;
#582 =( GEOMETRIC_REPRESENTATION_CONTEXT ( 3 ) GLOBAL_UNCERTAINTY_ASSIGNED_CONTEXT ( ( #808 ) ) GLOBAL_UNIT_ASSIGNED_CONTEXT ( ( #69, #187, #1059 ) ) REPRESENTATION_CONTEXT ( 'NONE', 'WORKASPACE' ) );
#583 = ORIENTED_EDGE ( 'NONE', *, *, #613, .T. ) ;
#584 = EDGE_CURVE ( 'NONE', #627, #547, #1484, .T. ) ;
#585 = STYLED_ITEM ( 'NONE', ( #1075 ), #163 ) ;
#586 = VECTOR ( 'NONE', #1307, 1000.000000000000000 ) ;
#587 = DIRECTION ( 'NONE',  ( -1.000000000000000000, 0.000000000000000000, 0.000000000000000000 ) ) ;
#588 = VERTEX_POINT ( 'NONE', #895 ) ;
#589 = VERTEX_POINT ( 'NONE', #1024 ) ;
#590 = EDGE_LOOP ( 'NONE', ( #886, #1614, #347, #1068 ) ) ;
#591 = PLANE ( 'NONE',  #1393 ) ;
#592 = CARTESIAN_POINT ( 'NONE',  ( 0.1000000000000000472, -3.500000000000000000, 0.2500000000000000000 ) ) ;
#593 = CARTESIAN_POINT ( 'NONE',  ( 2.633574012414093612, -3.500000000000000000, -0.2500000000000000000 ) ) ;
#594 = SURFACE_STYLE_FILL_AREA ( #797 ) ;
#595 = AXIS2_PLACEMENT_3D ( 'NONE', #1038, #914, #305 ) ;
#596 = UNCERTAINTY_MEASURE_WITH_UNIT (LENGTH_MEASURE( 1.000000000000000082E-05 ), #1203, 'distance_accuracy_value', 'NONE');
#597 = PLANE ( 'NONE',  #339 ) ;
#598 = EDGE_CURVE ( 'NONE', #1111, #1216, #1649, .T. ) ;
#599 = VERTEX_POINT ( 'NONE', #1560 ) ;
#600 = CARTESIAN_POINT ( 'NONE',  ( 0.1000000000000000472, -3.500000000000000000, -0.2500000000000000000 ) ) ;
#601 = ORIENTED_EDGE ( 'NONE', *, *, #1258, .F. ) ;
#602 = LINE ( 'NONE', #1531, #639 ) ;
#603 = DIRECTION ( 'NONE',  ( -0.000000000000000000, 0.000000000000000000, -1.000000000000000000 ) ) ;
#604 = CIRCLE ( 'NONE', #576, 0.4999999999999995559 ) ;
#605 = FILL_AREA_STYLE ('',( #246 ) ) ;
#606 = CARTESIAN_POINT ( 'NONE',  ( -0.2999999999999999889, -0.8373171442171719603, 0.2500000000000000000 ) ) ;
#607 = AXIS2_PLACEMENT_3D ( 'NONE', #525, #1164, #1159 ) ;
#608 = AXIS2_PLACEMENT_3D ( 'NONE', #843, #964, #1369 ) ;
#609 = EDGE_CURVE ( 'NONE', #731, #414, #45, .T. ) ;
#610 = ORIENTED_EDGE ( 'NONE', *, *, #1409, .T. ) ;
#611 =( NAMED_UNIT ( * ) SI_UNIT ( $, .STERADIAN. ) SOLID_ANGLE_UNIT ( ) );
#612 = CARTESIAN_POINT ( 'NONE',  ( 0.3127358490566037874, -0.4028601354252432376, -0.2500000000000000000 ) ) ;
#613 = EDGE_CURVE ( 'NONE', #708, #440, #1137, .T. ) ;
#614 = CARTESIAN_POINT ( 'NONE',  ( 0.1686321472824693635, -6.758117087758103381, -0.2500000000000000000 ) ) ;
#615 = ORIENTED_EDGE ( 'NONE', *, *, #840, .F. ) ;
#616 = EDGE_LOOP ( 'NONE', ( #217, #867, #636, #826 ) ) ;
#617 = COLOUR_RGB ( '',1.000000000000000000, 1.000000000000000000, 1.000000000000000000 ) ;
#618 = DIRECTION ( 'NONE',  ( -0.000000000000000000, -0.000000000000000000, -1.000000000000000000 ) ) ;
#619 = ORIENTED_EDGE ( 'NONE', *, *, #289, .F. ) ;
#620 = FACE_OUTER_BOUND ( 'NONE', #1487, .T. ) ;
#621 = VERTEX_POINT ( 'NONE', #684 ) ;
#622 = UNCERTAINTY_MEASURE_WITH_UNIT (LENGTH_MEASURE( 1.000000000000000082E-05 ), #77, 'distance_accuracy_value', 'NONE');
#623 = VERTEX_POINT ( 'NONE', #166 ) ;
#624 = STYLED_ITEM ( 'NONE', ( #846 ), #1269 ) ;
#625 = MECHANICAL_DESIGN_GEOMETRIC_PRESENTATION_REPRESENTATION (  '', ( #487 ), #1513 ) ;
#626 = CARTESIAN_POINT ( 'NONE',  ( 0.5100000000000001199, 6.245698675651502318E-17, -0.2500000000000000000 ) ) ;
#627 = VERTEX_POINT ( 'NONE', #1596 ) ;
#628 = AXIS2_PLACEMENT_3D ( 'NONE', #1413, #4, #394 ) ;
#629 = FACE_OUTER_BOUND ( 'NONE', #756, .T. ) ;
#630 = COLOUR_RGB ( '',1.000000000000000000, 1.000000000000000000, 1.000000000000000000 ) ;
#631 = CARTESIAN_POINT ( 'NONE',  ( 6.065660735194311926, -5.422960892476885952, 0.2500000000000000000 ) ) ;
#632 = PRESENTATION_LAYER_ASSIGNMENT (  '', '', ( #315 ) ) ;
#633 = CIRCLE ( 'NONE', #1355, 6.575660735194312601 ) ;
#634 = ORIENTED_EDGE ( 'NONE', *, *, #716, .F. ) ;
#635 =( GEOMETRIC_REPRESENTATION_CONTEXT ( 3 ) GLOBAL_UNCERTAINTY_ASSIGNED_CONTEXT ( ( #664 ) ) GLOBAL_UNIT_ASSIGNED_CONTEXT ( ( #1576, #806, #1580 ) ) REPRESENTATION_CONTEXT ( 'NONE', 'WORKASPACE' ) );
#636 = ORIENTED_EDGE ( 'NONE', *, *, #1286, .T. ) ;
#637 = CARTESIAN_POINT ( 'NONE',  ( 0.000000000000000000, -0.5999999999999998668, 0.000000000000000000 ) ) ;
#638 = DIRECTION ( 'NONE',  ( 0.000000000000000000, 0.000000000000000000, 1.000000000000000000 ) ) ;
#639 = VECTOR ( 'NONE', #272, 1000.000000000000000 ) ;
#640 = ADVANCED_FACE ( 'NONE', ( #620 ), #956, .T. ) ;
#641 = COLOUR_RGB ( '',1.000000000000000000, 1.000000000000000000, 1.000000000000000000 ) ;
#642 = DIRECTION ( 'NONE',  ( -0.000000000000000000, -0.000000000000000000, -1.000000000000000000 ) ) ;
#643 = FACE_OUTER_BOUND ( 'NONE', #503, .T. ) ;
#644 = UNCERTAINTY_MEASURE_WITH_UNIT (LENGTH_MEASURE( 1.000000000000000082E-05 ), #243, 'distance_accuracy_value', 'NONE');
#645 = ORIENTED_EDGE ( 'NONE', *, *, #362, .T. ) ;
#646 = AXIS2_PLACEMENT_3D ( 'NONE', #649, #531, #1544 ) ;
#647 = CARTESIAN_POINT ( 'NONE',  ( -0.6500000000000001332, -0.8373171442171719603, 0.2500000000000000000 ) ) ;
#648 = SURFACE_STYLE_USAGE ( .BOTH. , #507 ) ;
#649 = CARTESIAN_POINT ( 'NONE',  ( 6.065660735194311926, -5.422960892476885952, 0.2500000000000000000 ) ) ;
#650 =( NAMED_UNIT ( * ) SI_UNIT ( $, .STERADIAN. ) SOLID_ANGLE_UNIT ( ) );
#651 = CARTESIAN_POINT ( 'NONE',  ( -0.6500000000000001332, -0.8373171442171719603, -0.2500000000000000000 ) ) ;
#652 = CLOSED_SHELL ( 'NONE', ( #1299, #1530, #891, #1006, #506, #1538 ) ) ;
#653 = AXIS2_PLACEMENT_3D ( 'NONE', #155, #1276, #532 ) ;
#654 = SURFACE_STYLE_USAGE ( .BOTH. , #1017 ) ;
#655 = MECHANICAL_DESIGN_GEOMETRIC_PRESENTATION_REPRESENTATION (  '', ( #1587 ), #1380 ) ;
#656 = EDGE_CURVE ( 'NONE', #183, #1406, #304, .T. ) ;
#657 = LINE ( 'NONE', #450, #704 ) ;
#658 = CARTESIAN_POINT ( 'NONE',  ( 0.000000000000000000, -3.899999999999999911, 0.7499999999999995559 ) ) ;
#659 = CIRCLE ( 'NONE', #823, 0.3500000000000000888 ) ;
#660 = VECTOR ( 'NONE', #288, 1000.000000000000000 ) ;
#661 = ORIENTED_EDGE ( 'NONE', *, *, #822, .F. ) ;
#662 = EDGE_LOOP ( 'NONE', ( #358, #366, #955, #1441 ) ) ;
#663 = DIRECTION ( 'NONE',  ( -0.000000000000000000, -0.000000000000000000, -1.000000000000000000 ) ) ;
#664 = UNCERTAINTY_MEASURE_WITH_UNIT (LENGTH_MEASURE( 1.000000000000000082E-05 ), #1576, 'distance_accuracy_value', 'NONE');
#665 = ORIENTED_EDGE ( 'NONE', *, *, #308, .F. ) ;
#666 = EDGE_CURVE ( 'NONE', #440, #724, #1050, .T. ) ;
#667 = AXIS2_PLACEMENT_3D ( 'NONE', #453, #70, #64 ) ;
#668 =( NAMED_UNIT ( * ) PLANE_ANGLE_UNIT ( ) SI_UNIT ( $, .RADIAN. ) );
#669 = CIRCLE ( 'NONE', #561, 6.375660735194311535 ) ;
#670 = DIRECTION ( 'NONE',  ( -1.000000000000000000, 0.000000000000000000, 0.000000000000000000 ) ) ;
#671 = PRESENTATION_STYLE_ASSIGNMENT (( #1341 ) ) ;
#672 = DIRECTION ( 'NONE',  ( 2.035920594393787855E-16, 1.000000000000000000, -0.000000000000000000 ) ) ;
#673 = SURFACE_SIDE_STYLE ('',( #1026 ) ) ;
#674 = VERTEX_POINT ( 'NONE', #34 ) ;
#675 = CIRCLE ( 'NONE', #948, 0.7499999999999995559 ) ;
#676 = MECHANICAL_DESIGN_GEOMETRIC_PRESENTATION_REPRESENTATION (  '', ( #1271 ), #1163 ) ;
#677 = CARTESIAN_POINT ( 'NONE',  ( -0.7100000000000000755, 0.000000000000000000, 0.2500000000000000000 ) ) ;
#678 = MECHANICAL_DESIGN_GEOMETRIC_PRESENTATION_REPRESENTATION (  '', ( #459 ), #88 ) ;
#679 = SURFACE_SIDE_STYLE ('',( #1426 ) ) ;
#680 = CARTESIAN_POINT ( 'NONE',  ( -6.065660735194311926, -5.422960892476885952, -0.2500000000000000000 ) ) ;
#681 = ORIENTED_EDGE ( 'NONE', *, *, #1334, .T. ) ;
#682 = PRESENTATION_STYLE_ASSIGNMENT (( #1047 ) ) ;
#683 = FILL_AREA_STYLE ('',( #1336 ) ) ;
#684 = CARTESIAN_POINT ( 'NONE',  ( 0.000000000000000000, -0.5999999999999998668, 0.4999999999999995559 ) ) ;
#685 = ORIENTED_EDGE ( 'NONE', *, *, #1166, .T. ) ;
#686 = CARTESIAN_POINT ( 'NONE',  ( -0.3127358490566038984, -0.4028601354252431266, -0.2500000000000000000 ) ) ;
#687 = AXIS2_PLACEMENT_3D ( 'NONE', #1606, #816, #452 ) ;
#688 = DIRECTION ( 'NONE',  ( 0.000000000000000000, 0.000000000000000000, 1.000000000000000000 ) ) ;
#689 = PRESENTATION_LAYER_ASSIGNMENT (  '', '', ( #1611 ) ) ;
#690 = FILL_AREA_STYLE ('',( #1332 ) ) ;
#691 = DIRECTION ( 'NONE',  ( 1.000000000000000000, 0.000000000000000000, 0.000000000000000000 ) ) ;
#692 = EDGE_CURVE ( 'NONE', #44, #1642, #726, .T. ) ;
#693 = FACE_OUTER_BOUND ( 'NONE', #590, .T. ) ;
#694 = SURFACE_STYLE_USAGE ( .BOTH. , #700 ) ;
#695 = CARTESIAN_POINT ( 'NONE',  ( -0.1000000000000000472, -3.500000000000000000, -0.2500000000000000000 ) ) ;
#696 = FILL_AREA_STYLE ('',( #967 ) ) ;
#697 = COLOUR_RGB ( '',0.7921568627450980005, 0.8196078431372548767, 0.9333333333333333481 ) ;
#698 = VERTEX_POINT ( 'NONE', #312 ) ;
#699 = CARTESIAN_POINT ( 'NONE',  ( 0.000000000000000000, 0.000000000000000000, 0.2500000000000000000 ) ) ;
#700 = SURFACE_SIDE_STYLE ('',( #223 ) ) ;
#701 = EDGE_CURVE ( 'NONE', #1124, #285, #89, .T. ) ;
#702 = AXIS2_PLACEMENT_3D ( 'NONE', #191, #1071, #338 ) ;
#703 = FILL_AREA_STYLE_COLOUR ( '', #78 ) ;
#704 = VECTOR ( 'NONE', #817, 1000.000000000000114 ) ;
#705 =( NAMED_UNIT ( * ) PLANE_ANGLE_UNIT ( ) SI_UNIT ( $, .RADIAN. ) );
#706 = VECTOR ( 'NONE', #106, 1000.000000000000000 ) ;
#707 = CARTESIAN_POINT ( 'NONE',  ( -0.3641975370173040072, -6.799999999999999822, -0.2500000000000000000 ) ) ;
#708 = VERTEX_POINT ( 'NONE', #677 ) ;
#709 = CARTESIAN_POINT ( 'NONE',  ( 0.000000000000000000, 0.000000000000000000, 0.2500000000000000000 ) ) ;
#710 = FILL_AREA_STYLE_COLOUR ( '', #142 ) ;
#711 = EDGE_LOOP ( 'NONE', ( #222, #785, #1179, #681 ) ) ;
#712 = AXIS2_PLACEMENT_3D ( 'NONE', #750, #1129, #1655 ) ;
#713 = PRODUCT ( '20-2137', '20-2137', '', ( #259 ) ) ;
#714 = CARTESIAN_POINT ( 'NONE',  ( 0.1597189946925328674, -4.046844244437028948, 0.2500000000000000000 ) ) ;
#715 = AXIS2_PLACEMENT_3D ( 'NONE', #388, #1654, #117 ) ;
#716 = EDGE_CURVE ( 'NONE', #285, #946, #444, .T. ) ;
#717 = CARTESIAN_POINT ( 'NONE',  ( -0.7499999999999995559, -3.899999999999999911, 0.000000000000000000 ) ) ;
#718 = ORIENTED_EDGE ( 'NONE', *, *, #528, .F. ) ;
#719 = DIRECTION ( 'NONE',  ( 0.000000000000000000, 0.000000000000000000, 1.000000000000000000 ) ) ;
#720 = UNCERTAINTY_MEASURE_WITH_UNIT (LENGTH_MEASURE( 1.000000000000000082E-05 ), #38, 'distance_accuracy_value', 'NONE');
#721 = DIRECTION ( 'NONE',  ( -0.000000000000000000, 1.000000000000000000, -0.000000000000000000 ) ) ;
#722 = VECTOR ( 'NONE', #231, 1000.000000000000000 ) ;
#723 =( GEOMETRIC_REPRESENTATION_CONTEXT ( 3 ) GLOBAL_UNCERTAINTY_ASSIGNED_CONTEXT ( ( #523 ) ) GLOBAL_UNIT_ASSIGNED_CONTEXT ( ( #1246, #478, #1516 ) ) REPRESENTATION_CONTEXT ( 'NONE', 'WORKASPACE' ) );
#724 = VERTEX_POINT ( 'NONE', #434 ) ;
#725 = PRESENTATION_LAYER_ASSIGNMENT (  '', '', ( #798 ) ) ;
#726 = CIRCLE ( 'NONE', #10, 0.4999999999999995559 ) ;
#727 = SURFACE_SIDE_STYLE ('',( #1153 ) ) ;
#728 = ORIENTED_EDGE ( 'NONE', *, *, #609, .T. ) ;
#729 = DIRECTION ( 'NONE',  ( -0.000000000000000000, -0.000000000000000000, -1.000000000000000000 ) ) ;
#730 = CARTESIAN_POINT ( 'NONE',  ( -0.3550047850898194746, -4.003676431556285387, 0.2500000000000000000 ) ) ;
#731 = VERTEX_POINT ( 'NONE', #201 ) ;
#732 = APPLICATION_PROTOCOL_DEFINITION ( 'draft international standard', 'automotive_design', 1998, #1496 ) ;
#733 =( NAMED_UNIT ( * ) PLANE_ANGLE_UNIT ( ) SI_UNIT ( $, .RADIAN. ) );
#734 = DIRECTION ( 'NONE',  ( 0.000000000000000000, -0.000000000000000000, -1.000000000000000000 ) ) ;
#735 =( GEOMETRIC_REPRESENTATION_CONTEXT ( 3 ) GLOBAL_UNCERTAINTY_ASSIGNED_CONTEXT ( ( #1188 ) ) GLOBAL_UNIT_ASSIGNED_CONTEXT ( ( #170, #1175, #419 ) ) REPRESENTATION_CONTEXT ( 'NONE', 'WORKASPACE' ) );
#736 = SURFACE_STYLE_FILL_AREA ( #432 ) ;
#737 = SURFACE_STYLE_USAGE ( .BOTH. , #1250 ) ;
#738 = DIRECTION ( 'NONE',  ( -1.000000000000000000, 0.000000000000000000, 0.000000000000000000 ) ) ;
#739 = LINE ( 'NONE', #828, #772 ) ;
#740 = SURFACE_STYLE_FILL_AREA ( #696 ) ;
#741 = AXIS2_PLACEMENT_3D ( 'NONE', #1185, #1454, #545 ) ;
#742 = CIRCLE ( 'NONE', #1373, 6.575660735194312601 ) ;
#743 = MECHANICAL_DESIGN_GEOMETRIC_PRESENTATION_REPRESENTATION (  '', ( #798 ), #635 ) ;
#744 = CARTESIAN_POINT ( 'NONE',  ( -2.633574012414093612, -3.500000000000000000, 0.2500000000000000000 ) ) ;
#745 = EDGE_CURVE ( 'NONE', #547, #698, #1505, .T. ) ;
#746 = ORIENTED_EDGE ( 'NONE', *, *, #289, .T. ) ;
#747 = CARTESIAN_POINT ( 'NONE',  ( 6.065660735194311926, -5.422960892476885952, -0.2500000000000000000 ) ) ;
#748 = UNCERTAINTY_MEASURE_WITH_UNIT (LENGTH_MEASURE( 1.000000000000000082E-05 ), #771, 'distance_accuracy_value', 'NONE');
#749 = CYLINDRICAL_SURFACE ( 'NONE', #165, 0.5100000000000001199 ) ;
#750 = CARTESIAN_POINT ( 'NONE',  ( 0.000000000000000000, 0.000000000000000000, -0.2500000000000000000 ) ) ;
#751 = APPLICATION_CONTEXT ( 'automotive_design' ) ;
#752 =( GEOMETRIC_REPRESENTATION_CONTEXT ( 3 ) GLOBAL_UNCERTAINTY_ASSIGNED_CONTEXT ( ( #849 ) ) GLOBAL_UNIT_ASSIGNED_CONTEXT ( ( #431, #1452, #467 ) ) REPRESENTATION_CONTEXT ( 'NONE', 'WORKASPACE' ) );
#753 =( GEOMETRIC_REPRESENTATION_CONTEXT ( 3 ) GLOBAL_UNCERTAINTY_ASSIGNED_CONTEXT ( ( #1518 ) ) GLOBAL_UNIT_ASSIGNED_CONTEXT ( ( #79, #236, #92 ) ) REPRESENTATION_CONTEXT ( 'NONE', 'WORKASPACE' ) );
#754 = FACE_OUTER_BOUND ( 'NONE', #1607, .T. ) ;
#755 = ADVANCED_FACE ( 'NONE', ( #427 ), #519, .F. ) ;
#756 = EDGE_LOOP ( 'NONE', ( #995, #19, #1509, #1136 ) ) ;
#757 =( LENGTH_UNIT ( ) NAMED_UNIT ( * ) SI_UNIT ( .MILLI., .METRE. ) );
#758 = VECTOR ( 'NONE', #12, 1000.000000000000000 ) ;
#759 = ORIENTED_EDGE ( 'NONE', *, *, #912, .F. ) ;
#760 = ORIENTED_EDGE ( 'NONE', *, *, #845, .T. ) ;
#761 = STYLED_ITEM ( 'NONE', ( #1007 ), #1138 ) ;
#762 = EDGE_CURVE ( 'NONE', #44, #621, #1120, .T. ) ;
#763 = ADVANCED_FACE ( 'NONE', ( #109 ), #1359, .F. ) ;
#764 = UNCERTAINTY_MEASURE_WITH_UNIT (LENGTH_MEASURE( 1.000000000000000082E-05 ), #57, 'distance_accuracy_value', 'NONE');
#765 =( LENGTH_UNIT ( ) NAMED_UNIT ( * ) SI_UNIT ( .MILLI., .METRE. ) );
#766 = SURFACE_STYLE_FILL_AREA ( #1239 ) ;
#767 = CARTESIAN_POINT ( 'NONE',  ( 0.000000000000000000, -0.5999999999999998668, 0.000000000000000000 ) ) ;
#768 = MECHANICAL_DESIGN_GEOMETRIC_PRESENTATION_REPRESENTATION (  '', ( #1611 ), #282 ) ;
#769 = EDGE_CURVE ( 'NONE', #1519, #946, #565, .T. ) ;
#770 = ORIENTED_EDGE ( 'NONE', *, *, #745, .F. ) ;
#771 =( LENGTH_UNIT ( ) NAMED_UNIT ( * ) SI_UNIT ( .MILLI., .METRE. ) );
#772 = VECTOR ( 'NONE', #1354, 1000.000000000000114 ) ;
#773 = CYLINDRICAL_SURFACE ( 'NONE', #150, 2.333574012414093790 ) ;
#774 = ORIENTED_EDGE ( 'NONE', *, *, #9, .T. ) ;
#775 = EDGE_CURVE ( 'NONE', #1525, #263, #657, .T. ) ;
#776 = AXIS2_PLACEMENT_3D ( 'NONE', #1096, #351, #980 ) ;
#777 = CARTESIAN_POINT ( 'NONE',  ( 0.3000000000000000444, -0.8373171442171719603, 0.2500000000000000000 ) ) ;
#778 =( NAMED_UNIT ( * ) PLANE_ANGLE_UNIT ( ) SI_UNIT ( $, .RADIAN. ) );
#779 = FILL_AREA_STYLE ('',( #1561 ) ) ;
#780 = CARTESIAN_POINT ( 'NONE',  ( 0.3000000000000000444, -0.8373171442171719603, 0.2500000000000000000 ) ) ;
#781 = ORIENTED_EDGE ( 'NONE', *, *, #184, .F. ) ;
#782 = PRESENTATION_LAYER_ASSIGNMENT (  '', '', ( #456 ) ) ;
#783 = DIRECTION ( 'NONE',  ( -1.000000000000000000, 2.035920594393787855E-16, 0.000000000000000000 ) ) ;
#784 = AXIS2_PLACEMENT_3D ( 'NONE', #110, #1394, #987 ) ;
#785 = ORIENTED_EDGE ( 'NONE', *, *, #1204, .F. ) ;
#786 = CYLINDRICAL_SURFACE ( 'NONE', #836, 2.533574012414093524 ) ;
#787 = EDGE_CURVE ( 'NONE', #502, #589, #1645, .T. ) ;
#788 = CARTESIAN_POINT ( 'NONE',  ( 0.3000000000000000444, -0.8373171442171719603, 0.2500000000000000000 ) ) ;
#789 = CIRCLE ( 'NONE', #1648, 0.5500000000000000444 ) ;
#790 = ORIENTED_EDGE ( 'NONE', *, *, #362, .F. ) ;
#791 = DIRECTION ( 'NONE',  ( -1.000000000000000000, 0.000000000000000000, 0.000000000000000000 ) ) ;
#792 = ORIENTED_EDGE ( 'NONE', *, *, #1641, .F. ) ;
#793 = CARTESIAN_POINT ( 'NONE',  ( -0.5100000000000000089, -5.422960892476885952, -0.2500000000000000000 ) ) ;
#794 =( LENGTH_UNIT ( ) NAMED_UNIT ( * ) SI_UNIT ( .MILLI., .METRE. ) );
#795 = ORIENTED_EDGE ( 'NONE', *, *, #1043, .F. ) ;
#796 = PRODUCT_DEFINITION ( 'UNKNOWN', '', #1016, #54 ) ;
#797 = FILL_AREA_STYLE ('',( #703 ) ) ;
#798 = STYLED_ITEM ( 'NONE', ( #682 ), #640 ) ;
#799 = DIRECTION ( 'NONE',  ( 0.000000000000000000, 0.000000000000000000, 1.000000000000000000 ) ) ;
#800 = DIRECTION ( 'NONE',  ( -1.000000000000000000, 0.000000000000000000, 0.000000000000000000 ) ) ;
#801 = SURFACE_SIDE_STYLE ('',( #1423 ) ) ;
#802 = SURFACE_SIDE_STYLE ('',( #594 ) ) ;
#803 =( NAMED_UNIT ( * ) PLANE_ANGLE_UNIT ( ) SI_UNIT ( $, .RADIAN. ) );
#804 = AXIS2_PLACEMENT_3D ( 'NONE', #1300, #663, #176 ) ;
#805 = DIRECTION ( 'NONE',  ( -1.000000000000000000, 0.000000000000000000, 0.000000000000000000 ) ) ;
#806 =( NAMED_UNIT ( * ) PLANE_ANGLE_UNIT ( ) SI_UNIT ( $, .RADIAN. ) );
#807 = COLOUR_RGB ( '',1.000000000000000000, 1.000000000000000000, 1.000000000000000000 ) ;
#808 = UNCERTAINTY_MEASURE_WITH_UNIT (LENGTH_MEASURE( 1.000000000000000082E-05 ), #69, 'distance_accuracy_value', 'NONE');
#809 = COLOUR_RGB ( '',0.2509803921568627416, 0.2509803921568627416, 0.2509803921568627416 ) ;
#810 = CARTESIAN_POINT ( 'NONE',  ( 0.1000000000000000472, -0.8373171442171719603, 0.2500000000000000000 ) ) ;
#811 =( GEOMETRIC_REPRESENTATION_CONTEXT ( 3 ) GLOBAL_UNCERTAINTY_ASSIGNED_CONTEXT ( ( #764 ) ) GLOBAL_UNIT_ASSIGNED_CONTEXT ( ( #57, #368, #1377 ) ) REPRESENTATION_CONTEXT ( 'NONE', 'WORKASPACE' ) );
#812 = DIRECTION ( 'NONE',  ( -0.000000000000000000, -0.000000000000000000, -1.000000000000000000 ) ) ;
#813 = AXIS2_PLACEMENT_3D ( 'NONE', #1233, #729, #481 ) ;
#814 = CARTESIAN_POINT ( 'NONE',  ( 0.7100000000000000755, 8.694992273946209472E-17, 0.2500000000000000000 ) ) ;
#815 = EDGE_CURVE ( 'NONE', #1089, #588, #299, .T. ) ;
#816 = DIRECTION ( 'NONE',  ( -0.000000000000000000, 1.000000000000000000, -0.000000000000000000 ) ) ;
#817 = DIRECTION ( 'NONE',  ( 0.9778269486741711924, 0.2094145612094817643, 0.000000000000000000 ) ) ;
#818 = SURFACE_STYLE_FILL_AREA ( #573 ) ;
#819 = ORIENTED_EDGE ( 'NONE', *, *, #1350, .T. ) ;
#820 = ORIENTED_EDGE ( 'NONE', *, *, #234, .F. ) ;
#821 =( GEOMETRIC_REPRESENTATION_CONTEXT ( 3 ) GLOBAL_UNCERTAINTY_ASSIGNED_CONTEXT ( ( #748 ) ) GLOBAL_UNIT_ASSIGNED_CONTEXT ( ( #771, #668, #1296 ) ) REPRESENTATION_CONTEXT ( 'NONE', 'WORKASPACE' ) );
#822 = EDGE_CURVE ( 'NONE', #1446, #153, #1384, .T. ) ;
#823 = AXIS2_PLACEMENT_3D ( 'NONE', #219, #1374, #1497 ) ;
#824 = DIRECTION ( 'NONE',  ( -0.000000000000000000, -0.000000000000000000, -1.000000000000000000 ) ) ;
#825 = DIRECTION ( 'NONE',  ( -0.000000000000000000, -0.000000000000000000, -1.000000000000000000 ) ) ;
#826 = ORIENTED_EDGE ( 'NONE', *, *, #666, .F. ) ;
#827 = SURFACE_STYLE_FILL_AREA ( #690 ) ;
#828 = CARTESIAN_POINT ( 'NONE',  ( -3.177853329172121377, -6.041423005440312188, -0.2500000000000000000 ) ) ;
#829 = LINE ( 'NONE', #1157, #933 ) ;
#830 = ORIENTED_EDGE ( 'NONE', *, *, #1227, .T. ) ;
#831 = VERTEX_POINT ( 'NONE', #1600 ) ;
#832 = FILL_AREA_STYLE_COLOUR ( '', #140 ) ;
#833 = DIRECTION ( 'NONE',  ( -1.000000000000000000, 0.000000000000000000, 0.000000000000000000 ) ) ;
#834 = ORIENTED_EDGE ( 'NONE', *, *, #68, .F. ) ;
#835 = DIRECTION ( 'NONE',  ( 1.000000000000000000, 0.000000000000000000, 0.000000000000000000 ) ) ;
#836 = AXIS2_PLACEMENT_3D ( 'NONE', #537, #32, #1177 ) ;
#837 =( NAMED_UNIT ( * ) SI_UNIT ( $, .STERADIAN. ) SOLID_ANGLE_UNIT ( ) );
#838 = CARTESIAN_POINT ( 'NONE',  ( 6.123233995736761105E-17, 0.000000000000000000, -0.4999999999999995559 ) ) ;
#839 = FILL_AREA_STYLE ('',( #1492 ) ) ;
#840 = EDGE_CURVE ( 'NONE', #263, #5, #105, .T. ) ;
#841 = DIRECTION ( 'NONE',  ( -0.000000000000000000, -0.000000000000000000, -1.000000000000000000 ) ) ;
#842 = FACE_OUTER_BOUND ( 'NONE', #1598, .T. ) ;
#843 = CARTESIAN_POINT ( 'NONE',  ( 2.633574012414093612, -3.500000000000000000, 0.2500000000000000000 ) ) ;
#844 = VECTOR ( 'NONE', #72, 1000.000000000000000 ) ;
#845 = EDGE_CURVE ( 'NONE', #1652, #1430, #1154, .T. ) ;
#846 = PRESENTATION_STYLE_ASSIGNMENT (( #1385 ) ) ;
#847 =( LENGTH_UNIT ( ) NAMED_UNIT ( * ) SI_UNIT ( .MILLI., .METRE. ) );
#848 = ORIENTED_EDGE ( 'NONE', *, *, #1434, .T. ) ;
#849 = UNCERTAINTY_MEASURE_WITH_UNIT (LENGTH_MEASURE( 1.000000000000000082E-05 ), #431, 'distance_accuracy_value', 'NONE');
#850 = EDGE_CURVE ( 'NONE', #138, #1304, #989, .T. ) ;
#851 = AXIS2_PLACEMENT_3D ( 'NONE', #1353, #360, #86 ) ;
#852 =( NAMED_UNIT ( * ) PLANE_ANGLE_UNIT ( ) SI_UNIT ( $, .RADIAN. ) );
#853 = PRESENTATION_STYLE_ASSIGNMENT (( #210 ) ) ;
#854 = ORIENTED_EDGE ( 'NONE', *, *, #349, .T. ) ;
#855 = CARTESIAN_POINT ( 'NONE',  ( 0.1686321472824680034, -6.758117087758103381, -0.7499999999999995559 ) ) ;
#856 = EDGE_LOOP ( 'NONE', ( #819, #361, #1058, #100, #1023, #156, #1183, #854, #960, #959, #864, #50, #240, #129, #1626, #910, #1079, #1091, #866, #386, #1010, #1049, #583, #1255, #1351, #1397 ) ) ;
#857 = CARTESIAN_POINT ( 'NONE',  ( 0.000000000000000000, 0.000000000000000000, 0.000000000000000000 ) ) ;
#858 = LINE ( 'NONE', #838, #83 ) ;
#859 = FACE_OUTER_BOUND ( 'NONE', #395, .T. ) ;
#860 = ORIENTED_EDGE ( 'NONE', *, *, #993, .F. ) ;
#861 = COLOUR_RGB ( '',1.000000000000000000, 1.000000000000000000, 1.000000000000000000 ) ;
#862 = VECTOR ( 'NONE', #888, 1000.000000000000000 ) ;
#863 = CARTESIAN_POINT ( 'NONE',  ( -0.1597189946925337278, -4.046844244437030724, 0.2500000000000000000 ) ) ;
#864 = ORIENTED_EDGE ( 'NONE', *, *, #409, .T. ) ;
#865 = EDGE_CURVE ( 'NONE', #920, #498, #1543, .T. ) ;
#866 = ORIENTED_EDGE ( 'NONE', *, *, #184, .T. ) ;
#867 = ORIENTED_EDGE ( 'NONE', *, *, #924, .T. ) ;
#868 = SURFACE_STYLE_FILL_AREA ( #563 ) ;
#869 = DIRECTION ( 'NONE',  ( -1.000000000000000000, 0.000000000000000000, 0.000000000000000000 ) ) ;
#870 = UNCERTAINTY_MEASURE_WITH_UNIT (LENGTH_MEASURE( 1.000000000000000082E-05 ), #1229, 'distance_accuracy_value', 'NONE');
#871 = AXIS2_PLACEMENT_3D ( 'NONE', #747, #1193, #1115 ) ;
#872 = VECTOR ( 'NONE', #1200, 1000.000000000000000 ) ;
#873 = ADVANCED_FACE ( 'NONE', ( #377 ), #773, .F. ) ;
#874 = AXIS2_PLACEMENT_3D ( 'NONE', #939, #334, #670 ) ;
#875 = CARTESIAN_POINT ( 'NONE',  ( 0.000000000000000000, 0.000000000000000000, 0.2500000000000000000 ) ) ;
#876 = EDGE_LOOP ( 'NONE', ( #1491, #834, #1582, #480 ) ) ;
#877 = DIRECTION ( 'NONE',  ( -0.000000000000000000, -0.000000000000000000, -1.000000000000000000 ) ) ;
#878 = CARTESIAN_POINT ( 'NONE',  ( -0.2999999999999999889, -0.8373171442171719603, -0.2500000000000000000 ) ) ;
#879 = VECTOR ( 'NONE', #1453, 1000.000000000000114 ) ;
#880 = VECTOR ( 'NONE', #1266, 1000.000000000000000 ) ;
#881 = ADVANCED_FACE ( 'NONE', ( #204 ), #1240, .T. ) ;
#882 = AXIS2_PLACEMENT_3D ( 'NONE', #631, #893, #869 ) ;
#883 = CARTESIAN_POINT ( 'NONE',  ( -6.065660735194311926, -5.422960892476885952, 0.2500000000000000000 ) ) ;
#884 = FILL_AREA_STYLE ('',( #1032 ) ) ;
#885 = PRESENTATION_STYLE_ASSIGNMENT (( #1552 ) ) ;
#886 = ORIENTED_EDGE ( 'NONE', *, *, #271, .F. ) ;
#887 =( NAMED_UNIT ( * ) PLANE_ANGLE_UNIT ( ) SI_UNIT ( $, .RADIAN. ) );
#888 = DIRECTION ( 'NONE',  ( -0.000000000000000000, -0.000000000000000000, -1.000000000000000000 ) ) ;
#889 =( NAMED_UNIT ( * ) SI_UNIT ( $, .STERADIAN. ) SOLID_ANGLE_UNIT ( ) );
#890 = DIRECTION ( 'NONE',  ( -0.000000000000000000, 1.000000000000000000, -0.000000000000000000 ) ) ;
#891 = ADVANCED_FACE ( 'NONE', ( #1176, #859 ), #597, .T. ) ;
#892 = FILL_AREA_STYLE ('',( #381 ) ) ;
#893 = DIRECTION ( 'NONE',  ( -0.000000000000000000, -0.000000000000000000, -1.000000000000000000 ) ) ;
#894 = VECTOR ( 'NONE', #918, 1000.000000000000000 ) ;
#895 = CARTESIAN_POINT ( 'NONE',  ( 0.7100000000000000755, 8.694992273946209472E-17, -0.2500000000000000000 ) ) ;
#896 = DIRECTION ( 'NONE',  ( -1.000000000000000000, 0.000000000000000000, 0.000000000000000000 ) ) ;
#897 = AXIS2_PLACEMENT_3D ( 'NONE', #977, #1636, #82 ) ;
#898 = EDGE_CURVE ( 'NONE', #1367, #1562, #1590, .T. ) ;
#899 = ORIENTED_EDGE ( 'NONE', *, *, #1550, .F. ) ;
#900 = DIRECTION ( 'NONE',  ( 0.000000000000000000, 0.000000000000000000, 1.000000000000000000 ) ) ;
#901 = ORIENTED_EDGE ( 'NONE', *, *, #1135, .F. ) ;
#902 = CARTESIAN_POINT ( 'NONE',  ( -0.1000000000000000472, -3.500000000000000000, 0.2500000000000000000 ) ) ;
#903 = CIRCLE ( 'NONE', #399, 0.4999999999999995559 ) ;
#904 = UNCERTAINTY_MEASURE_WITH_UNIT (LENGTH_MEASURE( 1.000000000000000082E-05 ), #1375, 'distance_accuracy_value', 'NONE');
#905 = FILL_AREA_STYLE_COLOUR ( '', #1093 ) ;
#906 = EDGE_LOOP ( 'NONE', ( #746, #232, #1376, #578 ) ) ;
#907 = CIRCLE ( 'NONE', #1390, 0.4999999999999995559 ) ;
#908 = FILL_AREA_STYLE_COLOUR ( '', #1588 ) ;
#909 = AXIS2_PLACEMENT_3D ( 'NONE', #1547, #1288, #896 ) ;
#910 = ORIENTED_EDGE ( 'NONE', *, *, #850, .T. ) ;
#911 = ORIENTED_EDGE ( 'NONE', *, *, #308, .T. ) ;
#912 = EDGE_CURVE ( 'NONE', #920, #1111, #1297, .T. ) ;
#913 = AXIS2_PLACEMENT_3D ( 'NONE', #1439, #900, #310 ) ;
#914 = DIRECTION ( 'NONE',  ( -0.000000000000000000, -0.000000000000000000, -1.000000000000000000 ) ) ;
#915 = FILL_AREA_STYLE_COLOUR ( '', #630 ) ;
#916 =( NAMED_UNIT ( * ) SI_UNIT ( $, .STERADIAN. ) SOLID_ANGLE_UNIT ( ) );
#917 = VECTOR ( 'NONE', #1213, 1000.000000000000000 ) ;
#918 = DIRECTION ( 'NONE',  ( -0.000000000000000000, -0.000000000000000000, -1.000000000000000000 ) ) ;
#919 = DIRECTION ( 'NONE',  ( 1.000000000000000000, 0.000000000000000000, 0.000000000000000000 ) ) ;
#920 = VERTEX_POINT ( 'NONE', #1638 ) ;
#921 =( GEOMETRIC_REPRESENTATION_CONTEXT ( 3 ) GLOBAL_UNCERTAINTY_ASSIGNED_CONTEXT ( ( #264 ) ) GLOBAL_UNIT_ASSIGNED_CONTEXT ( ( #794, #1316, #311 ) ) REPRESENTATION_CONTEXT ( 'NONE', 'WORKASPACE' ) );
#922 = CARTESIAN_POINT ( 'NONE',  ( 0.6500000000000001332, -0.8373171442171719603, -0.2500000000000000000 ) ) ;
#923 = EDGE_LOOP ( 'NONE', ( #177, #1012, #120, #1112 ) ) ;
#924 = EDGE_CURVE ( 'NONE', #708, #1480, #953, .T. ) ;
#925 = SURFACE_STYLE_USAGE ( .BOTH. , #679 ) ;
#926 = DIRECTION ( 'NONE',  ( 0.000000000000000000, -1.000000000000000000, 0.000000000000000000 ) ) ;
#927 = FACE_OUTER_BOUND ( 'NONE', #275, .T. ) ;
#928 =( NAMED_UNIT ( * ) PLANE_ANGLE_UNIT ( ) SI_UNIT ( $, .RADIAN. ) );
#929 = FILL_AREA_STYLE_COLOUR ( '', #245 ) ;
#930 = FACE_OUTER_BOUND ( 'NONE', #1224, .T. ) ;
#931 = COLOUR_RGB ( '',1.000000000000000000, 1.000000000000000000, 1.000000000000000000 ) ;
#932 = UNCERTAINTY_MEASURE_WITH_UNIT (LENGTH_MEASURE( 1.000000000000000082E-05 ), #20, 'distance_accuracy_value', 'NONE');
#933 = VECTOR ( 'NONE', #1162, 1000.000000000000000 ) ;
#934 =( NAMED_UNIT ( * ) SI_UNIT ( $, .STERADIAN. ) SOLID_ANGLE_UNIT ( ) );
#935 = ORIENTED_EDGE ( 'NONE', *, *, #1334, .F. ) ;
#936 = MECHANICAL_DESIGN_GEOMETRIC_PRESENTATION_REPRESENTATION (  '', ( #315 ), #752 ) ;
#937 =( NAMED_UNIT ( * ) SI_UNIT ( $, .STERADIAN. ) SOLID_ANGLE_UNIT ( ) );
#938 =( GEOMETRIC_REPRESENTATION_CONTEXT ( 3 ) GLOBAL_UNCERTAINTY_ASSIGNED_CONTEXT ( ( #596 ) ) GLOBAL_UNIT_ASSIGNED_CONTEXT ( ( #1203, #465, #221 ) ) REPRESENTATION_CONTEXT ( 'NONE', 'WORKASPACE' ) );
#939 = CARTESIAN_POINT ( 'NONE',  ( 0.6500000000000001332, -0.8373171442171719603, -0.2500000000000000000 ) ) ;
#940 = EDGE_CURVE ( 'NONE', #1268, #348, #739, .T. ) ;
#941 = FILL_AREA_STYLE ('',( #438 ) ) ;
#942 =( LENGTH_UNIT ( ) NAMED_UNIT ( * ) SI_UNIT ( .MILLI., .METRE. ) );
#943 = DIRECTION ( 'NONE',  ( 0.000000000000000000, 0.000000000000000000, 1.000000000000000000 ) ) ;
#944 = CARTESIAN_POINT ( 'NONE',  ( -0.1686321472824675316, -6.758117087758103381, -0.7499999999999995559 ) ) ;
#945 = DIRECTION ( 'NONE',  ( -0.000000000000000000, -0.000000000000000000, -1.000000000000000000 ) ) ;
#946 = VERTEX_POINT ( 'NONE', #600 ) ;
#947 = EDGE_CURVE ( 'NONE', #429, #1574, #104, .T. ) ;
#948 = AXIS2_PLACEMENT_3D ( 'NONE', #354, #1358, #1105 ) ;
#949 = CARTESIAN_POINT ( 'NONE',  ( 0.000000000000000000, 0.000000000000000000, 0.7499999999999995559 ) ) ;
#950 = DIRECTION ( 'NONE',  ( 0.9778269486741711924, -0.2094145612094816533, 0.000000000000000000 ) ) ;
#951 = ORIENTED_EDGE ( 'NONE', *, *, #1647, .T. ) ;
#952 = CIRCLE ( 'NONE', #1090, 0.5100000000000001199 ) ;
#953 = LINE ( 'NONE', #1100, #1610 ) ;
#954 = SURFACE_SIDE_STYLE ('',( #1214 ) ) ;
#955 = ORIENTED_EDGE ( 'NONE', *, *, #762, .T. ) ;
#956 = CYLINDRICAL_SURFACE ( 'NONE', #552, 0.5500000000000000444 ) ;
#957 = CARTESIAN_POINT ( 'NONE',  ( -0.4353773584905667460, -0.5608445022586713291, 0.2500000000000000000 ) ) ;
#958 = UNCERTAINTY_MEASURE_WITH_UNIT (LENGTH_MEASURE( 1.000000000000000082E-05 ), #1025, 'distance_accuracy_value', 'NONE');
#959 = ORIENTED_EDGE ( 'NONE', *, *, #865, .T. ) ;
#960 = ORIENTED_EDGE ( 'NONE', *, *, #102, .T. ) ;
#961 = DIRECTION ( 'NONE',  ( 1.000000000000000000, 0.000000000000000000, 0.000000000000000000 ) ) ;
#962 = DIRECTION ( 'NONE',  ( 1.000000000000000000, 0.000000000000000000, 0.000000000000000000 ) ) ;
#963 = EDGE_CURVE ( 'NONE', #1519, #502, #141, .T. ) ;
#964 = DIRECTION ( 'NONE',  ( -0.000000000000000000, -0.000000000000000000, -1.000000000000000000 ) ) ;
#965 = CIRCLE ( 'NONE', #318, 6.375660735194311535 ) ;
#966 = DIRECTION ( 'NONE',  ( -0.000000000000000000, 1.000000000000000000, 0.000000000000000000 ) ) ;
#967 = FILL_AREA_STYLE_COLOUR ( '', #524 ) ;
#968 = ORIENTED_EDGE ( 'NONE', *, *, #940, .F. ) ;
#969 = DIRECTION ( 'NONE',  ( 0.000000000000000000, 0.000000000000000000, 1.000000000000000000 ) ) ;
#970 = EDGE_LOOP ( 'NONE', ( #558, #792, #665, #181, #363, #901, #396, #1349, #601, #770, #1619, #860, #1462, #968, #1044, #543, #634, #1472, #1520, #1522, #207, #1158, #820, #1605, #460, #1141 ) ) ;
#971 = AXIS2_PLACEMENT_3D ( 'NONE', #699, #945, #1601 ) ;
#972 =( GEOMETRIC_REPRESENTATION_CONTEXT ( 3 ) GLOBAL_UNCERTAINTY_ASSIGNED_CONTEXT ( ( #1057 ) ) GLOBAL_UNIT_ASSIGNED_CONTEXT ( ( #1498, #733, #976 ) ) REPRESENTATION_CONTEXT ( 'NONE', 'WORKASPACE' ) );
#973 = CARTESIAN_POINT ( 'NONE',  ( 6.123233995736761105E-17, -3.899999999999999911, -0.4999999999999995559 ) ) ;
#974 = CARTESIAN_POINT ( 'NONE',  ( -0.1597189946925337278, -4.046844244437030724, -0.2500000000000000000 ) ) ;
#975 = CIRCLE ( 'NONE', #715, 0.7100000000000000755 ) ;
#976 =( NAMED_UNIT ( * ) SI_UNIT ( $, .STERADIAN. ) SOLID_ANGLE_UNIT ( ) );
#977 = CARTESIAN_POINT ( 'NONE',  ( 2.633574012414093612, -3.500000000000000000, 0.2500000000000000000 ) ) ;
#978 = VECTOR ( 'NONE', #1123, 1000.000000000000000 ) ;
#979 = SURFACE_SIDE_STYLE ('',( #1097 ) ) ;
#980 = DIRECTION ( 'NONE',  ( -0.9778269486741711924, -0.2094145612094817643, 0.000000000000000000 ) ) ;
#981 = ORIENTED_EDGE ( 'NONE', *, *, #470, .F. ) ;
#982 = CARTESIAN_POINT ( 'NONE',  ( 0.1000000000000000472, -0.8373171442171719603, 0.2500000000000000000 ) ) ;
#983 = AXIS2_PLACEMENT_3D ( 'NONE', #1081, #1465, #332 ) ;
#984 = LINE ( 'NONE', #24, #894 ) ;
#985 =( NAMED_UNIT ( * ) PLANE_ANGLE_UNIT ( ) SI_UNIT ( $, .RADIAN. ) );
#986 = VERTEX_POINT ( 'NONE', #1092 ) ;
#987 = DIRECTION ( 'NONE',  ( -0.9778269486741711924, 0.2094145612094816533, 0.000000000000000000 ) ) ;
#988 = PRESENTATION_LAYER_ASSIGNMENT (  '', '', ( #624 ) ) ;
#989 = LINE ( 'NONE', #1468, #1298 ) ;
#990 = STYLED_ITEM ( 'NONE', ( #1119 ), #1021 ) ;
#991 = DIRECTION ( 'NONE',  ( -1.000000000000000000, 0.000000000000000000, 0.000000000000000000 ) ) ;
#992 = DIRECTION ( 'NONE',  ( 0.000000000000000000, 0.000000000000000000, 1.000000000000000000 ) ) ;
#993 = EDGE_CURVE ( 'NONE', #1330, #627, #1565, .T. ) ;
#994 = VECTOR ( 'NONE', #1078, 1000.000000000000000 ) ;
#995 = ORIENTED_EDGE ( 'NONE', *, *, #1469, .T. ) ;
#996 = LINE ( 'NONE', #1437, #586 ) ;
#997 = VERTEX_POINT ( 'NONE', #1493 ) ;
#998 = ORIENTED_EDGE ( 'NONE', *, *, #447, .T. ) ;
#999 = MECHANICAL_DESIGN_GEOMETRIC_PRESENTATION_REPRESENTATION (  '', ( #122 ), #723 ) ;
#1000 = PRESENTATION_LAYER_ASSIGNMENT (  '', '', ( #16 ) ) ;
#1001 = CARTESIAN_POINT ( 'NONE',  ( 0.000000000000000000, 0.000000000000000000, -0.2500000000000000000 ) ) ;
#1002 = CYLINDRICAL_SURFACE ( 'NONE', #1559, 0.7100000000000000755 ) ;
#1003 = UNCERTAINTY_MEASURE_WITH_UNIT (LENGTH_MEASURE( 1.000000000000000082E-05 ), #1106, 'distance_accuracy_value', 'NONE');
#1004 = VERTEX_POINT ( 'NONE', #1481 ) ;
#1005 = DIRECTION ( 'NONE',  ( 0.000000000000000000, 0.000000000000000000, 1.000000000000000000 ) ) ;
#1006 = ADVANCED_FACE ( 'NONE', ( #1133 ), #1072, .F. ) ;
#1007 = PRESENTATION_STYLE_ASSIGNMENT (( #137 ) ) ;
#1008 = LINE ( 'NONE', #1161, #1386 ) ;
#1009 = MECHANICAL_DESIGN_GEOMETRIC_PRESENTATION_REPRESENTATION (  '', ( #382 ), #218 ) ;
#1010 = ORIENTED_EDGE ( 'NONE', *, *, #470, .T. ) ;
#1011 = FACE_OUTER_BOUND ( 'NONE', #923, .T. ) ;
#1012 = ORIENTED_EDGE ( 'NONE', *, *, #1356, .F. ) ;
#1013 = DIRECTION ( 'NONE',  ( -0.000000000000000000, -0.000000000000000000, -1.000000000000000000 ) ) ;
#1014 = ORIENTED_EDGE ( 'NONE', *, *, #912, .T. ) ;
#1015 =( LENGTH_UNIT ( ) NAMED_UNIT ( * ) SI_UNIT ( .MILLI., .METRE. ) );
#1016 = PRODUCT_DEFINITION_FORMATION_WITH_SPECIFIED_SOURCE ( 'ANY', '', #713, .NOT_KNOWN. ) ;
#1017 = SURFACE_SIDE_STYLE ('',( #1122 ) ) ;
#1018 =( GEOMETRIC_REPRESENTATION_CONTEXT ( 3 ) GLOBAL_UNCERTAINTY_ASSIGNED_CONTEXT ( ( #369 ) ) GLOBAL_UNIT_ASSIGNED_CONTEXT ( ( #17, #1278, #889 ) ) REPRESENTATION_CONTEXT ( 'NONE', 'WORKASPACE' ) );
#1019 = EDGE_CURVE ( 'NONE', #986, #1519, #407, .T. ) ;
#1020 = DIRECTION ( 'NONE',  ( 0.000000000000000000, 0.000000000000000000, 1.000000000000000000 ) ) ;
#1021 = ADVANCED_FACE ( 'NONE', ( #443 ), #1109, .F. ) ;
#1022 = DIRECTION ( 'NONE',  ( 0.000000000000000000, 0.000000000000000000, 1.000000000000000000 ) ) ;
#1023 = ORIENTED_EDGE ( 'NONE', *, *, #430, .T. ) ;
#1024 = CARTESIAN_POINT ( 'NONE',  ( 0.1597189946925328674, -4.046844244437028948, -0.2500000000000000000 ) ) ;
#1025 =( LENGTH_UNIT ( ) NAMED_UNIT ( * ) SI_UNIT ( .MILLI., .METRE. ) );
#1026 = SURFACE_STYLE_FILL_AREA ( #171 ) ;
#1027 = DIRECTION ( 'NONE',  ( -1.000000000000000000, 0.000000000000000000, 0.000000000000000000 ) ) ;
#1028 = FILL_AREA_STYLE ('',( #1274 ) ) ;
#1029 = FACE_OUTER_BOUND ( 'NONE', #1280, .T. ) ;
#1030 = EDGE_CURVE ( 'NONE', #1304, #348, #540, .T. ) ;
#1031 = STYLED_ITEM ( 'NONE', ( #1198 ), #506 ) ;
#1032 = FILL_AREA_STYLE_COLOUR ( '', #1595 ) ;
#1033 = FACE_OUTER_BOUND ( 'NONE', #1545, .T. ) ;
#1034 = ORIENTED_EDGE ( 'NONE', *, *, #415, .T. ) ;
#1035 = FILL_AREA_STYLE ('',( #905 ) ) ;
#1036 = SURFACE_SIDE_STYLE ('',( #323 ) ) ;
#1037 = CARTESIAN_POINT ( 'NONE',  ( 0.3000000000000000444, -0.8373171442171719603, -0.2500000000000000000 ) ) ;
#1038 = CARTESIAN_POINT ( 'NONE',  ( 0.6500000000000001332, -0.8373171442171719603, 0.2500000000000000000 ) ) ;
#1039 = DIRECTION ( 'NONE',  ( 0.000000000000000000, 0.000000000000000000, 1.000000000000000000 ) ) ;
#1040 = VECTOR ( 'NONE', #672, 1000.000000000000000 ) ;
#1041 = MECHANICAL_DESIGN_GEOMETRIC_PRESENTATION_REPRESENTATION (  '', ( #456 ), #359 ) ;
#1042 = DIRECTION ( 'NONE',  ( -0.000000000000000000, 1.000000000000000000, -0.000000000000000000 ) ) ;
#1043 = EDGE_CURVE ( 'NONE', #1367, #599, #564, .T. ) ;
#1044 = ORIENTED_EDGE ( 'NONE', *, *, #257, .F. ) ;
#1045 = DIRECTION ( 'NONE',  ( -0.000000000000000000, -0.000000000000000000, -1.000000000000000000 ) ) ;
#1046 = DIRECTION ( 'NONE',  ( -0.000000000000000000, -0.000000000000000000, -1.000000000000000000 ) ) ;
#1047 = SURFACE_STYLE_USAGE ( .BOTH. , #553 ) ;
#1048 = SURFACE_SIDE_STYLE ('',( #736 ) ) ;
#1049 = ORIENTED_EDGE ( 'NONE', *, *, #271, .T. ) ;
#1050 = LINE ( 'NONE', #1056, #1277 ) ;
#1051 = PRESENTATION_STYLE_ASSIGNMENT (( #152 ) ) ;
#1052 = FILL_AREA_STYLE_COLOUR ( '', #379 ) ;
#1053 = ORIENTED_EDGE ( 'NONE', *, *, #1400, .F. ) ;
#1054 = DIRECTION ( 'NONE',  ( 1.000000000000000000, 0.000000000000000000, 0.000000000000000000 ) ) ;
#1055 = PRESENTATION_LAYER_ASSIGNMENT (  '', '', ( #1144 ) ) ;
#1056 = CARTESIAN_POINT ( 'NONE',  ( -0.4353773584905667460, -0.5608445022586713291, 0.2500000000000000000 ) ) ;
#1057 = UNCERTAINTY_MEASURE_WITH_UNIT (LENGTH_MEASURE( 1.000000000000000082E-05 ), #1498, 'distance_accuracy_value', 'NONE');
#1058 = ORIENTED_EDGE ( 'NONE', *, *, #164, .T. ) ;
#1059 =( NAMED_UNIT ( * ) SI_UNIT ( $, .STERADIAN. ) SOLID_ANGLE_UNIT ( ) );
#1060 = DIRECTION ( 'NONE',  ( -1.000000000000000000, 0.000000000000000000, 0.000000000000000000 ) ) ;
#1061 = SURFACE_SIDE_STYLE ('',( #483 ) ) ;
#1062 = SURFACE_SIDE_STYLE ('',( #1167 ) ) ;
#1063 =( NAMED_UNIT ( * ) SI_UNIT ( $, .STERADIAN. ) SOLID_ANGLE_UNIT ( ) );
#1064 = FACE_OUTER_BOUND ( 'NONE', #1186, .T. ) ;
#1065 = AXIS2_PLACEMENT_3D ( 'NONE', #1201, #943, #919 ) ;
#1066 = FILL_AREA_STYLE_COLOUR ( '', #216 ) ;
#1067 = CARTESIAN_POINT ( 'NONE',  ( 0.1000000000000000472, -0.8373171442171719603, -0.2500000000000000000 ) ) ;
#1068 = ORIENTED_EDGE ( 'NONE', *, *, #924, .F. ) ;
#1069 = ORIENTED_EDGE ( 'NONE', *, *, #1409, .F. ) ;
#1070 =( LENGTH_UNIT ( ) NAMED_UNIT ( * ) SI_UNIT ( .MILLI., .METRE. ) );
#1071 = DIRECTION ( 'NONE',  ( -0.000000000000000000, -0.000000000000000000, -1.000000000000000000 ) ) ;
#1072 = CYLINDRICAL_SURFACE ( 'NONE', #1082, 0.4999999999999995559 ) ;
#1073 = PRESENTATION_STYLE_ASSIGNMENT (( #1209 ) ) ;
#1074 = SURFACE_SIDE_STYLE ('',( #740 ) ) ;
#1075 = PRESENTATION_STYLE_ASSIGNMENT (( #554 ) ) ;
#1076 = CYLINDRICAL_SURFACE ( 'NONE', #607, 6.575660735194312601 ) ;
#1077 = FILL_AREA_STYLE_COLOUR ( '', #1360 ) ;
#1078 = DIRECTION ( 'NONE',  ( -0.000000000000000000, -0.000000000000000000, -1.000000000000000000 ) ) ;
#1079 = ORIENTED_EDGE ( 'NONE', *, *, #1126, .T. ) ;
#1080 = AXIS2_PLACEMENT_3D ( 'NONE', #1514, #2, #1395 ) ;
#1081 = CARTESIAN_POINT ( 'NONE',  ( -2.633574012414093612, -3.500000000000000000, -0.2500000000000000000 ) ) ;
#1082 = AXIS2_PLACEMENT_3D ( 'NONE', #1228, #1361, #239 ) ;
#1083 = CARTESIAN_POINT ( 'NONE',  ( 9.184850993605144740E-17, 0.000000000000000000, -0.7499999999999995559 ) ) ;
#1084 = VERTEX_POINT ( 'NONE', #131 ) ;
#1085 = EDGE_CURVE ( 'NONE', #588, #1480, #975, .T. ) ;
#1086 = DIRECTION ( 'NONE',  ( 0.000000000000000000, 0.000000000000000000, 1.000000000000000000 ) ) ;
#1087 = CARTESIAN_POINT ( 'NONE',  ( 2.633574012414093612, -3.500000000000000000, 0.2500000000000000000 ) ) ;
#1088 = MECHANICAL_DESIGN_GEOMETRIC_PRESENTATION_REPRESENTATION (  '', ( #1524 ), #582 ) ;
#1089 = VERTEX_POINT ( 'NONE', #1391 ) ;
#1090 = AXIS2_PLACEMENT_3D ( 'NONE', #709, #824, #961 ) ;
#1091 = ORIENTED_EDGE ( 'NONE', *, *, #947, .T. ) ;
#1092 = CARTESIAN_POINT ( 'NONE',  ( 0.1000000000000000472, -0.8373171442171719603, 0.2500000000000000000 ) ) ;
#1093 = COLOUR_RGB ( '',1.000000000000000000, 1.000000000000000000, 1.000000000000000000 ) ;
#1094 = EDGE_LOOP ( 'NONE', ( #1169, #1053, #1319, #685 ) ) ;
#1095 = VECTOR ( 'NONE', #413, 1000.000000000000000 ) ;
#1096 = CARTESIAN_POINT ( 'NONE',  ( -0.3641975370173031745, -6.799999999999999822, -0.7499999999999995559 ) ) ;
#1097 = SURFACE_STYLE_FILL_AREA ( #95 ) ;
#1098 =( LENGTH_UNIT ( ) NAMED_UNIT ( * ) SI_UNIT ( .MILLI., .METRE. ) );
#1099 = ORIENTED_EDGE ( 'NONE', *, *, #584, .T. ) ;
#1100 = CARTESIAN_POINT ( 'NONE',  ( -0.7100000000000000755, 0.000000000000000000, 0.2500000000000000000 ) ) ;
#1101 = DIRECTION ( 'NONE',  ( 1.000000000000000000, 0.000000000000000000, 0.000000000000000000 ) ) ;
#1102 = ORIENTED_EDGE ( 'NONE', *, *, #1475, .F. ) ;
#1103 = AXIS2_PLACEMENT_3D ( 'NONE', #571, #435, #1329 ) ;
#1104 = CARTESIAN_POINT ( 'NONE',  ( -2.633574012414093612, -3.500000000000000000, -0.2500000000000000000 ) ) ;
#1105 = DIRECTION ( 'NONE',  ( 0.000000000000000000, 0.000000000000000000, 1.000000000000000000 ) ) ;
#1106 =( LENGTH_UNIT ( ) NAMED_UNIT ( * ) SI_UNIT ( .MILLI., .METRE. ) );
#1107 = SURFACE_STYLE_USAGE ( .BOTH. , #979 ) ;
#1108 = DIRECTION ( 'NONE',  ( -0.000000000000000000, -0.000000000000000000, -1.000000000000000000 ) ) ;
#1109 = PLANE ( 'NONE',  #784 ) ;
#1110 = UNCERTAINTY_MEASURE_WITH_UNIT (LENGTH_MEASURE( 1.000000000000000082E-05 ), #1553, 'distance_accuracy_value', 'NONE');
#1111 = VERTEX_POINT ( 'NONE', #504 ) ;
#1112 = ORIENTED_EDGE ( 'NONE', *, *, #1043, .T. ) ;
#1113 = AXIS2_PLACEMENT_3D ( 'NONE', #922, #1192, #1327 ) ;
#1114 =( LENGTH_UNIT ( ) NAMED_UNIT ( * ) SI_UNIT ( .MILLI., .METRE. ) );
#1115 = DIRECTION ( 'NONE',  ( 1.000000000000000000, 0.000000000000000000, 0.000000000000000000 ) ) ;
#1116 = SURFACE_STYLE_USAGE ( .BOTH. , #247 ) ;
#1117 = EDGE_CURVE ( 'NONE', #1406, #1646, #602, .T. ) ;
#1118 = SURFACE_STYLE_FILL_AREA ( #1230 ) ;
#1119 = PRESENTATION_STYLE_ASSIGNMENT (( #737 ) ) ;
#1120 = LINE ( 'NONE', #1478, #1471 ) ;
#1121 = LINE ( 'NONE', #863, #978 ) ;
#1122 = SURFACE_STYLE_FILL_AREA ( #157 ) ;
#1123 = DIRECTION ( 'NONE',  ( -0.000000000000000000, -0.000000000000000000, -1.000000000000000000 ) ) ;
#1124 = VERTEX_POINT ( 'NONE', #612 ) ;
#1125 = PRODUCT_RELATED_PRODUCT_CATEGORY ( 'part', '', ( #713 ) ) ;
#1126 = EDGE_CURVE ( 'NONE', #1304, #429, #1401, .T. ) ;
#1127 = PRESENTATION_LAYER_ASSIGNMENT (  '', '', ( #1031 ) ) ;
#1128 = CARTESIAN_POINT ( 'NONE',  ( 0.3000000000000000444, -0.8373171442171719603, 0.2500000000000000000 ) ) ;
#1129 = DIRECTION ( 'NONE',  ( 0.000000000000000000, 0.000000000000000000, 1.000000000000000000 ) ) ;
#1130 = ORIENTED_EDGE ( 'NONE', *, *, #850, .F. ) ;
#1131 = UNCERTAINTY_MEASURE_WITH_UNIT (LENGTH_MEASURE( 1.000000000000000082E-05 ), #343, 'distance_accuracy_value', 'NONE');
#1132 = PRESENTATION_LAYER_ASSIGNMENT (  '', '', ( #268 ) ) ;
#1133 = FACE_OUTER_BOUND ( 'NONE', #662, .T. ) ;
#1134 = CYLINDRICAL_SURFACE ( 'NONE', #882, 6.375660735194311535 ) ;
#1135 = EDGE_CURVE ( 'NONE', #724, #111, #1272, .T. ) ;
#1136 = ORIENTED_EDGE ( 'NONE', *, *, #769, .T. ) ;
#1137 = CIRCLE ( 'NONE', #115, 0.7100000000000000755 ) ;
#1138 = ADVANCED_FACE ( 'NONE', ( #391 ), #244, .T. ) ;
#1139 = ORIENTED_EDGE ( 'NONE', *, *, #1263, .F. ) ;
#1140 = ADVANCED_FACE ( 'NONE', ( #1364 ), #1566, .F. ) ;
#1141 = ORIENTED_EDGE ( 'NONE', *, *, #252, .F. ) ;
#1142 = DIRECTION ( 'NONE',  ( -1.000000000000000000, 0.000000000000000000, 0.000000000000000000 ) ) ;
#1143 = CARTESIAN_POINT ( 'NONE',  ( 0.000000000000000000, -3.899999999999999911, 0.000000000000000000 ) ) ;
#1144 = STYLED_ITEM ( 'NONE', ( #1199 ), #763 ) ;
#1145 = FILL_AREA_STYLE ('',( #1291 ) ) ;
#1146 = FILL_AREA_STYLE ('',( #143 ) ) ;
#1147 =( NAMED_UNIT ( * ) PLANE_ANGLE_UNIT ( ) SI_UNIT ( $, .RADIAN. ) );
#1148 = PRESENTATION_STYLE_ASSIGNMENT (( #1281 ) ) ;
#1149 = CARTESIAN_POINT ( 'NONE',  ( 0.000000000000000000, 0.000000000000000000, 0.2500000000000000000 ) ) ;
#1150 = ADVANCED_FACE ( 'NONE', ( #927 ), #482, .T. ) ;
#1151 = PRESENTATION_LAYER_ASSIGNMENT (  '', '', ( #585 ) ) ;
#1152 = CARTESIAN_POINT ( 'NONE',  ( 2.633574012414093612, -3.500000000000000000, -0.2500000000000000000 ) ) ;
#1153 = SURFACE_STYLE_FILL_AREA ( #839 ) ;
#1154 = LINE ( 'NONE', #1083, #1249 ) ;
#1155 = ADVANCED_FACE ( 'NONE', ( #67 ), #786, .T. ) ;
#1156 = CIRCLE ( 'NONE', #1608, 0.7100000000000000755 ) ;
#1157 = CARTESIAN_POINT ( 'NONE',  ( -0.3550047850898194746, -4.003676431556285387, 0.2500000000000000000 ) ) ;
#1158 = ORIENTED_EDGE ( 'NONE', *, *, #389, .F. ) ;
#1159 = DIRECTION ( 'NONE',  ( -1.000000000000000000, 0.000000000000000000, 0.000000000000000000 ) ) ;
#1160 = ADVANCED_FACE ( 'NONE', ( #173 ), #321, .F. ) ;
#1161 = CARTESIAN_POINT ( 'NONE',  ( -0.3000000000000000444, -0.8373171442171719603, 0.2500000000000000000 ) ) ;
#1162 = DIRECTION ( 'NONE',  ( -0.000000000000000000, -0.000000000000000000, -1.000000000000000000 ) ) ;
#1163 =( GEOMETRIC_REPRESENTATION_CONTEXT ( 3 ) GLOBAL_UNCERTAINTY_ASSIGNED_CONTEXT ( ( #190 ) ) GLOBAL_UNIT_ASSIGNED_CONTEXT ( ( #765, #283, #1427 ) ) REPRESENTATION_CONTEXT ( 'NONE', 'WORKASPACE' ) );
#1164 = DIRECTION ( 'NONE',  ( -0.000000000000000000, -0.000000000000000000, -1.000000000000000000 ) ) ;
#1165 = AXIS2_PLACEMENT_3D ( 'NONE', #810, #575, #1220 ) ;
#1166 = EDGE_CURVE ( 'NONE', #1406, #322, #1485, .T. ) ;
#1167 = SURFACE_STYLE_FILL_AREA ( #1206 ) ;
#1168 = ADVANCED_FACE ( 'NONE', ( #179 ), #560, .F. ) ;
#1169 = ORIENTED_EDGE ( 'NONE', *, *, #234, .T. ) ;
#1170 = DIRECTION ( 'NONE',  ( -0.000000000000000000, -0.000000000000000000, -1.000000000000000000 ) ) ;
#1171 =( NAMED_UNIT ( * ) SI_UNIT ( $, .STERADIAN. ) SOLID_ANGLE_UNIT ( ) );
#1172 = EDGE_LOOP ( 'NONE', ( #485, #209 ) ) ;
#1173 = CIRCLE ( 'NONE', #1180, 6.375660735194311535 ) ;
#1174 = CARTESIAN_POINT ( 'NONE',  ( 0.3550047850898211954, -4.003676431556288939, -0.2500000000000000000 ) ) ;
#1175 =( NAMED_UNIT ( * ) PLANE_ANGLE_UNIT ( ) SI_UNIT ( $, .RADIAN. ) );
#1176 = FACE_BOUND ( 'NONE', #548, .T. ) ;
#1177 = DIRECTION ( 'NONE',  ( -1.000000000000000000, 0.000000000000000000, 0.000000000000000000 ) ) ;
#1178 = MECHANICAL_DESIGN_GEOMETRIC_PRESENTATION_REPRESENTATION (  '', ( #233 ), #1293 ) ;
#1179 = ORIENTED_EDGE ( 'NONE', *, *, #947, .F. ) ;
#1180 = AXIS2_PLACEMENT_3D ( 'NONE', #457, #1108, #1219 ) ;
#1181 = DIRECTION ( 'NONE',  ( 1.000000000000000000, 0.000000000000000000, 0.000000000000000000 ) ) ;
#1182 = SURFACE_STYLE_FILL_AREA ( #1283 ) ;
#1183 = ORIENTED_EDGE ( 'NONE', *, *, #1117, .T. ) ;
#1184 = ORIENTED_EDGE ( 'NONE', *, *, #1212, .F. ) ;
#1185 = CARTESIAN_POINT ( 'NONE',  ( -2.633574012414093612, -3.500000000000000000, 0.2500000000000000000 ) ) ;
#1186 = EDGE_LOOP ( 'NONE', ( #1392, #981, #1362, #329 ) ) ;
#1187 = CARTESIAN_POINT ( 'NONE',  ( 6.065660735194311926, -5.422960892476885952, -0.2500000000000000000 ) ) ;
#1188 = UNCERTAINTY_MEASURE_WITH_UNIT (LENGTH_MEASURE( 1.000000000000000082E-05 ), #170, 'distance_accuracy_value', 'NONE');
#1189 = SURFACE_STYLE_USAGE ( .BOTH. , #954 ) ;
#1190 = DIRECTION ( 'NONE',  ( 1.000000000000000000, 0.000000000000000000, 0.000000000000000000 ) ) ;
#1191 = AXIS2_PLACEMENT_3D ( 'NONE', #1634, #1459, #1593 ) ;
#1192 = DIRECTION ( 'NONE',  ( -0.000000000000000000, -0.000000000000000000, -1.000000000000000000 ) ) ;
#1193 = DIRECTION ( 'NONE',  ( 0.000000000000000000, 0.000000000000000000, 1.000000000000000000 ) ) ;
#1194 =( LENGTH_UNIT ( ) NAMED_UNIT ( * ) SI_UNIT ( .MILLI., .METRE. ) );
#1195 = FILL_AREA_STYLE_COLOUR ( '', #297 ) ;
#1196 = SURFACE_SIDE_STYLE ('',( #454 ) ) ;
#1197 = DIRECTION ( 'NONE',  ( 0.000000000000000000, 0.000000000000000000, 1.000000000000000000 ) ) ;
#1198 = PRESENTATION_STYLE_ASSIGNMENT (( #1617 ) ) ;
#1199 = PRESENTATION_STYLE_ASSIGNMENT (( #229 ) ) ;
#1200 = DIRECTION ( 'NONE',  ( 0.000000000000000000, -1.000000000000000000, 0.000000000000000000 ) ) ;
#1201 = CARTESIAN_POINT ( 'NONE',  ( -0.6500000000000001332, -0.8373171442171719603, 0.2500000000000000000 ) ) ;
#1202 = AXIS2_PLACEMENT_3D ( 'NONE', #557, #1569, #791 ) ;
#1203 =( LENGTH_UNIT ( ) NAMED_UNIT ( * ) SI_UNIT ( .MILLI., .METRE. ) );
#1204 = EDGE_CURVE ( 'NONE', #1574, #627, #23, .T. ) ;
#1205 = EDGE_LOOP ( 'NONE', ( #536, #795, #1584, #1399 ) ) ;
#1206 = FILL_AREA_STYLE ('',( #1077 ) ) ;
#1207 = ORIENTED_EDGE ( 'NONE', *, *, #1488, .F. ) ;
#1208 = PRESENTATION_STYLE_ASSIGNMENT (( #1594 ) ) ;
#1209 = SURFACE_STYLE_USAGE ( .BOTH. , #1074 ) ;
#1210 = MECHANICAL_DESIGN_GEOMETRIC_PRESENTATION_REPRESENTATION (  '', ( #1282 ), #1262 ) ;
#1211 = VECTOR ( 'NONE', #1554, 1000.000000000000000 ) ;
#1212 = EDGE_CURVE ( 'NONE', #1268, #138, #466, .T. ) ;
#1213 = DIRECTION ( 'NONE',  ( -0.000000000000000000, 1.000000000000000000, -0.000000000000000000 ) ) ;
#1214 = SURFACE_STYLE_FILL_AREA ( #61 ) ;
#1215 = ORIENTED_EDGE ( 'NONE', *, *, #865, .F. ) ;
#1216 = VERTEX_POINT ( 'NONE', #626 ) ;
#1217 = COLOUR_RGB ( '',1.000000000000000000, 1.000000000000000000, 1.000000000000000000 ) ;
#1218 = UNCERTAINTY_MEASURE_WITH_UNIT (LENGTH_MEASURE( 1.000000000000000082E-05 ), #1640, 'distance_accuracy_value', 'NONE');
#1219 = DIRECTION ( 'NONE',  ( 1.000000000000000000, 0.000000000000000000, 0.000000000000000000 ) ) ;
#1220 = DIRECTION ( 'NONE',  ( -0.000000000000000000, 0.000000000000000000, -1.000000000000000000 ) ) ;
#1221 = CIRCLE ( 'NONE', #302, 6.375660735194311535 ) ;
#1222 = ORIENTED_EDGE ( 'NONE', *, *, #1126, .F. ) ;
#1223 = CIRCLE ( 'NONE', #595, 0.3500000000000000333 ) ;
#1224 = EDGE_LOOP ( 'NONE', ( #91, #451, #420, #226 ) ) ;
#1225 =( GEOMETRIC_REPRESENTATION_CONTEXT ( 3 ) GLOBAL_UNCERTAINTY_ASSIGNED_CONTEXT ( ( #720 ) ) GLOBAL_UNIT_ASSIGNED_CONTEXT ( ( #38, #778, #916 ) ) REPRESENTATION_CONTEXT ( 'NONE', 'WORKASPACE' ) );
#1226 = DIRECTION ( 'NONE',  ( 1.000000000000000000, 0.000000000000000000, 0.000000000000000000 ) ) ;
#1227 = EDGE_CURVE ( 'NONE', #183, #414, #1121, .T. ) ;
#1228 = CARTESIAN_POINT ( 'NONE',  ( 0.000000000000000000, 0.000000000000000000, 0.000000000000000000 ) ) ;
#1229 =( LENGTH_UNIT ( ) NAMED_UNIT ( * ) SI_UNIT ( .MILLI., .METRE. ) );
#1230 = FILL_AREA_STYLE ('',( #832 ) ) ;
#1231 = FILL_AREA_STYLE ('',( #710 ) ) ;
#1232 = CIRCLE ( 'NONE', #1476, 0.5100000000000001199 ) ;
#1233 = CARTESIAN_POINT ( 'NONE',  ( -2.633574012414093612, -3.500000000000000000, 0.2500000000000000000 ) ) ;
#1234 = AXIS2_PLACEMENT_3D ( 'NONE', #777, #783, #295 ) ;
#1235 = CYLINDRICAL_SURFACE ( 'NONE', #971, 0.5100000000000001199 ) ;
#1236 = ORIENTED_EDGE ( 'NONE', *, *, #769, .F. ) ;
#1237 = EDGE_CURVE ( 'NONE', #498, #1216, #1370, .T. ) ;
#1238 = AXIS2_PLACEMENT_3D ( 'NONE', #570, #80, #962 ) ;
#1239 = FILL_AREA_STYLE ('',( #238 ) ) ;
#1240 = PLANE ( 'NONE',  #251 ) ;
#1241 = VERTEX_POINT ( 'NONE', #1128 ) ;
#1242 = DIRECTION ( 'NONE',  ( 0.000000000000000000, -1.000000000000000000, 0.000000000000000000 ) ) ;
#1243 = PRESENTATION_STYLE_ASSIGNMENT (( #422 ) ) ;
#1244 = CYLINDRICAL_SURFACE ( 'NONE', #1613, 0.5100000000000001199 ) ;
#1245 = VECTOR ( 'NONE', #1631, 1000.000000000000000 ) ;
#1246 =( LENGTH_UNIT ( ) NAMED_UNIT ( * ) SI_UNIT ( .MILLI., .METRE. ) );
#1247 = DIRECTION ( 'NONE',  ( -0.000000000000000000, 1.000000000000000000, -0.000000000000000000 ) ) ;
#1248 = SURFACE_STYLE_FILL_AREA ( #127 ) ;
#1249 = VECTOR ( 'NONE', #1337, 1000.000000000000000 ) ;
#1250 = SURFACE_SIDE_STYLE ('',( #1275 ) ) ;
#1251 = ORIENTED_EDGE ( 'NONE', *, *, #1325, .F. ) ;
#1252 = AXIS2_PLACEMENT_3D ( 'NONE', #331, #62, #1464 ) ;
#1253 = FILL_AREA_STYLE_COLOUR ( '', #428 ) ;
#1254 = DIRECTION ( 'NONE',  ( 0.000000000000000000, -1.000000000000000000, 0.000000000000000000 ) ) ;
#1255 = ORIENTED_EDGE ( 'NONE', *, *, #509, .T. ) ;
#1256 = STYLED_ITEM ( 'NONE', ( #205 ), #1371 ) ;
#1257 = MECHANICAL_DESIGN_GEOMETRIC_PRESENTATION_REPRESENTATION (  '', ( #990 ), #1347 ) ;
#1258 = EDGE_CURVE ( 'NONE', #698, #588, #1156, .T. ) ;
#1259 = COLOUR_RGB ( '',1.000000000000000000, 1.000000000000000000, 1.000000000000000000 ) ;
#1260 = CIRCLE ( 'NONE', #387, 2.533574012414093524 ) ;
#1261 = ORIENTED_EDGE ( 'NONE', *, *, #1166, .F. ) ;
#1262 =( GEOMETRIC_REPRESENTATION_CONTEXT ( 3 ) GLOBAL_UNCERTAINTY_ASSIGNED_CONTEXT ( ( #215 ) ) GLOBAL_UNIT_ASSIGNED_CONTEXT ( ( #330, #1333, #934 ) ) REPRESENTATION_CONTEXT ( 'NONE', 'WORKASPACE' ) );
#1263 = EDGE_CURVE ( 'NONE', #1652, #538, #90, .T. ) ;
#1264 = AXIS2_PLACEMENT_3D ( 'NONE', #1635, #1086, #1226 ) ;
#1265 = CIRCLE ( 'NONE', #1065, 0.5500000000000000444 ) ;
#1266 = DIRECTION ( 'NONE',  ( -0.000000000000000000, -0.000000000000000000, -1.000000000000000000 ) ) ;
#1267 = SURFACE_SIDE_STYLE ('',( #378 ) ) ;
#1268 = VERTEX_POINT ( 'NONE', #614 ) ;
#1269 = ADVANCED_FACE ( 'NONE', ( #1011 ), #145, .F. ) ;
#1270 = ORIENTED_EDGE ( 'NONE', *, *, #1204, .T. ) ;
#1271 = STYLED_ITEM ( 'NONE', ( #1051 ), #1289 ) ;
#1272 = CIRCLE ( 'NONE', #572, 0.3500000000000000888 ) ;
#1273 = SURFACE_SIDE_STYLE ('',( #345 ) ) ;
#1274 = FILL_AREA_STYLE_COLOUR ( '', #1259 ) ;
#1275 = SURFACE_STYLE_FILL_AREA ( #370 ) ;
#1276 = DIRECTION ( 'NONE',  ( -0.000000000000000000, -0.000000000000000000, -1.000000000000000000 ) ) ;
#1277 = VECTOR ( 'NONE', #426, 1000.000000000000000 ) ;
#1278 =( NAMED_UNIT ( * ) PLANE_ANGLE_UNIT ( ) SI_UNIT ( $, .RADIAN. ) );
#1279 = CARTESIAN_POINT ( 'NONE',  ( 0.000000000000000000, -0.5999999999999998668, 0.000000000000000000 ) ) ;
#1280 = EDGE_LOOP ( 'NONE', ( #1404, #718, #469, #230 ) ) ;
#1281 = SURFACE_STYLE_USAGE ( .BOTH. , #136 ) ;
#1282 = STYLED_ITEM ( 'NONE', ( #671 ), #1532 ) ;
#1283 = FILL_AREA_STYLE ('',( #291 ) ) ;
#1284 = FILL_AREA_STYLE_COLOUR ( '', #544 ) ;
#1285 = PRESENTATION_LAYER_ASSIGNMENT (  '', '', ( #65 ) ) ;
#1286 = EDGE_CURVE ( 'NONE', #1480, #724, #522, .T. ) ;
#1287 = DIRECTION ( 'NONE',  ( -0.000000000000000000, 1.000000000000000000, -0.000000000000000000 ) ) ;
#1288 = DIRECTION ( 'NONE',  ( 0.000000000000000000, 0.000000000000000000, 1.000000000000000000 ) ) ;
#1289 = ADVANCED_FACE ( 'NONE', ( #1029 ), #301, .F. ) ;
#1290 = DIRECTION ( 'NONE',  ( -0.000000000000000000, 1.000000000000000000, -0.000000000000000000 ) ) ;
#1291 = FILL_AREA_STYLE_COLOUR ( '', #195 ) ;
#1292 = EDGE_LOOP ( 'NONE', ( #421, #1236, #494, #526 ) ) ;
#1293 =( GEOMETRIC_REPRESENTATION_CONTEXT ( 3 ) GLOBAL_UNCERTAINTY_ASSIGNED_CONTEXT ( ( #294 ) ) GLOBAL_UNIT_ASSIGNED_CONTEXT ( ( #400, #406, #148 ) ) REPRESENTATION_CONTEXT ( 'NONE', 'WORKASPACE' ) );
#1294 = EDGE_CURVE ( 'NONE', #1430, #831, #484, .T. ) ;
#1295 = STYLED_ITEM ( 'NONE', ( #380 ), #512 ) ;
#1296 =( NAMED_UNIT ( * ) SI_UNIT ( $, .STERADIAN. ) SOLID_ANGLE_UNIT ( ) );
#1297 = LINE ( 'NONE', #249, #1245 ) ;
#1298 = VECTOR ( 'NONE', #950, 1000.000000000000114 ) ;
#1299 = ADVANCED_FACE ( 'NONE', ( #1506 ), #1389, .T. ) ;
#1300 = CARTESIAN_POINT ( 'NONE',  ( 0.000000000000000000, 0.000000000000000000, 0.2500000000000000000 ) ) ;
#1301 = ORIENTED_EDGE ( 'NONE', *, *, #252, .T. ) ;
#1302 = CIRCLE ( 'NONE', #493, 0.7499999999999995559 ) ;
#1303 = FILL_AREA_STYLE ('',( #49 ) ) ;
#1304 = VERTEX_POINT ( 'NONE', #535 ) ;
#1305 = ORIENTED_EDGE ( 'NONE', *, *, #1237, .T. ) ;
#1306 = SURFACE_STYLE_USAGE ( .BOTH. , #1061 ) ;
#1307 = DIRECTION ( 'NONE',  ( -0.000000000000000000, -0.000000000000000000, -1.000000000000000000 ) ) ;
#1308 = EDGE_LOOP ( 'NONE', ( #320, #760, #1069, #790 ) ) ;
#1309 = CARTESIAN_POINT ( 'NONE',  ( 0.000000000000000000, 0.000000000000000000, 0.2500000000000000000 ) ) ;
#1310 = PRESENTATION_LAYER_ASSIGNMENT (  '', '', ( #382 ) ) ;
#1311 = DIRECTION ( 'NONE',  ( 1.000000000000000000, 0.000000000000000000, 0.000000000000000000 ) ) ;
#1312 = UNCERTAINTY_MEASURE_WITH_UNIT (LENGTH_MEASURE( 1.000000000000000082E-05 ), #1412, 'distance_accuracy_value', 'NONE');
#1313 = CIRCLE ( 'NONE', #913, 0.7100000000000000755 ) ;
#1314 = EDGE_CURVE ( 'NONE', #502, #138, #1221, .T. ) ;
#1315 = CARTESIAN_POINT ( 'NONE',  ( -1.858306771469358631, -7.119983234411829898, 0.2500000000000000000 ) ) ;
#1316 =( NAMED_UNIT ( * ) PLANE_ANGLE_UNIT ( ) SI_UNIT ( $, .RADIAN. ) );
#1317 = EDGE_LOOP ( 'NONE', ( #951, #1261, #273, #830 ) ) ;
#1318 = CARTESIAN_POINT ( 'NONE',  ( -0.6500000000000001332, -0.8373171442171719603, 0.2500000000000000000 ) ) ;
#1319 = ORIENTED_EDGE ( 'NONE', *, *, #1117, .F. ) ;
#1320 = FILL_AREA_STYLE_COLOUR ( '', #228 ) ;
#1321 = FILL_AREA_STYLE ('',( #549 ) ) ;
#1322 = PRESENTATION_LAYER_ASSIGNMENT (  '', '', ( #1524 ) ) ;
#1323 = SURFACE_STYLE_USAGE ( .BOTH. , #433 ) ;
#1324 = LINE ( 'NONE', #511, #758 ) ;
#1325 = EDGE_CURVE ( 'NONE', #1241, #547, #1568, .T. ) ;
#1326 = STYLED_ITEM ( 'NONE', ( #22 ), #891 ) ;
#1327 = DIRECTION ( 'NONE',  ( -1.000000000000000000, 0.000000000000000000, 0.000000000000000000 ) ) ;
#1328 = DIRECTION ( 'NONE',  ( 0.000000000000000000, 0.000000000000000000, 1.000000000000000000 ) ) ;
#1329 = DIRECTION ( 'NONE',  ( 0.000000000000000000, 0.000000000000000000, 1.000000000000000000 ) ) ;
#1330 = VERTEX_POINT ( 'NONE', #1174 ) ;
#1331 = CARTESIAN_POINT ( 'NONE',  ( 0.000000000000000000, 0.000000000000000000, -0.2500000000000000000 ) ) ;
#1332 = FILL_AREA_STYLE_COLOUR ( '', #641 ) ;
#1333 =( NAMED_UNIT ( * ) PLANE_ANGLE_UNIT ( ) SI_UNIT ( $, .RADIAN. ) );
#1334 = EDGE_CURVE ( 'NONE', #429, #1330, #149, .T. ) ;
#1335 = MECHANICAL_DESIGN_GEOMETRIC_PRESENTATION_REPRESENTATION (  '', ( #1443 ), #1421 ) ;
#1336 = FILL_AREA_STYLE_COLOUR ( '', #211 ) ;
#1337 = DIRECTION ( 'NONE',  ( -0.000000000000000000, 1.000000000000000000, -0.000000000000000000 ) ) ;
#1338 = FILL_AREA_STYLE_COLOUR ( '', #534 ) ;
#1339 = PLANE ( 'NONE',  #776 ) ;
#1340 = SURFACE_STYLE_FILL_AREA ( #605 ) ;
#1341 = SURFACE_STYLE_USAGE ( .BOTH. , #1062 ) ;
#1342 = SURFACE_STYLE_FILL_AREA ( #1348 ) ;
#1343 = DIRECTION ( 'NONE',  ( -0.000000000000000000, -0.000000000000000000, -1.000000000000000000 ) ) ;
#1344 = UNCERTAINTY_MEASURE_WITH_UNIT (LENGTH_MEASURE( 1.000000000000000082E-05 ), #1070, 'distance_accuracy_value', 'NONE');
#1345 = STYLED_ITEM ( 'NONE', ( #500 ), #1405 ) ;
#1346 = CARTESIAN_POINT ( 'NONE',  ( 0.000000000000000000, 0.000000000000000000, 0.2500000000000000000 ) ) ;
#1347 =( GEOMETRIC_REPRESENTATION_CONTEXT ( 3 ) GLOBAL_UNCERTAINTY_ASSIGNED_CONTEXT ( ( #58 ) ) GLOBAL_UNIT_ASSIGNED_CONTEXT ( ( #847, #985, #123 ) ) REPRESENTATION_CONTEXT ( 'NONE', 'WORKASPACE' ) );
#1348 = FILL_AREA_STYLE ('',( #355 ) ) ;
#1349 = ORIENTED_EDGE ( 'NONE', *, *, #1085, .F. ) ;
#1350 = EDGE_CURVE ( 'NONE', #1562, #1446, #742, .T. ) ;
#1351 = ORIENTED_EDGE ( 'NONE', *, *, #151, .T. ) ;
#1352 = DIRECTION ( 'NONE',  ( -1.000000000000000000, 0.000000000000000000, 0.000000000000000000 ) ) ;
#1353 = CARTESIAN_POINT ( 'NONE',  ( 0.000000000000000000, 0.000000000000000000, -0.2500000000000000000 ) ) ;
#1354 = DIRECTION ( 'NONE',  ( 0.9778269486741711924, -0.2094145612094816533, 0.000000000000000000 ) ) ;
#1355 = AXIS2_PLACEMENT_3D ( 'NONE', #1625, #969, #1101 ) ;
#1356 = EDGE_CURVE ( 'NONE', #1562, #1004, #829, .T. ) ;
#1357 = MECHANICAL_DESIGN_GEOMETRIC_PRESENTATION_REPRESENTATION (  '', ( #16 ), #125 ) ;
#1358 = DIRECTION ( 'NONE',  ( -0.000000000000000000, 1.000000000000000000, -0.000000000000000000 ) ) ;
#1359 = PLANE ( 'NONE',  #1165 ) ;
#1360 = COLOUR_RGB ( '',1.000000000000000000, 1.000000000000000000, 1.000000000000000000 ) ;
#1361 = DIRECTION ( 'NONE',  ( -0.000000000000000000, 1.000000000000000000, -0.000000000000000000 ) ) ;
#1362 = ORIENTED_EDGE ( 'NONE', *, *, #528, .T. ) ;
#1363 = CARTESIAN_POINT ( 'NONE',  ( -0.7499999999999995559, -0.5999999999999998668, 0.000000000000000000 ) ) ;
#1364 = FACE_OUTER_BOUND ( 'NONE', #856, .T. ) ;
#1365 = DIRECTION ( 'NONE',  ( -1.000000000000000000, 0.000000000000000000, 0.000000000000000000 ) ) ;
#1366 = PRODUCT_DEFINITION_SHAPE ( 'NONE', 'NONE',  #796 ) ;
#1367 = VERTEX_POINT ( 'NONE', #530 ) ;
#1368 = LINE ( 'NONE', #405, #1095 ) ;
#1369 = DIRECTION ( 'NONE',  ( 1.000000000000000000, 0.000000000000000000, 0.000000000000000000 ) ) ;
#1370 = LINE ( 'NONE', #488, #1424 ) ;
#1371 = MANIFOLD_SOLID_BREP ( 'Cut-Extrude1', #1615 ) ;
#1372 = VERTEX_POINT ( 'NONE', #35 ) ;
#1373 = AXIS2_PLACEMENT_3D ( 'NONE', #144, #1022, #418 ) ;
#1374 = DIRECTION ( 'NONE',  ( -0.000000000000000000, -0.000000000000000000, -1.000000000000000000 ) ) ;
#1375 =( LENGTH_UNIT ( ) NAMED_UNIT ( * ) SI_UNIT ( .MILLI., .METRE. ) );
#1376 = ORIENTED_EDGE ( 'NONE', *, *, #840, .T. ) ;
#1377 =( NAMED_UNIT ( * ) SI_UNIT ( $, .STERADIAN. ) SOLID_ANGLE_UNIT ( ) );
#1378 = SURFACE_STYLE_USAGE ( .BOTH. , #1477 ) ;
#1379 = LINE ( 'NONE', #42, #1211 ) ;
#1380 =( GEOMETRIC_REPRESENTATION_CONTEXT ( 3 ) GLOBAL_UNCERTAINTY_ASSIGNED_CONTEXT ( ( #622 ) ) GLOBAL_UNIT_ASSIGNED_CONTEXT ( ( #77, #705, #352 ) ) REPRESENTATION_CONTEXT ( 'NONE', 'WORKASPACE' ) );
#1381 = SURFACE_SIDE_STYLE ('',( #1248 ) ) ;
#1382 = EDGE_CURVE ( 'NONE', #1241, #1653, #1223, .T. ) ;
#1383 = EDGE_LOOP ( 'NONE', ( #73, #373, #728, #1463 ) ) ;
#1384 = LINE ( 'NONE', #87, #200 ) ;
#1385 = SURFACE_STYLE_USAGE ( .BOTH. , #1381 ) ;
#1386 = VECTOR ( 'NONE', #926, 1000.000000000000000 ) ;
#1387 = ORIENTED_EDGE ( 'NONE', *, *, #1030, .F. ) ;
#1388 = SURFACE_STYLE_FILL_AREA ( #1510 ) ;
#1389 = CYLINDRICAL_SURFACE ( 'NONE', #27, 0.7499999999999995559 ) ;
#1390 = AXIS2_PLACEMENT_3D ( 'NONE', #1143, #520, #638 ) ;
#1391 = CARTESIAN_POINT ( 'NONE',  ( 0.7100000000000000755, 8.694992273946209472E-17, 0.2500000000000000000 ) ) ;
#1392 = ORIENTED_EDGE ( 'NONE', *, *, #815, .F. ) ;
#1393 = AXIS2_PLACEMENT_3D ( 'NONE', #1363, #966, #719 ) ;
#1394 = DIRECTION ( 'NONE',  ( 0.2094145612094816533, 0.9778269486741711924, 0.000000000000000000 ) ) ;
#1395 = DIRECTION ( 'NONE',  ( 0.000000000000000000, 0.000000000000000000, 1.000000000000000000 ) ) ;
#1396 = CIRCLE ( 'NONE', #983, 2.333574012414093790 ) ;
#1397 = ORIENTED_EDGE ( 'NONE', *, *, #898, .T. ) ;
#1398 =( GEOMETRIC_REPRESENTATION_CONTEXT ( 3 ) GLOBAL_UNCERTAINTY_ASSIGNED_CONTEXT ( ( #475 ) ) GLOBAL_UNIT_ASSIGNED_CONTEXT ( ( #757, #852, #112 ) ) REPRESENTATION_CONTEXT ( 'NONE', 'WORKASPACE' ) );
#1399 = ORIENTED_EDGE ( 'NONE', *, *, #551, .T. ) ;
#1400 = EDGE_CURVE ( 'NONE', #1646, #1372, #996, .T. ) ;
#1401 = CIRCLE ( 'NONE', #628, 6.575660735194312601 ) ;
#1402 = ORIENTED_EDGE ( 'NONE', *, *, #666, .T. ) ;
#1403 =( NAMED_UNIT ( * ) PLANE_ANGLE_UNIT ( ) SI_UNIT ( $, .RADIAN. ) );
#1404 = ORIENTED_EDGE ( 'NONE', *, *, #745, .T. ) ;
#1405 = ADVANCED_FACE ( 'NONE', ( #643 ), #1076, .T. ) ;
#1406 = VERTEX_POINT ( 'NONE', #902 ) ;
#1407 = PRESENTATION_LAYER_ASSIGNMENT (  '', '', ( #233 ) ) ;
#1408 = DIRECTION ( 'NONE',  ( 2.035920594393787855E-16, 1.000000000000000000, -0.000000000000000000 ) ) ;
#1409 = EDGE_CURVE ( 'NONE', #831, #1430, #1302, .T. ) ;
#1410 =( GEOMETRIC_REPRESENTATION_CONTEXT ( 3 ) GLOBAL_UNCERTAINTY_ASSIGNED_CONTEXT ( ( #1218 ) ) GLOBAL_UNIT_ASSIGNED_CONTEXT ( ( #1640, #313, #579 ) ) REPRESENTATION_CONTEXT ( 'NONE', 'WORKASPACE' ) );
#1411 = DIRECTION ( 'NONE',  ( -0.000000000000000000, 1.000000000000000000, -0.000000000000000000 ) ) ;
#1412 =( LENGTH_UNIT ( ) NAMED_UNIT ( * ) SI_UNIT ( .MILLI., .METRE. ) );
#1413 = CARTESIAN_POINT ( 'NONE',  ( -6.065660735194311926, -5.422960892476885952, 0.2500000000000000000 ) ) ;
#1414 = ADVANCED_FACE ( 'NONE', ( #1033 ), #167, .F. ) ;
#1415 = UNCERTAINTY_MEASURE_WITH_UNIT (LENGTH_MEASURE( 1.000000000000000082E-05 ), #449, 'distance_accuracy_value', 'NONE');
#1416 = DIRECTION ( 'NONE',  ( -1.000000000000000000, 0.000000000000000000, 0.000000000000000000 ) ) ;
#1417 = SHAPE_DEFINITION_REPRESENTATION ( #1366, #108 ) ;
#1418 =( NAMED_UNIT ( * ) PLANE_ANGLE_UNIT ( ) SI_UNIT ( $, .RADIAN. ) );
#1419 = ORIENTED_EDGE ( 'NONE', *, *, #1356, .T. ) ;
#1420 = ORIENTED_EDGE ( 'NONE', *, *, #29, .F. ) ;
#1421 =( GEOMETRIC_REPRESENTATION_CONTEXT ( 3 ) GLOBAL_UNCERTAINTY_ASSIGNED_CONTEXT ( ( #33 ) ) GLOBAL_UNIT_ASSIGNED_CONTEXT ( ( #569, #1473, #212 ) ) REPRESENTATION_CONTEXT ( 'NONE', 'WORKASPACE' ) );
#1422 = CARTESIAN_POINT ( 'NONE',  ( -0.3127358490566038984, -0.4028601354252431266, 0.2500000000000000000 ) ) ;
#1423 = SURFACE_STYLE_FILL_AREA ( #1303 ) ;
#1424 = VECTOR ( 'NONE', #497, 1000.000000000000000 ) ;
#1425 = VECTOR ( 'NONE', #237, 1000.000000000000000 ) ;
#1426 = SURFACE_STYLE_FILL_AREA ( #1457 ) ;
#1427 =( NAMED_UNIT ( * ) SI_UNIT ( $, .STERADIAN. ) SOLID_ANGLE_UNIT ( ) );
#1428 = ORIENTED_EDGE ( 'NONE', *, *, #1263, .T. ) ;
#1429 = FILL_AREA_STYLE ('',( #1195 ) ) ;
#1430 = VERTEX_POINT ( 'NONE', #21 ) ;
#1431 = MECHANICAL_DESIGN_GEOMETRIC_PRESENTATION_REPRESENTATION (  '', ( #337 ), #921 ) ;
#1432 = CARTESIAN_POINT ( 'NONE',  ( -0.5100000000000000089, -5.422960892476885952, 0.2500000000000000000 ) ) ;
#1433 =( GEOMETRIC_REPRESENTATION_CONTEXT ( 3 ) GLOBAL_UNCERTAINTY_ASSIGNED_CONTEXT ( ( #904 ) ) GLOBAL_UNIT_ASSIGNED_CONTEXT ( ( #1375, #473, #1620 ) ) REPRESENTATION_CONTEXT ( 'NONE', 'WORKASPACE' ) );
#1434 = EDGE_CURVE ( 'NONE', #348, #1330, #1571, .T. ) ;
#1435 = CARTESIAN_POINT ( 'NONE',  ( 6.065660735194311926, -5.422960892476885952, -0.2500000000000000000 ) ) ;
#1436 = DIRECTION ( 'NONE',  ( 0.000000000000000000, 0.000000000000000000, 1.000000000000000000 ) ) ;
#1437 = CARTESIAN_POINT ( 'NONE',  ( -0.1000000000000000472, -0.8373171442171719603, 0.2500000000000000000 ) ) ;
#1438 = ORIENTED_EDGE ( 'NONE', *, *, #409, .F. ) ;
#1439 = CARTESIAN_POINT ( 'NONE',  ( 0.000000000000000000, 0.000000000000000000, 0.2500000000000000000 ) ) ;
#1440 = SURFACE_STYLE_USAGE ( .BOTH. , #1036 ) ;
#1441 = ORIENTED_EDGE ( 'NONE', *, *, #124, .T. ) ;
#1442 = AXIS2_PLACEMENT_3D ( 'NONE', #857, #992, #492 ) ;
#1443 = STYLED_ITEM ( 'NONE', ( #1208 ), #392 ) ;
#1444 = DIRECTION ( 'NONE',  ( -1.000000000000000000, 0.000000000000000000, 0.000000000000000000 ) ) ;
#1445 = DIRECTION ( 'NONE',  ( -0.000000000000000000, -0.000000000000000000, -1.000000000000000000 ) ) ;
#1446 = VERTEX_POINT ( 'NONE', #1432 ) ;
#1447 = VECTOR ( 'NONE', #1408, 1000.000000000000000 ) ;
#1448 =( NAMED_UNIT ( * ) SI_UNIT ( $, .STERADIAN. ) SOLID_ANGLE_UNIT ( ) );
#1449 = ORIENTED_EDGE ( 'NONE', *, *, #1475, .T. ) ;
#1450 = ORIENTED_EDGE ( 'NONE', *, *, #74, .F. ) ;
#1451 = DIRECTION ( 'NONE',  ( -0.000000000000000000, -0.000000000000000000, -1.000000000000000000 ) ) ;
#1452 =( NAMED_UNIT ( * ) PLANE_ANGLE_UNIT ( ) SI_UNIT ( $, .RADIAN. ) );
#1453 = DIRECTION ( 'NONE',  ( 0.9778269486741711924, 0.2094145612094817643, 0.000000000000000000 ) ) ;
#1454 = DIRECTION ( 'NONE',  ( -0.000000000000000000, 0.000000000000000000, -1.000000000000000000 ) ) ;
#1455 = MECHANICAL_DESIGN_GEOMETRIC_PRESENTATION_REPRESENTATION (  '', ( #761 ), #1512 ) ;
#1456 = CARTESIAN_POINT ( 'NONE',  ( 0.000000000000000000, 0.000000000000000000, 0.2500000000000000000 ) ) ;
#1457 = FILL_AREA_STYLE ('',( #1320 ) ) ;
#1458 = CARTESIAN_POINT ( 'NONE',  ( 0.3641975370173036741, -6.799999999999999822, -0.2500000000000000000 ) ) ;
#1459 = DIRECTION ( 'NONE',  ( 1.000000000000000000, 0.000000000000000000, -0.000000000000000000 ) ) ;
#1460 =( NAMED_UNIT ( * ) PLANE_ANGLE_UNIT ( ) SI_UNIT ( $, .RADIAN. ) );
#1461 = DIRECTION ( 'NONE',  ( -0.000000000000000000, -0.000000000000000000, -1.000000000000000000 ) ) ;
#1462 = ORIENTED_EDGE ( 'NONE', *, *, #1434, .F. ) ;
#1463 = ORIENTED_EDGE ( 'NONE', *, *, #1227, .F. ) ;
#1464 = DIRECTION ( 'NONE',  ( 1.000000000000000000, 0.000000000000000000, 0.000000000000000000 ) ) ;
#1465 = DIRECTION ( 'NONE',  ( -0.000000000000000000, -0.000000000000000000, -1.000000000000000000 ) ) ;
#1466 = SURFACE_STYLE_FILL_AREA ( #1231 ) ;
#1467 = PRESENTATION_LAYER_ASSIGNMENT (  '', '', ( #1587 ) ) ;
#1468 = CARTESIAN_POINT ( 'NONE',  ( -3.177853329172121377, -6.041423005440312188, 0.2500000000000000000 ) ) ;
#1469 = EDGE_CURVE ( 'NONE', #946, #589, #1260, .T. ) ;
#1470 = SURFACE_STYLE_FILL_AREA ( #410 ) ;
#1471 = VECTOR ( 'NONE', #721, 1000.000000000000000 ) ;
#1472 = ORIENTED_EDGE ( 'NONE', *, *, #701, .F. ) ;
#1473 =( NAMED_UNIT ( * ) PLANE_ANGLE_UNIT ( ) SI_UNIT ( $, .RADIAN. ) );
#1474 = SURFACE_SIDE_STYLE ('',( #168 ) ) ;
#1475 = EDGE_CURVE ( 'NONE', #1642, #44, #907, .T. ) ;
#1476 = AXIS2_PLACEMENT_3D ( 'NONE', #1331, #812, #1054 ) ;
#1477 = SURFACE_SIDE_STYLE ('',( #818 ) ) ;
#1478 = CARTESIAN_POINT ( 'NONE',  ( 0.000000000000000000, 0.000000000000000000, 0.4999999999999995559 ) ) ;
#1479 = SURFACE_SIDE_STYLE ('',( #1118 ) ) ;
#1480 = VERTEX_POINT ( 'NONE', #514 ) ;
#1481 = CARTESIAN_POINT ( 'NONE',  ( -0.3550047850898194746, -4.003676431556285387, -0.2500000000000000000 ) ) ;
#1482 = CIRCLE ( 'NONE', #327, 0.5100000000000001199 ) ;
#1483 = PRESENTATION_LAYER_ASSIGNMENT (  '', '', ( #424 ) ) ;
#1484 = LINE ( 'NONE', #1037, #1447 ) ;
#1485 = LINE ( 'NONE', #1602, #994 ) ;
#1486 = DIRECTION ( 'NONE',  ( -0.000000000000000000, -0.000000000000000000, -1.000000000000000000 ) ) ;
#1487 = EDGE_LOOP ( 'NONE', ( #266, #1207, #255, #81 ) ) ;
#1488 = EDGE_CURVE ( 'NONE', #461, #296, #1523, .T. ) ;
#1489 = DIRECTION ( 'NONE',  ( -0.000000000000000000, -0.000000000000000000, -1.000000000000000000 ) ) ;
#1490 = UNCERTAINTY_MEASURE_WITH_UNIT (LENGTH_MEASURE( 1.000000000000000082E-05 ), #942, 'distance_accuracy_value', 'NONE');
#1491 = ORIENTED_EDGE ( 'NONE', *, *, #701, .T. ) ;
#1492 = FILL_AREA_STYLE_COLOUR ( '', #121 ) ;
#1493 = CARTESIAN_POINT ( 'NONE',  ( 0.3127358490566037874, -0.4028601354252432376, 0.2500000000000000000 ) ) ;
#1494 =( GEOMETRIC_REPRESENTATION_CONTEXT ( 3 ) GLOBAL_UNCERTAINTY_ASSIGNED_CONTEXT ( ( #1344 ) ) GLOBAL_UNIT_ASSIGNED_CONTEXT ( ( #1070, #335, #342 ) ) REPRESENTATION_CONTEXT ( 'NONE', 'WORKASPACE' ) );
#1495 = MECHANICAL_DESIGN_GEOMETRIC_PRESENTATION_REPRESENTATION (  '', ( #1326 ), #1433 ) ;
#1496 = APPLICATION_CONTEXT ( 'automotive_design' ) ;
#1497 = DIRECTION ( 'NONE',  ( 1.000000000000000000, 0.000000000000000000, 0.000000000000000000 ) ) ;
#1498 =( LENGTH_UNIT ( ) NAMED_UNIT ( * ) SI_UNIT ( .MILLI., .METRE. ) );
#1499 = CARTESIAN_POINT ( 'NONE',  ( -0.3000000000000000444, -3.500000000000000000, 0.2500000000000000000 ) ) ;
#1500 = CARTESIAN_POINT ( 'NONE',  ( 0.2999999999999999334, -3.499999999999999556, 0.2500000000000000000 ) ) ;
#1501 = SURFACE_STYLE_FILL_AREA ( #1145 ) ;
#1502 = DIRECTION ( 'NONE',  ( -1.000000000000000000, 0.000000000000000000, 0.000000000000000000 ) ) ;
#1503 = FACE_OUTER_BOUND ( 'NONE', #425, .T. ) ;
#1504 = VECTOR ( 'NONE', #1486, 1000.000000000000000 ) ;
#1505 = CIRCLE ( 'NONE', #1113, 0.3500000000000000333 ) ;
#1506 = FACE_OUTER_BOUND ( 'NONE', #1308, .T. ) ;
#1507 = PRESENTATION_LAYER_ASSIGNMENT (  '', '', ( #477 ) ) ;
#1508 = VECTOR ( 'NONE', #1618, 1000.000000000000000 ) ;
#1509 = ORIENTED_EDGE ( 'NONE', *, *, #963, .F. ) ;
#1510 = FILL_AREA_STYLE ('',( #474 ) ) ;
#1511 = LINE ( 'NONE', #788, #1040 ) ;
#1512 =( GEOMETRIC_REPRESENTATION_CONTEXT ( 3 ) GLOBAL_UNCERTAINTY_ASSIGNED_CONTEXT ( ( #383 ) ) GLOBAL_UNIT_ASSIGNED_CONTEXT ( ( #1015, #1418, #13 ) ) REPRESENTATION_CONTEXT ( 'NONE', 'WORKASPACE' ) );
#1513 =( GEOMETRIC_REPRESENTATION_CONTEXT ( 3 ) GLOBAL_UNCERTAINTY_ASSIGNED_CONTEXT ( ( #1003 ) ) GLOBAL_UNIT_ASSIGNED_CONTEXT ( ( #1106, #97, #611 ) ) REPRESENTATION_CONTEXT ( 'NONE', 'WORKASPACE' ) );
#1514 = CARTESIAN_POINT ( 'NONE',  ( 0.000000000000000000, -3.899999999999999911, 0.000000000000000000 ) ) ;
#1515 = CYLINDRICAL_SURFACE ( 'NONE', #702, 2.533574012414093524 ) ;
#1516 =( NAMED_UNIT ( * ) SI_UNIT ( $, .STERADIAN. ) SOLID_ANGLE_UNIT ( ) );
#1517 = PRESENTATION_LAYER_ASSIGNMENT (  '', '', ( #1577 ) ) ;
#1518 = UNCERTAINTY_MEASURE_WITH_UNIT (LENGTH_MEASURE( 1.000000000000000082E-05 ), #79, 'distance_accuracy_value', 'NONE');
#1519 = VERTEX_POINT ( 'NONE', #196 ) ;
#1520 = ORIENTED_EDGE ( 'NONE', *, *, #415, .F. ) ;
#1521 = FACE_OUTER_BOUND ( 'NONE', #1383, .T. ) ;
#1522 = ORIENTED_EDGE ( 'NONE', *, *, #598, .F. ) ;
#1523 = LINE ( 'NONE', #1422, #862 ) ;
#1524 = STYLED_ITEM ( 'NONE', ( #71 ), #1530 ) ;
#1525 = VERTEX_POINT ( 'NONE', #707 ) ;
#1526 = EDGE_LOOP ( 'NONE', ( #1102, #998, #774, #260 ) ) ;
#1527 = MECHANICAL_DESIGN_GEOMETRIC_PRESENTATION_REPRESENTATION (  '', ( #416 ), #735 ) ;
#1528 = DIRECTION ( 'NONE',  ( 0.000000000000000000, 0.000000000000000000, 1.000000000000000000 ) ) ;
#1529 = CARTESIAN_POINT ( 'NONE',  ( -0.1686321472824675316, -6.758117087758103381, 0.2500000000000000000 ) ) ;
#1530 = ADVANCED_FACE ( 'NONE', ( #225 ), #192, .F. ) ;
#1531 = CARTESIAN_POINT ( 'NONE',  ( -0.1000000000000000472, -0.8373171442171719603, 0.2500000000000000000 ) ) ;
#1532 = ADVANCED_FACE ( 'NONE', ( #1604 ), #1235, .F. ) ;
#1533 = DIRECTION ( 'NONE',  ( -0.000000000000000000, 1.000000000000000000, -0.000000000000000000 ) ) ;
#1534 = SURFACE_SIDE_STYLE ('',( #1182 ) ) ;
#1535 = AXIS2_PLACEMENT_3D ( 'NONE', #180, #1046, #314 ) ;
#1536 = EDGE_LOOP ( 'NONE', ( #1184, #580, #1387, #1130 ) ) ;
#1537 = SURFACE_SIDE_STYLE ('',( #279 ) ) ;
#1538 = ADVANCED_FACE ( 'NONE', ( #40 ), #1557, .T. ) ;
#1539 = PRESENTATION_STYLE_ASSIGNMENT (( #1440 ) ) ;
#1540 = CARTESIAN_POINT ( 'NONE',  ( 0.3000000000000000444, -0.8373171442171719603, -0.2500000000000000000 ) ) ;
#1541 = LINE ( 'NONE', #1315, #879 ) ;
#1542 = SURFACE_STYLE_USAGE ( .BOTH. , #18 ) ;
#1543 = CIRCLE ( 'NONE', #1238, 0.5100000000000001199 ) ;
#1544 = DIRECTION ( 'NONE',  ( 1.000000000000000000, 0.000000000000000000, 0.000000000000000000 ) ) ;
#1545 = EDGE_LOOP ( 'NONE', ( #1099, #1251, #781, #1270 ) ) ;
#1546 = SURFACE_STYLE_USAGE ( .BOTH. , #1534 ) ;
#1547 = CARTESIAN_POINT ( 'NONE',  ( -6.065660735194311926, -5.422960892476885952, -0.2500000000000000000 ) ) ;
#1548 = ADVANCED_FACE ( 'NONE', ( #754 ), #1581, .F. ) ;
#1549 = STYLED_ITEM ( 'NONE', ( #147 ), #881 ) ;
#1550 = EDGE_CURVE ( 'NONE', #1446, #674, #633, .T. ) ;
#1551 = DIRECTION ( 'NONE',  ( 1.000000000000000000, 0.000000000000000000, 0.000000000000000000 ) ) ;
#1552 = SURFACE_STYLE_USAGE ( .BOTH. , #281 ) ;
#1553 =( LENGTH_UNIT ( ) NAMED_UNIT ( * ) SI_UNIT ( .MILLI., .METRE. ) );
#1554 = DIRECTION ( 'NONE',  ( -0.000000000000000000, 1.000000000000000000, -0.000000000000000000 ) ) ;
#1555 =( LENGTH_UNIT ( ) NAMED_UNIT ( * ) SI_UNIT ( .MILLI., .METRE. ) );
#1556 = PRESENTATION_STYLE_ASSIGNMENT (( #1378 ) ) ;
#1557 = CYLINDRICAL_SURFACE ( 'NONE', #687, 0.7499999999999995559 ) ;
#1558 = ORIENTED_EDGE ( 'NONE', *, *, #102, .F. ) ;
#1559 = AXIS2_PLACEMENT_3D ( 'NONE', #1309, #1445, #56 ) ;
#1560 = CARTESIAN_POINT ( 'NONE',  ( -0.3000000000000000444, -3.500000000000000000, -0.2500000000000000000 ) ) ;
#1561 = FILL_AREA_STYLE_COLOUR ( '', #346 ) ;
#1562 = VERTEX_POINT ( 'NONE', #730 ) ;
#1563 = CIRCLE ( 'NONE', #851, 0.5100000000000001199 ) ;
#1564 =( NAMED_UNIT ( * ) SI_UNIT ( $, .STERADIAN. ) SOLID_ANGLE_UNIT ( ) );
#1565 = CIRCLE ( 'NONE', #408, 2.333574012414093790 ) ;
#1566 = PLANE ( 'NONE',  #741 ) ;
#1567 = FACE_OUTER_BOUND ( 'NONE', #616, .T. ) ;
#1568 = LINE ( 'NONE', #780, #7 ) ;
#1569 = DIRECTION ( 'NONE',  ( 0.000000000000000000, 0.000000000000000000, 1.000000000000000000 ) ) ;
#1570 = DIRECTION ( 'NONE',  ( 0.000000000000000000, 0.000000000000000000, 1.000000000000000000 ) ) ;
#1571 = CIRCLE ( 'NONE', #909, 6.575660735194312601 ) ;
#1572 = VERTEX_POINT ( 'NONE', #606 ) ;
#1573 = CARTESIAN_POINT ( 'NONE',  ( -0.3641975370173040072, -6.799999999999999822, 0.2500000000000000000 ) ) ;
#1574 = VERTEX_POINT ( 'NONE', #1500 ) ;
#1575 = PRESENTATION_LAYER_ASSIGNMENT (  '', '', ( #1271 ) ) ;
#1576 =( LENGTH_UNIT ( ) NAMED_UNIT ( * ) SI_UNIT ( .MILLI., .METRE. ) );
#1577 = STYLED_ITEM ( 'NONE', ( #1148 ), #8 ) ;
#1578 = DIRECTION ( 'NONE',  ( -0.000000000000000000, -0.000000000000000000, -1.000000000000000000 ) ) ;
#1579 = CIRCLE ( 'NONE', #103, 0.5500000000000000444 ) ;
#1580 =( NAMED_UNIT ( * ) SI_UNIT ( $, .STERADIAN. ) SOLID_ANGLE_UNIT ( ) );
#1581 = CYLINDRICAL_SURFACE ( 'NONE', #280, 6.375660735194311535 ) ;
#1582 = ORIENTED_EDGE ( 'NONE', *, *, #116, .F. ) ;
#1583 = DIRECTION ( 'NONE',  ( 1.000000000000000000, 0.000000000000000000, 0.000000000000000000 ) ) ;
#1584 = ORIENTED_EDGE ( 'NONE', *, *, #151, .F. ) ;
#1585 = PRESENTATION_LAYER_ASSIGNMENT (  '', '', ( #122 ) ) ;
#1586 = DIRECTION ( 'NONE',  ( -0.000000000000000000, -0.000000000000000000, -1.000000000000000000 ) ) ;
#1587 = STYLED_ITEM ( 'NONE', ( #1073 ), #873 ) ;
#1588 = COLOUR_RGB ( '',1.000000000000000000, 1.000000000000000000, 1.000000000000000000 ) ;
#1589 = LINE ( 'NONE', #397, #344 ) ;
#1590 = CIRCLE ( 'NONE', #813, 2.333574012414093790 ) ;
#1591 = CARTESIAN_POINT ( 'NONE',  ( 6.065660735194311926, -5.422960892476885952, 0.2500000000000000000 ) ) ;
#1592 = VECTOR ( 'NONE', #1170, 1000.000000000000000 ) ;
#1593 = DIRECTION ( 'NONE',  ( -0.000000000000000000, 0.000000000000000000, -1.000000000000000000 ) ) ;
#1594 = SURFACE_STYLE_USAGE ( .BOTH. , #802 ) ;
#1595 = COLOUR_RGB ( '',1.000000000000000000, 1.000000000000000000, 1.000000000000000000 ) ;
#1596 = CARTESIAN_POINT ( 'NONE',  ( 0.2999999999999999334, -3.499999999999999556, -0.2500000000000000000 ) ) ;
#1597 = EDGE_LOOP ( 'NONE', ( #661, #568, #1419, #911 ) ) ;
#1598 = EDGE_LOOP ( 'NONE', ( #47, #1215, #1014, #26 ) ) ;
#1599 = AXIS2_PLACEMENT_3D ( 'NONE', #188, #1578, #1060 ) ;
#1600 = CARTESIAN_POINT ( 'NONE',  ( 0.000000000000000000, -0.5999999999999998668, 0.7499999999999995559 ) ) ;
#1601 = DIRECTION ( 'NONE',  ( -1.000000000000000000, 0.000000000000000000, 0.000000000000000000 ) ) ;
#1602 = CARTESIAN_POINT ( 'NONE',  ( -0.1000000000000000472, -3.500000000000000000, 0.2500000000000000000 ) ) ;
#1603 = SURFACE_STYLE_USAGE ( .BOTH. , #1196 ) ;
#1604 = FACE_OUTER_BOUND ( 'NONE', #169, .T. ) ;
#1605 = ORIENTED_EDGE ( 'NONE', *, *, #1647, .F. ) ;
#1606 = CARTESIAN_POINT ( 'NONE',  ( 0.000000000000000000, 0.000000000000000000, 0.000000000000000000 ) ) ;
#1607 = EDGE_LOOP ( 'NONE', ( #513, #1420, #615, #1301 ) ) ;
#1608 = AXIS2_PLACEMENT_3D ( 'NONE', #1001, #1528, #501 ) ;
#1609 = CARTESIAN_POINT ( 'NONE',  ( 0.3550047850898211954, -4.003676431556288939, 0.2500000000000000000 ) ) ;
#1610 = VECTOR ( 'NONE', #841, 1000.000000000000000 ) ;
#1611 = STYLED_ITEM ( 'NONE', ( #202 ), #755 ) ;
#1612 =( NAMED_UNIT ( * ) SI_UNIT ( $, .STERADIAN. ) SOLID_ANGLE_UNIT ( ) );
#1613 = AXIS2_PLACEMENT_3D ( 'NONE', #875, #642, #1416 ) ;
#1614 = ORIENTED_EDGE ( 'NONE', *, *, #815, .T. ) ;
#1615 = CLOSED_SHELL ( 'NONE', ( #14, #1405, #292, #163, #398, #8, #1155, #1160, #640, #1532, #1138, #763, #401, #512, #1150, #873, #1414, #1289, #274, #755, #1168, #1269, #392, #1548, #1140, #881, #1021, #403 ) ) ;
#1616 = ORIENTED_EDGE ( 'NONE', *, *, #692, .T. ) ;
#1617 = SURFACE_STYLE_USAGE ( .BOTH. , #1479 ) ;
#1618 = DIRECTION ( 'NONE',  ( -0.000000000000000000, -0.000000000000000000, 1.000000000000000000 ) ) ;
#1619 = ORIENTED_EDGE ( 'NONE', *, *, #584, .F. ) ;
#1620 =( NAMED_UNIT ( * ) SI_UNIT ( $, .STERADIAN. ) SOLID_ANGLE_UNIT ( ) );
#1621 = PRESENTATION_LAYER_ASSIGNMENT (  '', '', ( #256 ) ) ;
#1622 = MECHANICAL_DESIGN_GEOMETRIC_PRESENTATION_REPRESENTATION (  '', ( #477 ), #290 ) ;
#1623 =( NAMED_UNIT ( * ) PLANE_ANGLE_UNIT ( ) SI_UNIT ( $, .RADIAN. ) );
#1624 = LINE ( 'NONE', #949, #917 ) ;
#1625 = CARTESIAN_POINT ( 'NONE',  ( 6.065660735194311926, -5.422960892476885952, 0.2500000000000000000 ) ) ;
#1626 = ORIENTED_EDGE ( 'NONE', *, *, #1314, .T. ) ;
#1627 =( NAMED_UNIT ( * ) PLANE_ANGLE_UNIT ( ) SI_UNIT ( $, .RADIAN. ) );
#1628 =( NAMED_UNIT ( * ) SI_UNIT ( $, .STERADIAN. ) SOLID_ANGLE_UNIT ( ) );
#1629 = CARTESIAN_POINT ( 'NONE',  ( -2.633574012414093612, -3.500000000000000000, -0.2500000000000000000 ) ) ;
#1630 = ORIENTED_EDGE ( 'NONE', *, *, #551, .F. ) ;
#1631 = DIRECTION ( 'NONE',  ( -0.000000000000000000, -0.000000000000000000, -1.000000000000000000 ) ) ;
#1632 =( GEOMETRIC_REPRESENTATION_CONTEXT ( 3 ) GLOBAL_UNCERTAINTY_ASSIGNED_CONTEXT ( ( #644 ) ) GLOBAL_UNIT_ASSIGNED_CONTEXT ( ( #243, #479, #1628 ) ) REPRESENTATION_CONTEXT ( 'NONE', 'WORKASPACE' ) );
#1633 = PRESENTATION_LAYER_ASSIGNMENT (  '', '', ( #337 ) ) ;
#1634 = CARTESIAN_POINT ( 'NONE',  ( -0.3000000000000000444, -0.8373171442171719603, 0.2500000000000000000 ) ) ;
#1635 = CARTESIAN_POINT ( 'NONE',  ( 0.000000000000000000, 0.000000000000000000, 0.2500000000000000000 ) ) ;
#1636 = DIRECTION ( 'NONE',  ( 0.000000000000000000, 0.000000000000000000, 1.000000000000000000 ) ) ;
#1637 = EDGE_LOOP ( 'NONE', ( #1438, #1305, #1034, #1450 ) ) ;
#1638 = CARTESIAN_POINT ( 'NONE',  ( -0.5100000000000001199, 0.000000000000000000, 0.2500000000000000000 ) ) ;
#1639 = PRESENTATION_LAYER_ASSIGNMENT (  '', '', ( #1256 ) ) ;
#1640 =( LENGTH_UNIT ( ) NAMED_UNIT ( * ) SI_UNIT ( .MILLI., .METRE. ) );
#1641 = EDGE_CURVE ( 'NONE', #153, #1525, #437, .T. ) ;
#1642 = VERTEX_POINT ( 'NONE', #973 ) ;
#1643 = ORIENTED_EDGE ( 'NONE', *, *, #1294, .T. ) ;
#1644 = DIRECTION ( 'NONE',  ( 0.000000000000000000, 0.000000000000000000, 1.000000000000000000 ) ) ;
#1645 = LINE ( 'NONE', #66, #1425 ) ;
#1646 = VERTEX_POINT ( 'NONE', #371 ) ;
#1647 = EDGE_CURVE ( 'NONE', #414, #322, #98, .T. ) ;
#1648 = AXIS2_PLACEMENT_3D ( 'NONE', #411, #1005, #1142 ) ;
#1649 = CIRCLE ( 'NONE', #471, 0.5100000000000001199 ) ;
#1650 = APPLICATION_PROTOCOL_DEFINITION ( 'draft international standard', 'automotive_design', 1998, #751 ) ;
#1651 = ORIENTED_EDGE ( 'NONE', *, *, #845, .F. ) ;
#1652 = VERTEX_POINT ( 'NONE', #85 ) ;
#1653 = VERTEX_POINT ( 'NONE', #99 ) ;
#1654 = DIRECTION ( 'NONE',  ( 0.000000000000000000, 0.000000000000000000, 1.000000000000000000 ) ) ;
#1655 = DIRECTION ( 'NONE',  ( 1.000000000000000000, 0.000000000000000000, 0.000000000000000000 ) ) ;
ENDSEC;
END-ISO-10303-21;
